reasoner,repetition,synthetic_users,synthetic_triples,query_id,category,tier,execution_scope,authority,privacy_class,merge_strategy,source_roles,source_count,duration_ms,node_duration_ms_sum,result_count,ask_result,result_digest,status,censored,failed_phase,timeout_seconds,error
rdfs,1,10,721,BASE-Q01,identity_consent,core,authorities,data_owner,confidential,set_union,edge1|edge2|edge3,3,45.208352,102.214108,14,,0c349a47410857bdf39d17fddeb9f2fb1f83945b742ce73aa8d2de39c6956b96,completed,False,,,
rdfs,1,10,721,BASE-Q02,topology,core,authority_key:http://example.org/smartcity#UserB,data_owner,confidential,single,edge2,1,21.03337,21.03337,11,,363f868a57a5e5f601b8d524b05460273fbf45427eb805af595f694133371b51,completed,False,,,
rdfs,1,10,721,BASE-Q03,wellbeing,domain,authorities,data_owner,restricted,set_union,edge1|edge2|edge3,3,19.706445,57.753856,14,,78a62a2fe8a260fee54aa4c92c727ab64a08c27c3ecf06604d077c9bc1bea0c7,completed,False,,,
rdfs,1,10,721,BASE-Q04,decision,core,authority_key:http://example.org/smartcity#UserB,data_owner,confidential,single,edge2,1,22.337352,22.337352,7,,cc222a87554e870ffae43cba023647670c0589b8ec1b4500dd1d797a399c3bf2,completed,False,,,
rdfs,1,10,721,BASE-Q05,wellbeing,domain,authorities,data_owner,restricted,set_union,edge1|edge2|edge3,3,19.975722,57.43906,5,,4b096b851fd9e6935d2e2e6c7bd57464c473db58008af4b34e60338033a84d23,completed,False,,,
rdfs,1,10,721,BASE-Q06,identity_consent,core,cloud,global,internal,single,cloud,1,3.937226,3.937226,10,,f8aebcef3bdb5c68142d34426190fd6a36c4b31394471c9c7602e6c19e67ff84,completed,False,,,
rdfs,1,10,721,BASE-Q07,observability,core,fog,regional,internal,single,fog,1,172.933111,172.933111,10,,86419d85b77be1282bde98480ecfa16f261a06d3180f063da4ea1bb1c119af67,completed,False,,,
rdfs,1,10,721,BASE-Q08,observability,core,fog,regional,internal,single,fog,1,37.448537,37.448537,2,,6527f1e187dfa51f5dc78e109fe2d9fb47aed82a4ec8f897d1dda6ee6850aa0a,completed,False,,,
rdfs,1,10,721,BASE-Q09,wellbeing,domain,authorities,data_owner,restricted,set_union,edge1|edge2|edge3,3,25.437167,70.81063900000001,16,,7654d5623046770904ca4d90b9b66be759205e42c085d06fa9af092a1677a5fb,completed,False,,,
rdfs,1,10,721,BASE-Q10,observability,domain,authorities,data_owner,restricted,set_union,edge1|edge2|edge3,3,29.871796,85.288497,14,,ebfceaa48c74f82d223484d33010433799771f8412f64624d32eeb638d1d53b7,completed,False,,,
rdfs,1,10,721,BASE-Q11,wellbeing,core,authority_key:http://example.org/smartcity#UserA,data_owner,confidential,single,edge1,1,14.541686,14.541686,1,,941d461ce01f2fa52ba95291e46e52524d75bd44e2b938eab7e81404936a8b7c,completed,False,,,
rdfs,1,10,721,BASE-Q12,adaptation,core,authorities,data_owner,confidential,set_union,edge1|edge2|edge3,3,14.742074,43.224202,1,,ddcd6b8cd42f3d2e1f6aa052eeeca5d4423f9db85cdc91915481db3956dfffff,completed,False,,,
rdfs,1,10,721,BASE-Q13,adaptation,core,authorities,data_owner,confidential,set_union,edge1|edge2|edge3,3,18.427926,53.586078,1,,25e56d4be1969d1d6de5386e2c3ff26456f8069edb7847a9dc7e32a9b09c8948,completed,False,,,
rdfs,1,10,721,BASE-Q14,delegation,core,authority_key:http://example.org/smartcity#UserA,data_owner,confidential,single,edge1,1,17.242167,17.242167,1,,dcd8c3258e95549dde016df10cf22183c036214d75d30e686ca7ac2fb5ea3271,completed,False,,,
rdfs,1,10,721,BASE-Q15,identity_consent,core,authorities,data_owner,confidential,set_union,edge1|edge2|edge3,3,12.333186,34.805681,1,,7ac55bded7c8d1294bfcac4ddeb28b5921a8083a19185e216bf5d1c0d62bd370,completed,False,,,
rdfs,1,10,721,BASE-Q16,federation,core,authorities,data_owner,confidential,set_union,edge1|edge2|edge3,3,26.806629,75.030085,3,,550eeca87dc96402bbed090f1737eaacfb6b27d2290401797018cbcf303b8147,completed,False,,,
rdfs,1,10,721,BASE-Q17,context_zones,domain,authorities,data_owner,restricted,set_union,edge1|edge2|edge3,3,17.656003,50.758244000000005,1,,50b7b5a085e0802a1897953a959e0c9ea4c5f943dc26de55b2219ea7deac4b89,completed,False,,,
rdfs,1,10,721,BASE-Q18,context_zones,core,authorities,data_owner,confidential,set_union,edge1|edge2|edge3,3,10.453834,30.928088000000002,1,,200d4d55bb0d8b9374961d2df3fa99d83d8caf54dc79a7784bb84dd44b081eda,completed,False,,,
rdfs,1,10,721,BASE-Q19,decision,core,fog,regional,internal,single,fog,1,34.812963,34.812963,5,,14ff5f393f619913b6627f132ac802eb3d0b2560e5619a0d995e34dac1f39b45,completed,False,,,
rdfs,1,10,721,BASE-Q20,identity_consent,domain,authorities,data_owner,restricted,set_union,edge1|edge2|edge3,3,25.872611,75.402846,14,,aec9decbbbba2e3cd769dad408cb52c99918afe22ae8b88c47458f4f8eb80777,completed,False,,,
rdfs,1,10,721,BASE-Q21,decision,core,authorities,data_owner,confidential,set_union,edge1|edge2|edge3,3,31.315426,84.171532,11,,7fc13e36a90de226eedecbd26ccd453be5ba11798c2c5af4a7d857a15cbb7e1e,completed,False,,,
rdfs,1,10,721,BASE-Q22,adaptation,core,authorities,data_owner,confidential,set_union,edge1|edge2|edge3,3,24.42737,71.342233,3,,70205401426a8e8adbf4220710b3638c6a47af2e7e7264f0b771b1bcbb070e80,completed,False,,,
rdfs,1,10,721,BASE-Q23,topology,core,authorities,data_owner,confidential,set_union,edge1|edge2|edge3,3,21.631797,63.893249999999995,11,,ab28b001dc7dad484970573565561e81101f03147af46054afb9531199409a97,completed,False,,,
rdfs,1,10,721,BASE-Q24,federation,core,authorities,data_owner,confidential,set_union,edge1|edge2|edge3,3,28.961315,80.011311,5,,0d4871d54d4eadbfa110f9223c2a6b641ea8c65326db34ade1288d5eab5ceb54,completed,False,,,
rdfs,1,10,721,BASE-Q25,identity_consent,core,authorities,data_owner,confidential,set_union,edge1|edge2|edge3,3,13.430203,39.029664,1,,4591a69ecb6837fd65b28a9688ad10f0fb7b8ca54c1a6ac395ef142fc831cfbf,completed,False,,,
rdfs,1,10,721,BASE-Q26,observability,core,fog,regional,internal,boolean_or,fog,1,5.932963,5.932963,1,True,35df7182aa6c75e0a1066245f679b81ec9ad05e9964a0684980a466c9cc63ac4,completed,False,,,
rdfs,1,10,721,BASE-Q27,adaptation,core,authorities,data_owner,confidential,boolean_or,edge1|edge2|edge3,3,9.06213,25.790455,1,True,35df7182aa6c75e0a1066245f679b81ec9ad05e9964a0684980a466c9cc63ac4,completed,False,,,
rdfs,1,10,721,BASE-Q28,identity_consent,domain,authorities,data_owner,restricted,boolean_or,edge1|edge2|edge3,3,64.949704,162.579961,0,False,92b91e0dd8f69dcc43f3c56062f944147504cf0d80f20c98005fda34c727fd7e,completed,False,,,
rdfs,1,10,721,BASE-Q29,topology,core,fog,regional,internal,boolean_or,fog,1,14.016666,14.016666,1,True,35df7182aa6c75e0a1066245f679b81ec9ad05e9964a0684980a466c9cc63ac4,completed,False,,,
rdfs,1,10,721,BASE-Q30,federation,core,authorities,data_owner,confidential,boolean_or,edge1|edge2|edge3,3,7.128796,20.743546000000002,1,True,35df7182aa6c75e0a1066245f679b81ec9ad05e9964a0684980a466c9cc63ac4,completed,False,,,
rdfs,1,10,721,BASE-Q31,identity_consent,core,cloud,global,internal,single,cloud,1,3.909966,3.909966,3,,65c3b5d67f22eaac6f974d9923765d1fafcd5514a94da5e0a872b73d08547028,completed,False,,,
rdfs,1,10,721,BASE-Q32,decision,core,fog,regional,internal,single,fog,1,16.192167,16.192167,4,,b91031de6b6257d2428b9195175f3c860291b874d6603c50eb4713a1b65b2628,completed,False,,,
rdfs,1,10,721,BASE-Q33,observability,core,authority_key:http://example.org/smartcity#UserB,data_owner,confidential,single,edge2,1,27.397352,27.397352,6,,c948862aeae8a7991e67a92cdd4493bfbfb9d01ab0d6a6296c3f1f31ee941004,completed,False,,,
rdfs,1,10,721,BASE-Q34,topology,core,fog,regional,internal,single,fog,1,10.785944,10.785944,1,,7c66062f36ae31e8068455da76c0bb4f918e7f6b8ecee7cd8a7946f3b6047884,completed,False,,,
rdfs,1,10,721,BASE-Q35,delegation,core,authorities,data_owner,confidential,set_union,edge1|edge2|edge3,3,180.585856,269.392281,180,,496f817f7c8ccec2b677b93877c2e54259f1052bee3fa9bbc330cf1af1a46630,completed,False,,,
rdfs,1,10,721,EXT-Q01,semantic_schema,core,cloud,global,internal,single,cloud,1,6.486996,6.486996,6,,66d5edbbdc2282624ffec271a4a523a20fdc7331b886d2884edf86a885532bcc,completed,False,,,
rdfs,1,10,721,EXT-Q02,semantic_schema,core,cloud,global,internal,single,cloud,1,4.851631,4.851631,3,,81bea9a8c2d4cf1237d7fb131249cc18ec4ca629eeabaadbd5f0b9b58d3e3333,completed,False,,,
rdfs,1,10,721,EXT-Q03,policy_governance,core,cloud,global,internal,single,cloud,1,15.441043,15.441043,79,,d73ae3d5ddfcd345147bae778101c21ab13194fca3fa92ad08259d39931b66d5,completed,False,,,
rdfs,1,10,721,EXT-Q04,policy_governance,core,cloud,global,internal,single,cloud,1,13.852378,13.852378,55,,fced7e97d29b215a8321753998b7519dc1825dacc4af090c67ffc54bee4479bc,completed,False,,,
rdfs,1,10,721,EXT-Q05,semantic_schema,core,cloud,global,internal,single,cloud,1,17.342831,17.342831,17,,e0fc9190703b6a7b2695ddc448f5c7e54c4feeff2545477c3194ebfd8ccb1f0c,completed,False,,,
rdfs,1,10,721,EXT-Q06,semantic_schema,core,cloud,global,internal,single,cloud,1,3.476982,3.476982,12,,1377568d225cfb45a1899c2ea951adf7ebda5ada4e188dbf5f114110484fa3ae,completed,False,,,
rdfs,1,10,721,EXT-Q07,policy_governance,core,cloud,global,internal,single,cloud,1,9.155309,9.155309,67,,c3cf27e703656fdaa8295f23b31076c1afcb14a5022b1b47538e2961fe033646,completed,False,,,
rdfs,1,10,721,EXT-Q08,policy_governance,core,cloud,global,internal,single,cloud,1,55.713635,55.713635,1089,,cb9e0103c9327f1c4691ec9d7612deebd04c0e73140f23e2a6209bb8af1efc51,completed,False,,,
rdfs,1,10,721,EXT-Q09,policy_governance,core,cloud,global,internal,single,cloud,1,14.103527,14.103527,6,,68de07660e010156bf3f3ea01000180657c8e8fc155ac9a053c3a64dbc538102,completed,False,,,
rdfs,1,10,721,EXT-Q10,policy_governance,core,cloud,global,internal,single,cloud,1,39.481544,39.481544,0,,e3b0c44298fc1c149afbf4c8996fb92427ae41e4649b934ca495991b7852b855,completed,False,,,
rdfs,1,10,721,EXT-Q11,identity_consent,core,authorities,data_owner,confidential,set_union,edge1|edge2|edge3,3,28.819092,79.31769800000001,35,,92ba472a78003ed0a569eac39f1122f2dd582fd6da2e027e514546b71b97a3e7,completed,False,,,
rdfs,1,10,721,EXT-Q12,identity_consent,core,authorities,data_owner,confidential,set_union,edge1|edge2|edge3,3,29.200315,80.084828,38,,177758d5d94ea32b7ef3bef302cf0588e67db1b529a5f4930c73d92b17535bc9,completed,False,,,
rdfs,1,10,721,EXT-Q13,identity_consent,core,authorities,data_owner,confidential,set_union,edge1|edge2|edge3,3,23.971074,68.965213,0,,e3b0c44298fc1c149afbf4c8996fb92427ae41e4649b934ca495991b7852b855,completed,False,,,
rdfs,1,10,721,EXT-Q14,identity_consent,core,authorities,data_owner,confidential,set_union,edge1|edge2|edge3,3,24.111778,68.602436,0,,e3b0c44298fc1c149afbf4c8996fb92427ae41e4649b934ca495991b7852b855,completed,False,,,
rdfs,1,10,721,EXT-Q15,identity_consent,core,authorities,data_owner,confidential,set_union,edge1|edge2|edge3,3,48.044852,138.00589,0,,e3b0c44298fc1c149afbf4c8996fb92427ae41e4649b934ca495991b7852b855,completed,False,,,
rdfs,1,10,721,EXT-Q16,identity_consent,core,authorities,data_owner,confidential,set_union,edge1|edge2|edge3,3,15.288741,44.370648,0,,e3b0c44298fc1c149afbf4c8996fb92427ae41e4649b934ca495991b7852b855,completed,False,,,
rdfs,1,10,721,EXT-Q17,identity_consent,core,authorities,data_owner,confidential,set_union,edge1|edge2|edge3,3,26.079592,70.916213,8,,3071bd3ad9cc1daac2632f317152a64e2d9d9e0d189068465ece1f8c3872334f,completed,False,,,
rdfs,1,10,721,EXT-Q18,identity_consent,core,authorities,data_owner,confidential,set_union,edge1|edge2|edge3,3,29.423222,77.17956699999999,0,,e3b0c44298fc1c149afbf4c8996fb92427ae41e4649b934ca495991b7852b855,completed,False,,,
rdfs,1,10,721,EXT-Q19,identity_consent,core,authorities,data_owner,confidential,set_union,edge1|edge2|edge3,3,39.017815,110.231286,0,,e3b0c44298fc1c149afbf4c8996fb92427ae41e4649b934ca495991b7852b855,completed,False,,,
rdfs,1,10,721,EXT-Q20,identity_consent,core,authorities,data_owner,confidential,set_union,edge1|edge2|edge3,3,13.764593,38.654997,0,,e3b0c44298fc1c149afbf4c8996fb92427ae41e4649b934ca495991b7852b855,completed,False,,,
rdfs,1,10,721,EXT-Q21,identity_consent,core,authorities,data_owner,confidential,set_union,edge1|edge2|edge3,3,23.34087,67.154674,42,,5f5f842f77c77fd4daaf1aeead5ac66f83ba3baa3a0c30af7c9fc75f471e69cc,completed,False,,,
rdfs,1,10,721,EXT-Q22,security_identity,domain,authorities,data_owner,restricted,set_union,edge1|edge2|edge3,3,176.711165,407.096924,0,,e3b0c44298fc1c149afbf4c8996fb92427ae41e4649b934ca495991b7852b855,completed,False,,,
rdfs,1,10,721,EXT-Q23,data_lifecycle,core,authorities,data_owner,confidential,set_union,edge1|edge2|edge3,3,26.345222,72.041029,3,,3955e7b96dea26719774b2d2a200be73c38cf84521f9352a6b96ed1af0a71d7a,completed,False,,,
rdfs,1,10,721,EXT-Q24,data_lifecycle,core,authorities,data_owner,confidential,set_union,edge1|edge2|edge3,3,27.244648,77.767717,12,,a295d0d25f3946521e2044b9c67ada29717febdd873813974fee510e3f4ff52a,completed,False,,,
rdfs,1,10,721,EXT-Q25,data_lifecycle,domain,authorities,data_owner,restricted,set_union,edge1|edge2|edge3,3,189.738185,270.243773,0,,e3b0c44298fc1c149afbf4c8996fb92427ae41e4649b934ca495991b7852b855,completed,False,,,
rdfs,1,10,721,EXT-Q26,security_identity,core,authorities,data_owner,confidential,set_union,edge1|edge2|edge3,3,20.413777,57.96656,14,,301d58db8e53bb19d51a1e9254a246aa00955e4c875a0168453a6d7b25c95df7,completed,False,,,
rdfs,1,10,721,EXT-Q27,security_identity,core,authorities,data_owner,confidential,set_union,edge1|edge2|edge3,3,43.970649,114.70936,0,,e3b0c44298fc1c149afbf4c8996fb92427ae41e4649b934ca495991b7852b855,completed,False,,,
rdfs,1,10,721,EXT-Q28,security_identity,core,authorities,data_owner,confidential,set_union,edge1|edge2|edge3,3,19.598111,57.119079,0,,e3b0c44298fc1c149afbf4c8996fb92427ae41e4649b934ca495991b7852b855,completed,False,,,
rdfs,1,10,721,EXT-Q29,security_identity,core,cloud,global,internal,single,cloud,1,3.063396,3.063396,1,,5e56d4b1c34d01016304a6e8bc0397a3d6e7898ce43942ff1b6aab07b06810f2,completed,False,,,
rdfs,1,10,721,EXT-Q30,security_identity,core,cloud,global,internal,single,cloud,1,2.524637,2.524637,0,,e3b0c44298fc1c149afbf4c8996fb92427ae41e4649b934ca495991b7852b855,completed,False,,,
rdfs,1,10,721,EXT-Q31,data_lifecycle,core,authorities,data_owner,confidential,set_union,edge1|edge2|edge3,3,19.060519,55.200485,0,,e3b0c44298fc1c149afbf4c8996fb92427ae41e4649b934ca495991b7852b855,completed,False,,,
rdfs,1,10,721,EXT-Q32,data_lifecycle,core,authorities,data_owner,confidential,set_union,edge1|edge2|edge3,3,12.316,35.221088,0,,e3b0c44298fc1c149afbf4c8996fb92427ae41e4649b934ca495991b7852b855,completed,False,,,
rdfs,1,10,721,EXT-Q33,data_lifecycle,core,authorities,data_owner,confidential,set_union,edge1|edge2|edge3,3,22.135297,65.90021300000001,0,,e3b0c44298fc1c149afbf4c8996fb92427ae41e4649b934ca495991b7852b855,completed,False,,,
rdfs,1,10,721,EXT-Q34,data_lifecycle,core,authorities,data_owner,confidential,set_union,edge1|edge2|edge3,3,18.533241,54.774504,0,,e3b0c44298fc1c149afbf4c8996fb92427ae41e4649b934ca495991b7852b855,completed,False,,,
rdfs,1,10,721,EXT-Q35,data_lifecycle,core,authorities,data_owner,confidential,set_union,edge1|edge2|edge3,3,16.150778,45.554315,16,,370fabce35bac59c55a67a27d2a800e45de2de8bb73a2ba8a556f0be10f29306,completed,False,,,
rdfs,1,10,721,EXT-Q36,context_zones,core,authority_key:http://example.org/smartcity#UserA,data_owner,confidential,single,edge1,1,20.670963,20.670963,1,,b691a10c930fd32c789bb07f0f1fd7d606e3241b1fbe110ce3bb9c0f5b95cd37,completed,False,,,
rdfs,1,10,721,EXT-Q37,context_zones,domain,authorities,data_owner,restricted,set_union,edge1|edge2|edge3,3,61.563815,179.751204,0,,e3b0c44298fc1c149afbf4c8996fb92427ae41e4649b934ca495991b7852b855,completed,False,,,
rdfs,1,10,721,EXT-Q38,context_zones,domain,authorities,data_owner,restricted,set_union,edge1|edge2|edge3,3,35.254359,104.852747,1,,d0d58146bc80e4e03947b8200631e8b89fdb27ee77b2a31daf4bee1a10c44367,completed,False,,,
rdfs,1,10,721,EXT-Q39,context_zones,core,authority_key:http://example.org/smartcity#UserA,data_owner,confidential,single,edge1,1,15.705389,15.705389,5,,1ca154c8210da56b45e42825f86a318f53dc0325a456648a0db2cbcced59de18,completed,False,,,
rdfs,1,10,721,EXT-Q40,trust,core,fog,regional,internal,single,fog,1,28.286019,28.286019,8,,668e8d3da023436e0b3b53c5f12489c55929c5346903d5c0b7b1b992f823f8df,completed,False,,,
rdfs,1,10,721,EXT-Q41,trust,core,fog,regional,internal,single,fog,1,25.234444,25.234444,0,,e3b0c44298fc1c149afbf4c8996fb92427ae41e4649b934ca495991b7852b855,completed,False,,,
rdfs,1,10,721,EXT-Q42,trust,core,fog,regional,internal,single,fog,1,19.633555,19.633555,5,,a936f8276a646c3f47213c62eb605f825d8fee770920c38f095ae922a5febc96,completed,False,,,
rdfs,1,10,721,EXT-Q43,trust,core,fog,regional,internal,single,fog,1,31.273833,31.273833,8,,b194843fbc8955399d428ae6e4e9bb4101fe20226aa76f0f1491397c8ce797c2,completed,False,,,
rdfs,1,10,721,EXT-Q44,trust,core,authorities,data_owner,confidential,set_union,edge1|edge2|edge3,3,28.547315,67.022209,10,,106b6808e582efd6a78626f18c7807191e7a08ebe629f87847227d80e6ce6f19,completed,False,,,
rdfs,1,10,721,EXT-Q45,trust,core,authorities,data_owner,confidential,set_union,edge1|edge2|edge3,3,46.229074,137.406557,0,,e3b0c44298fc1c149afbf4c8996fb92427ae41e4649b934ca495991b7852b855,completed,False,,,
rdfs,1,10,721,EXT-Q46,decision,core,authorities,data_owner,confidential,set_union,edge1|edge2|edge3,3,38.076685,91.369441,11,,497649f7b7fb5bb312db17c133552fcb5363c177bcdf3a7d4da3f9e09d27ef3a,completed,False,,,
rdfs,1,10,721,EXT-Q47,decision,core,authorities,data_owner,confidential,set_union,edge1|edge2|edge3,3,37.593296,95.376165,0,,e3b0c44298fc1c149afbf4c8996fb92427ae41e4649b934ca495991b7852b855,completed,False,,,
rdfs,1,10,721,EXT-Q48,decision,core,authorities,data_owner,confidential,set_union,edge1|edge2|edge3,3,33.8705,95.36492799999999,0,,e3b0c44298fc1c149afbf4c8996fb92427ae41e4649b934ca495991b7852b855,completed,False,,,
rdfs,1,10,721,EXT-Q49,decision,core,authorities,data_owner,confidential,set_union,edge1|edge2|edge3,3,28.003296,77.932643,8,,61a1a998385e4071933469d06cffd5e2cd092016daefcdce08d2e38a8bf4d078,completed,False,,,
rdfs,1,10,721,EXT-Q50,decision,core,authorities,data_owner,confidential,set_union,edge1|edge2|edge3,3,32.936463,98.472282,0,,e3b0c44298fc1c149afbf4c8996fb92427ae41e4649b934ca495991b7852b855,completed,False,,,
rdfs,1,10,721,EXT-Q51,decision,core,authorities,data_owner,confidential,set_union,edge1|edge2|edge3,3,31.034556,77.15806599999999,32,,d96e9e0968e2bb5a55d9ce98a9e9522d5cb6082d083dcb5d8b65c30d87614d48,completed,False,,,
rdfs,1,10,721,EXT-Q52,decision,core,authorities,data_owner,confidential,set_union,edge1|edge2|edge3,3,29.364796,73.193787,32,,e4cc722951be46789eb75264501a53ba96774192510017491e856efc76f0aa19,completed,False,,,
rdfs,1,10,721,EXT-Q53,decision,core,authorities,data_owner,confidential,set_union,edge1|edge2|edge3,3,50.383852,146.93595,0,,e3b0c44298fc1c149afbf4c8996fb92427ae41e4649b934ca495991b7852b855,completed,False,,,
rdfs,1,10,721,EXT-Q54,decision,domain,authorities,data_owner,restricted,set_union,edge1|edge2|edge3,3,28.671167,80.936422,0,,e3b0c44298fc1c149afbf4c8996fb92427ae41e4649b934ca495991b7852b855,completed,False,,,
rdfs,1,10,721,EXT-Q55,decision,core,authorities,data_owner,confidential,set_union,edge1|edge2|edge3,3,20.84763,59.113449,8,,8c3e48566f94616cee569d9b5812ba30ec566c1adc22c2c92d13749c523df534,completed,False,,,
rdfs,1,10,721,EXT-Q56,decision,core,authorities,data_owner,confidential,set_union,edge1|edge2|edge3,3,49.541611,145.60254,0,,e3b0c44298fc1c149afbf4c8996fb92427ae41e4649b934ca495991b7852b855,completed,False,,,
rdfs,1,10,721,EXT-Q57,decision,core,authorities,data_owner,confidential,set_union,edge1|edge2|edge3,3,20.136297,57.856356,7,,058d2944c03f01a48917edc20c871d5f86e2b184778cd894bf433e94a8ffca12,completed,False,,,
rdfs,1,10,721,EXT-Q58,decision,core,authorities,data_owner,confidential,set_union,edge1|edge2|edge3,3,31.185908,90.465519,7,,5a003716962d1299d69dd1de460f6a48eb40b34fbbb1eeb486379f039621a795,completed,False,,,
rdfs,1,10,721,EXT-Q59,adaptation,core,authorities,data_owner,confidential,set_union,edge1|edge2|edge3,3,67.721482,143.204677,35,,13174fdc62dcf1fb82964d21f2ae1d433999faabd3565ac32b4f7d156d1f54ee,completed,False,,,
rdfs,1,10,721,EXT-Q60,adaptation,core,authorities,data_owner,confidential,set_union,edge1|edge2|edge3,3,27.118463,78.005773,1,,285931564bf116179a45da920fdf958a3347ea1df763213bb7e2afba77c47d16,completed,False,,,
rdfs,1,10,721,EXT-Q61,adaptation,core,authorities,data_owner,confidential,set_union,edge1|edge2|edge3,3,8.349518,23.780416,0,,e3b0c44298fc1c149afbf4c8996fb92427ae41e4649b934ca495991b7852b855,completed,False,,,
rdfs,1,10,721,EXT-Q62,adaptation,core,authorities,data_owner,confidential,set_union,edge1|edge2|edge3,3,22.605518,66.62502599999999,1,,3dafef0eca79c68f05b79939f40198bc13232639d500d3e9875bc263b0f00d4d,completed,False,,,
rdfs,1,10,721,EXT-Q63,delegation,core,authorities,data_owner,confidential,set_union,edge1|edge2|edge3,3,24.874648,71.815232,1,,d4b4c3785ae985658dfc4a4433dd002e5aec5a2321080af4e85474c06a3404f5,completed,False,,,
rdfs,1,10,721,EXT-Q64,delegation,core,authorities,data_owner,confidential,set_union,edge1|edge2|edge3,3,21.351204,61.938748000000004,0,,e3b0c44298fc1c149afbf4c8996fb92427ae41e4649b934ca495991b7852b855,completed,False,,,
rdfs,1,10,721,EXT-Q65,delegation,core,authorities,data_owner,confidential,set_union,edge1|edge2|edge3,3,12.882314,38.185219000000004,0,,e3b0c44298fc1c149afbf4c8996fb92427ae41e4649b934ca495991b7852b855,completed,False,,,
rdfs,1,10,721,EXT-Q66,federation,core,authorities,data_owner,confidential,set_union,edge1|edge2|edge3,3,25.679667,72.404437,2,,1a9af60cfbb87dd79b68021c3d70e1ee6f230e648f1ad6360ef50fffd374b4df,completed,False,,,
rdfs,1,10,721,EXT-Q67,federation,core,authorities,data_owner,confidential,set_union,edge1|edge2|edge3,3,39.709741,116.261899,0,,e3b0c44298fc1c149afbf4c8996fb92427ae41e4649b934ca495991b7852b855,completed,False,,,
rdfs,1,10,721,EXT-Q68,federation,core,authorities,data_owner,confidential,set_union,edge1|edge2|edge3,3,25.481055,73.752973,0,,e3b0c44298fc1c149afbf4c8996fb92427ae41e4649b934ca495991b7852b855,completed,False,,,
rdfs,1,10,721,EXT-Q69,federation,core,authorities,data_owner,confidential,set_union,edge1|edge2|edge3,3,28.655704,81.821552,2,,8271d93912e320b11a3ca6d70e5061d5132abb26053b022198090871531d61eb,completed,False,,,
rdfs,1,10,721,EXT-Q70,audit_temporal,core,authorities,data_owner,confidential,set_union,edge1|edge2|edge3,3,109.232722,179.577061,204,,01824916f48e90d6c6df066f2950c4d8a2e2d6f71ba4af556d43e8921ae41930,completed,False,,,
rdfs,1,10,721,EXT-Q71,audit_temporal,core,authorities,data_owner,confidential,set_union,edge1|edge2|edge3,3,41.852556,110.303451,0,,e3b0c44298fc1c149afbf4c8996fb92427ae41e4649b934ca495991b7852b855,completed,False,,,
rdfs,1,10,721,EXT-Q72,audit_temporal,core,authorities,data_owner,confidential,set_union,edge1|edge2|edge3,3,201.771574,258.89349799999997,0,,e3b0c44298fc1c149afbf4c8996fb92427ae41e4649b934ca495991b7852b855,completed,False,,,
rdfs,1,10,721,EXT-Q73,audit_temporal,core,authorities,data_owner,confidential,set_union,edge1|edge2|edge3,3,78.2175,184.791901,200,,46d1ef95936a63e101a14f7b06eb1eba304a1f4094308a8f63c177807c777af5,completed,False,,,
rdfs,1,10,721,EXT-Q74,audit_temporal,core,authorities,data_owner,confidential,set_union,edge1|edge2|edge3,3,117.581666,286.464419,0,,e3b0c44298fc1c149afbf4c8996fb92427ae41e4649b934ca495991b7852b855,completed,False,,,
rdfs,1,10,721,EXT-Q75,validation,core,cloud,global,internal,single,cloud,1,17.14368,17.14368,74,,8dd432df42d733f2411b2aebc51682848ddadc97425c41088f0a99090f77f1c0,completed,False,,,
rdfs,1,10,721,EXT-Q76,validation,core,cloud,global,internal,single,cloud,1,4.907142,4.907142,9,,50bf3d3f7f446e045722279f6d243ecc804cd2cf73b381d9c89f530b567855ea,completed,False,,,
rdfs,1,10,721,EXT-Q77,validation,core,cloud,global,internal,single,cloud,1,8.912857,8.912857,6,,ba52fb52449a77784e328f0aaa19807ddd9156c7457ea722a8af2f2082dce9ad,completed,False,,,
rdfs,1,10,721,EXT-Q78,policy_governance,core,cloud,global,internal,single,cloud,1,66.88152,66.88152,37,,dc49d089c1cfb621b31177ad5794c8ca7638f40689eba56af4f4ea2a38c683f1,completed,False,,,
rdfs,1,10,721,EXT-Q79,policy_governance,core,cloud,global,internal,single,cloud,1,10.037651,10.037651,0,,e3b0c44298fc1c149afbf4c8996fb92427ae41e4649b934ca495991b7852b855,completed,False,,,
rdfs,1,10,721,EXT-Q80,validation,core,cloud,global,internal,single,cloud,1,45.479498,45.479498,13,,7b81a06628b0ed47983abd578c902f47906271bc5a38f63144daa74510daf865,completed,False,,,
rdfs,2,10,721,BASE-Q01,identity_consent,core,authorities,data_owner,confidential,set_union,edge1|edge2|edge3,3,159.859588,217.935069,14,,0c349a47410857bdf39d17fddeb9f2fb1f83945b742ce73aa8d2de39c6956b96,completed,False,,,
rdfs,2,10,721,BASE-Q02,topology,core,authority_key:http://example.org/smartcity#UserB,data_owner,confidential,single,edge2,1,21.585,21.585,11,,363f868a57a5e5f601b8d524b05460273fbf45427eb805af595f694133371b51,completed,False,,,
rdfs,2,10,721,BASE-Q03,wellbeing,domain,authorities,data_owner,restricted,set_union,edge1|edge2|edge3,3,19.570982,56.891245999999995,14,,78a62a2fe8a260fee54aa4c92c727ab64a08c27c3ecf06604d077c9bc1bea0c7,completed,False,,,
rdfs,2,10,721,BASE-Q04,decision,core,authority_key:http://example.org/smartcity#UserB,data_owner,confidential,single,edge2,1,21.788,21.788,7,,cc222a87554e870ffae43cba023647670c0589b8ec1b4500dd1d797a399c3bf2,completed,False,,,
rdfs,2,10,721,BASE-Q05,wellbeing,domain,authorities,data_owner,restricted,set_union,edge1|edge2|edge3,3,19.62837,56.721633,5,,4b096b851fd9e6935d2e2e6c7bd57464c473db58008af4b34e60338033a84d23,completed,False,,,
rdfs,2,10,721,BASE-Q06,identity_consent,core,cloud,global,internal,single,cloud,1,3.852635,3.852635,10,,f8aebcef3bdb5c68142d34426190fd6a36c4b31394471c9c7602e6c19e67ff84,completed,False,,,
rdfs,2,10,721,BASE-Q07,observability,core,fog,regional,internal,single,fog,1,35.566037,35.566037,10,,86419d85b77be1282bde98480ecfa16f261a06d3180f063da4ea1bb1c119af67,completed,False,,,
rdfs,2,10,721,BASE-Q08,observability,core,fog,regional,internal,single,fog,1,37.725704,37.725704,2,,6527f1e187dfa51f5dc78e109fe2d9fb47aed82a4ec8f897d1dda6ee6850aa0a,completed,False,,,
rdfs,2,10,721,BASE-Q09,wellbeing,domain,authorities,data_owner,restricted,set_union,edge1|edge2|edge3,3,25.161407,71.187954,16,,7654d5623046770904ca4d90b9b66be759205e42c085d06fa9af092a1677a5fb,completed,False,,,
rdfs,2,10,721,BASE-Q10,observability,domain,authorities,data_owner,restricted,set_union,edge1|edge2|edge3,3,29.320019,85.655739,14,,ebfceaa48c74f82d223484d33010433799771f8412f64624d32eeb638d1d53b7,completed,False,,,
rdfs,2,10,721,BASE-Q11,wellbeing,core,authority_key:http://example.org/smartcity#UserA,data_owner,confidential,single,edge1,1,14.732352,14.732352,1,,941d461ce01f2fa52ba95291e46e52524d75bd44e2b938eab7e81404936a8b7c,completed,False,,,
rdfs,2,10,721,BASE-Q12,adaptation,core,authorities,data_owner,confidential,set_union,edge1|edge2|edge3,3,14.145314,42.151573,1,,ddcd6b8cd42f3d2e1f6aa052eeeca5d4423f9db85cdc91915481db3956dfffff,completed,False,,,
rdfs,2,10,721,BASE-Q13,adaptation,core,authorities,data_owner,confidential,set_union,edge1|edge2|edge3,3,18.367186,53.722301,1,,25e56d4be1969d1d6de5386e2c3ff26456f8069edb7847a9dc7e32a9b09c8948,completed,False,,,
rdfs,2,10,721,BASE-Q14,delegation,core,authority_key:http://example.org/smartcity#UserA,data_owner,confidential,single,edge1,1,16.746555,16.746555,1,,dcd8c3258e95549dde016df10cf22183c036214d75d30e686ca7ac2fb5ea3271,completed,False,,,
rdfs,2,10,721,BASE-Q15,identity_consent,core,authorities,data_owner,confidential,set_union,edge1|edge2|edge3,3,11.794551,34.732865000000004,1,,7ac55bded7c8d1294bfcac4ddeb28b5921a8083a19185e216bf5d1c0d62bd370,completed,False,,,
rdfs,2,10,721,BASE-Q16,federation,core,authorities,data_owner,confidential,set_union,edge1|edge2|edge3,3,26.560537,76.737791,3,,550eeca87dc96402bbed090f1737eaacfb6b27d2290401797018cbcf303b8147,completed,False,,,
rdfs,2,10,721,BASE-Q17,context_zones,domain,authorities,data_owner,restricted,set_union,edge1|edge2|edge3,3,17.713171,50.228819,1,,50b7b5a085e0802a1897953a959e0c9ea4c5f943dc26de55b2219ea7deac4b89,completed,False,,,
rdfs,2,10,721,BASE-Q18,context_zones,core,authorities,data_owner,confidential,set_union,edge1|edge2|edge3,3,11.005662,31.226458,1,,200d4d55bb0d8b9374961d2df3fa99d83d8caf54dc79a7784bb84dd44b081eda,completed,False,,,
rdfs,2,10,721,BASE-Q19,decision,core,fog,regional,internal,single,fog,1,153.832,153.832,5,,14ff5f393f619913b6627f132ac802eb3d0b2560e5619a0d995e34dac1f39b45,completed,False,,,
rdfs,2,10,721,BASE-Q20,identity_consent,domain,authorities,data_owner,restricted,set_union,edge1|edge2|edge3,3,26.265463,76.351179,14,,aec9decbbbba2e3cd769dad408cb52c99918afe22ae8b88c47458f4f8eb80777,completed,False,,,
rdfs,2,10,721,BASE-Q21,decision,core,authorities,data_owner,confidential,set_union,edge1|edge2|edge3,3,31.315018,84.343421,11,,7fc13e36a90de226eedecbd26ccd453be5ba11798c2c5af4a7d857a15cbb7e1e,completed,False,,,
rdfs,2,10,721,BASE-Q22,adaptation,core,authorities,data_owner,confidential,set_union,edge1|edge2|edge3,3,24.469241,71.453734,3,,70205401426a8e8adbf4220710b3638c6a47af2e7e7264f0b771b1bcbb070e80,completed,False,,,
rdfs,2,10,721,BASE-Q23,topology,core,authorities,data_owner,confidential,set_union,edge1|edge2|edge3,3,22.258389,64.321562,11,,ab28b001dc7dad484970573565561e81101f03147af46054afb9531199409a97,completed,False,,,
rdfs,2,10,721,BASE-Q24,federation,core,authorities,data_owner,confidential,set_union,edge1|edge2|edge3,3,84.385383,139.40786400000002,5,,0d4871d54d4eadbfa110f9223c2a6b641ea8c65326db34ade1288d5eab5ceb54,completed,False,,,
rdfs,2,10,721,BASE-Q25,identity_consent,core,authorities,data_owner,confidential,set_union,edge1|edge2|edge3,3,13.968259,40.287182,1,,4591a69ecb6837fd65b28a9688ad10f0fb7b8ca54c1a6ac395ef142fc831cfbf,completed,False,,,
rdfs,2,10,721,BASE-Q26,observability,core,fog,regional,internal,boolean_or,fog,1,6.122759,6.122759,1,True,35df7182aa6c75e0a1066245f679b81ec9ad05e9964a0684980a466c9cc63ac4,completed,False,,,
rdfs,2,10,721,BASE-Q27,adaptation,core,authorities,data_owner,confidential,boolean_or,edge1|edge2|edge3,3,8.716389,25.670862999999997,1,True,35df7182aa6c75e0a1066245f679b81ec9ad05e9964a0684980a466c9cc63ac4,completed,False,,,
rdfs,2,10,721,BASE-Q28,identity_consent,domain,authorities,data_owner,restricted,boolean_or,edge1|edge2|edge3,3,185.941296,272.04146099999997,0,False,92b91e0dd8f69dcc43f3c56062f944147504cf0d80f20c98005fda34c727fd7e,completed,False,,,
rdfs,2,10,721,BASE-Q29,topology,core,fog,regional,internal,boolean_or,fog,1,14.120723,14.120723,1,True,35df7182aa6c75e0a1066245f679b81ec9ad05e9964a0684980a466c9cc63ac4,completed,False,,,
rdfs,2,10,721,BASE-Q30,federation,core,authorities,data_owner,confidential,boolean_or,edge1|edge2|edge3,3,6.535231,19.306767999999998,1,True,35df7182aa6c75e0a1066245f679b81ec9ad05e9964a0684980a466c9cc63ac4,completed,False,,,
rdfs,2,10,721,BASE-Q31,identity_consent,core,cloud,global,internal,single,cloud,1,3.85851,3.85851,3,,65c3b5d67f22eaac6f974d9923765d1fafcd5514a94da5e0a872b73d08547028,completed,False,,,
rdfs,2,10,721,BASE-Q32,decision,core,fog,regional,internal,single,fog,1,16.263203,16.263203,4,,b91031de6b6257d2428b9195175f3c860291b874d6603c50eb4713a1b65b2628,completed,False,,,
rdfs,2,10,721,BASE-Q33,observability,core,authority_key:http://example.org/smartcity#UserB,data_owner,confidential,single,edge2,1,23.403241,23.403241,6,,c948862aeae8a7991e67a92cdd4493bfbfb9d01ab0d6a6296c3f1f31ee941004,completed,False,,,
rdfs,2,10,721,BASE-Q34,topology,core,fog,regional,internal,single,fog,1,11.888722,11.888722,1,,7c66062f36ae31e8068455da76c0bb4f918e7f6b8ecee7cd8a7946f3b6047884,completed,False,,,
rdfs,2,10,721,BASE-Q35,delegation,core,authorities,data_owner,confidential,set_union,edge1|edge2|edge3,3,57.499593,115.134368,180,,496f817f7c8ccec2b677b93877c2e54259f1052bee3fa9bbc330cf1af1a46630,completed,False,,,
rdfs,2,10,721,EXT-Q01,semantic_schema,core,cloud,global,internal,single,cloud,1,7.893767,7.893767,6,,66d5edbbdc2282624ffec271a4a523a20fdc7331b886d2884edf86a885532bcc,completed,False,,,
rdfs,2,10,721,EXT-Q02,semantic_schema,core,cloud,global,internal,single,cloud,1,4.789818,4.789818,3,,81bea9a8c2d4cf1237d7fb131249cc18ec4ca629eeabaadbd5f0b9b58d3e3333,completed,False,,,
rdfs,2,10,721,EXT-Q03,policy_governance,core,cloud,global,internal,single,cloud,1,15.802934,15.802934,79,,d73ae3d5ddfcd345147bae778101c21ab13194fca3fa92ad08259d39931b66d5,completed,False,,,
rdfs,2,10,721,EXT-Q04,policy_governance,core,cloud,global,internal,single,cloud,1,13.689713,13.689713,55,,fced7e97d29b215a8321753998b7519dc1825dacc4af090c67ffc54bee4479bc,completed,False,,,
rdfs,2,10,721,EXT-Q05,semantic_schema,core,cloud,global,internal,single,cloud,1,17.109082,17.109082,17,,e0fc9190703b6a7b2695ddc448f5c7e54c4feeff2545477c3194ebfd8ccb1f0c,completed,False,,,
rdfs,2,10,721,EXT-Q06,semantic_schema,core,cloud,global,internal,single,cloud,1,39.201789,39.201789,12,,1377568d225cfb45a1899c2ea951adf7ebda5ada4e188dbf5f114110484fa3ae,completed,False,,,
rdfs,2,10,721,EXT-Q07,policy_governance,core,cloud,global,internal,single,cloud,1,9.018772,9.018772,67,,c3cf27e703656fdaa8295f23b31076c1afcb14a5022b1b47538e2961fe033646,completed,False,,,
rdfs,2,10,721,EXT-Q08,policy_governance,core,cloud,global,internal,single,cloud,1,55.440589,55.440589,1089,,cb9e0103c9327f1c4691ec9d7612deebd04c0e73140f23e2a6209bb8af1efc51,completed,False,,,
rdfs,2,10,721,EXT-Q09,policy_governance,core,cloud,global,internal,single,cloud,1,14.022666,14.022666,6,,68de07660e010156bf3f3ea01000180657c8e8fc155ac9a053c3a64dbc538102,completed,False,,,
rdfs,2,10,721,EXT-Q10,policy_governance,core,cloud,global,internal,single,cloud,1,38.854922,38.854922,0,,e3b0c44298fc1c149afbf4c8996fb92427ae41e4649b934ca495991b7852b855,completed,False,,,
rdfs,2,10,721,EXT-Q11,identity_consent,core,authorities,data_owner,confidential,set_union,edge1|edge2|edge3,3,28.995982,79.258904,35,,92ba472a78003ed0a569eac39f1122f2dd582fd6da2e027e514546b71b97a3e7,completed,False,,,
rdfs,2,10,721,EXT-Q12,identity_consent,core,authorities,data_owner,confidential,set_union,edge1|edge2|edge3,3,29.696093,79.740531,38,,177758d5d94ea32b7ef3bef302cf0588e67db1b529a5f4930c73d92b17535bc9,completed,False,,,
rdfs,2,10,721,EXT-Q13,identity_consent,core,authorities,data_owner,confidential,set_union,edge1|edge2|edge3,3,24.496333,68.86684199999999,0,,e3b0c44298fc1c149afbf4c8996fb92427ae41e4649b934ca495991b7852b855,completed,False,,,
rdfs,2,10,721,EXT-Q14,identity_consent,core,authorities,data_owner,confidential,set_union,edge1|edge2|edge3,3,24.019704,69.108083,0,,e3b0c44298fc1c149afbf4c8996fb92427ae41e4649b934ca495991b7852b855,completed,False,,,
rdfs,2,10,721,EXT-Q15,identity_consent,core,authorities,data_owner,confidential,set_union,edge1|edge2|edge3,3,48.236722,137.121833,0,,e3b0c44298fc1c149afbf4c8996fb92427ae41e4649b934ca495991b7852b855,completed,False,,,
rdfs,2,10,721,EXT-Q16,identity_consent,core,authorities,data_owner,confidential,set_union,edge1|edge2|edge3,3,15.330797,44.790593,0,,e3b0c44298fc1c149afbf4c8996fb92427ae41e4649b934ca495991b7852b855,completed,False,,,
rdfs,2,10,721,EXT-Q17,identity_consent,core,authorities,data_owner,confidential,set_union,edge1|edge2|edge3,3,26.683685,70.859917,8,,3071bd3ad9cc1daac2632f317152a64e2d9d9e0d189068465ece1f8c3872334f,completed,False,,,
rdfs,2,10,721,EXT-Q18,identity_consent,core,authorities,data_owner,confidential,set_union,edge1|edge2|edge3,3,29.426907,77.761437,0,,e3b0c44298fc1c149afbf4c8996fb92427ae41e4649b934ca495991b7852b855,completed,False,,,
rdfs,2,10,721,EXT-Q19,identity_consent,core,authorities,data_owner,confidential,set_union,edge1|edge2|edge3,3,38.763278,111.78173100000001,0,,e3b0c44298fc1c149afbf4c8996fb92427ae41e4649b934ca495991b7852b855,completed,False,,,
rdfs,2,10,721,EXT-Q20,identity_consent,core,authorities,data_owner,confidential,set_union,edge1|edge2|edge3,3,12.970204,37.978164,0,,e3b0c44298fc1c149afbf4c8996fb92427ae41e4649b934ca495991b7852b855,completed,False,,,
rdfs,2,10,721,EXT-Q21,identity_consent,core,authorities,data_owner,confidential,set_union,edge1|edge2|edge3,3,23.081778,66.921453,42,,5f5f842f77c77fd4daaf1aeead5ac66f83ba3baa3a0c30af7c9fc75f471e69cc,completed,False,,,
rdfs,2,10,721,EXT-Q22,security_identity,domain,authorities,data_owner,restricted,set_union,edge1|edge2|edge3,3,194.573315,426.727418,0,,e3b0c44298fc1c149afbf4c8996fb92427ae41e4649b934ca495991b7852b855,completed,False,,,
rdfs,2,10,721,EXT-Q23,data_lifecycle,core,authorities,data_owner,confidential,set_union,edge1|edge2|edge3,3,26.029167,72.733864,3,,3955e7b96dea26719774b2d2a200be73c38cf84521f9352a6b96ed1af0a71d7a,completed,False,,,
rdfs,2,10,721,EXT-Q24,data_lifecycle,core,authorities,data_owner,confidential,set_union,edge1|edge2|edge3,3,26.970314,76.37639899999999,12,,a295d0d25f3946521e2044b9c67ada29717febdd873813974fee510e3f4ff52a,completed,False,,,
rdfs,2,10,721,EXT-Q25,data_lifecycle,domain,authorities,data_owner,restricted,set_union,edge1|edge2|edge3,3,43.327815,123.323272,0,,e3b0c44298fc1c149afbf4c8996fb92427ae41e4649b934ca495991b7852b855,completed,False,,,
rdfs,2,10,721,EXT-Q26,security_identity,core,authorities,data_owner,confidential,set_union,edge1|edge2|edge3,3,20.323926,59.257839000000004,14,,301d58db8e53bb19d51a1e9254a246aa00955e4c875a0168453a6d7b25c95df7,completed,False,,,
rdfs,2,10,721,EXT-Q27,security_identity,core,authorities,data_owner,confidential,set_union,edge1|edge2|edge3,3,198.309555,279.178693,0,,e3b0c44298fc1c149afbf4c8996fb92427ae41e4649b934ca495991b7852b855,completed,False,,,
rdfs,2,10,721,EXT-Q28,security_identity,core,authorities,data_owner,confidential,set_union,edge1|edge2|edge3,3,20.113352,56.888357,0,,e3b0c44298fc1c149afbf4c8996fb92427ae41e4649b934ca495991b7852b855,completed,False,,,
rdfs,2,10,721,EXT-Q29,security_identity,core,cloud,global,internal,single,cloud,1,3.830203,3.830203,1,,5e56d4b1c34d01016304a6e8bc0397a3d6e7898ce43942ff1b6aab07b06810f2,completed,False,,,
rdfs,2,10,721,EXT-Q30,security_identity,core,cloud,global,internal,single,cloud,1,2.685408,2.685408,0,,e3b0c44298fc1c149afbf4c8996fb92427ae41e4649b934ca495991b7852b855,completed,False,,,
rdfs,2,10,721,EXT-Q31,data_lifecycle,core,authorities,data_owner,confidential,set_union,edge1|edge2|edge3,3,18.368208,54.115615,0,,e3b0c44298fc1c149afbf4c8996fb92427ae41e4649b934ca495991b7852b855,completed,False,,,
rdfs,2,10,721,EXT-Q32,data_lifecycle,core,authorities,data_owner,confidential,set_union,edge1|edge2|edge3,3,11.233199,33.411773,0,,e3b0c44298fc1c149afbf4c8996fb92427ae41e4649b934ca495991b7852b855,completed,False,,,
rdfs,2,10,721,EXT-Q33,data_lifecycle,core,authorities,data_owner,confidential,set_union,edge1|edge2|edge3,3,21.994166,65.049211,0,,e3b0c44298fc1c149afbf4c8996fb92427ae41e4649b934ca495991b7852b855,completed,False,,,
rdfs,2,10,721,EXT-Q34,data_lifecycle,core,authorities,data_owner,confidential,set_union,edge1|edge2|edge3,3,18.560167,55.146412,0,,e3b0c44298fc1c149afbf4c8996fb92427ae41e4649b934ca495991b7852b855,completed,False,,,
rdfs,2,10,721,EXT-Q35,data_lifecycle,core,authorities,data_owner,confidential,set_union,edge1|edge2|edge3,3,15.963,45.036759,16,,370fabce35bac59c55a67a27d2a800e45de2de8bb73a2ba8a556f0be10f29306,completed,False,,,
rdfs,2,10,721,EXT-Q36,context_zones,core,authority_key:http://example.org/smartcity#UserA,data_owner,confidential,single,edge1,1,20.884148,20.884148,1,,b691a10c930fd32c789bb07f0f1fd7d606e3241b1fbe110ce3bb9c0f5b95cd37,completed,False,,,
rdfs,2,10,721,EXT-Q37,context_zones,domain,authorities,data_owner,restricted,set_union,edge1|edge2|edge3,3,61.367241,178.979332,0,,e3b0c44298fc1c149afbf4c8996fb92427ae41e4649b934ca495991b7852b855,completed,False,,,
rdfs,2,10,721,EXT-Q38,context_zones,domain,authorities,data_owner,restricted,set_union,edge1|edge2|edge3,3,35.182766,104.025654,1,,d0d58146bc80e4e03947b8200631e8b89fdb27ee77b2a31daf4bee1a10c44367,completed,False,,,
rdfs,2,10,721,EXT-Q39,context_zones,core,authority_key:http://example.org/smartcity#UserA,data_owner,confidential,single,edge1,1,15.692296,15.692296,5,,1ca154c8210da56b45e42825f86a318f53dc0325a456648a0db2cbcced59de18,completed,False,,,
rdfs,2,10,721,EXT-Q40,trust,core,fog,regional,internal,single,fog,1,28.629111,28.629111,8,,668e8d3da023436e0b3b53c5f12489c55929c5346903d5c0b7b1b992f823f8df,completed,False,,,
rdfs,2,10,721,EXT-Q41,trust,core,fog,regional,internal,single,fog,1,24.575093,24.575093,0,,e3b0c44298fc1c149afbf4c8996fb92427ae41e4649b934ca495991b7852b855,completed,False,,,
rdfs,2,10,721,EXT-Q42,trust,core,fog,regional,internal,single,fog,1,20.32526,20.32526,5,,a936f8276a646c3f47213c62eb605f825d8fee770920c38f095ae922a5febc96,completed,False,,,
rdfs,2,10,721,EXT-Q43,trust,core,fog,regional,internal,single,fog,1,31.435111,31.435111,8,,b194843fbc8955399d428ae6e4e9bb4101fe20226aa76f0f1491397c8ce797c2,completed,False,,,
rdfs,2,10,721,EXT-Q44,trust,core,authorities,data_owner,confidential,set_union,edge1|edge2|edge3,3,28.684648,67.531136,10,,106b6808e582efd6a78626f18c7807191e7a08ebe629f87847227d80e6ce6f19,completed,False,,,
rdfs,2,10,721,EXT-Q45,trust,core,authorities,data_owner,confidential,set_union,edge1|edge2|edge3,3,45.736796,136.497853,0,,e3b0c44298fc1c149afbf4c8996fb92427ae41e4649b934ca495991b7852b855,completed,False,,,
rdfs,2,10,721,EXT-Q46,decision,core,authorities,data_owner,confidential,set_union,edge1|edge2|edge3,3,38.459555,93.056998,11,,497649f7b7fb5bb312db17c133552fcb5363c177bcdf3a7d4da3f9e09d27ef3a,completed,False,,,
rdfs,2,10,721,EXT-Q47,decision,core,authorities,data_owner,confidential,set_union,edge1|edge2|edge3,3,37.881222,96.511128,0,,e3b0c44298fc1c149afbf4c8996fb92427ae41e4649b934ca495991b7852b855,completed,False,,,
rdfs,2,10,721,EXT-Q48,decision,core,authorities,data_owner,confidential,set_union,edge1|edge2|edge3,3,34.066204,96.810947,0,,e3b0c44298fc1c149afbf4c8996fb92427ae41e4649b934ca495991b7852b855,completed,False,,,
rdfs,2,10,721,EXT-Q49,decision,core,authorities,data_owner,confidential,set_union,edge1|edge2|edge3,3,27.949167,78.159883,8,,61a1a998385e4071933469d06cffd5e2cd092016daefcdce08d2e38a8bf4d078,completed,False,,,
rdfs,2,10,721,EXT-Q50,decision,core,authorities,data_owner,confidential,set_union,edge1|edge2|edge3,3,32.836629,98.109429,0,,e3b0c44298fc1c149afbf4c8996fb92427ae41e4649b934ca495991b7852b855,completed,False,,,
rdfs,2,10,721,EXT-Q51,decision,core,authorities,data_owner,confidential,set_union,edge1|edge2|edge3,3,31.677741,77.653955,32,,d96e9e0968e2bb5a55d9ce98a9e9522d5cb6082d083dcb5d8b65c30d87614d48,completed,False,,,
rdfs,2,10,721,EXT-Q52,decision,core,authorities,data_owner,confidential,set_union,edge1|edge2|edge3,3,29.481371,72.641638,32,,e4cc722951be46789eb75264501a53ba96774192510017491e856efc76f0aa19,completed,False,,,
rdfs,2,10,721,EXT-Q53,decision,core,authorities,data_owner,confidential,set_union,edge1|edge2|edge3,3,50.576092,145.553633,0,,e3b0c44298fc1c149afbf4c8996fb92427ae41e4649b934ca495991b7852b855,completed,False,,,
rdfs,2,10,721,EXT-Q54,decision,domain,authorities,data_owner,restricted,set_union,edge1|edge2|edge3,3,29.805352,82.017867,0,,e3b0c44298fc1c149afbf4c8996fb92427ae41e4649b934ca495991b7852b855,completed,False,,,
rdfs,2,10,721,EXT-Q55,decision,core,authorities,data_owner,confidential,set_union,edge1|edge2|edge3,3,21.917352,59.639505,8,,8c3e48566f94616cee569d9b5812ba30ec566c1adc22c2c92d13749c523df534,completed,False,,,
rdfs,2,10,721,EXT-Q56,decision,core,authorities,data_owner,confidential,set_union,edge1|edge2|edge3,3,49.188704,145.519246,0,,e3b0c44298fc1c149afbf4c8996fb92427ae41e4649b934ca495991b7852b855,completed,False,,,
rdfs,2,10,721,EXT-Q57,decision,core,authorities,data_owner,confidential,set_union,edge1|edge2|edge3,3,19.142259,55.847541,7,,058d2944c03f01a48917edc20c871d5f86e2b184778cd894bf433e94a8ffca12,completed,False,,,
rdfs,2,10,721,EXT-Q58,decision,core,authorities,data_owner,confidential,set_union,edge1|edge2|edge3,3,30.022019,87.543777,7,,5a003716962d1299d69dd1de460f6a48eb40b34fbbb1eeb486379f039621a795,completed,False,,,
rdfs,2,10,721,EXT-Q59,adaptation,core,authorities,data_owner,confidential,set_union,edge1|edge2|edge3,3,67.079593,142.357178,35,,13174fdc62dcf1fb82964d21f2ae1d433999faabd3565ac32b4f7d156d1f54ee,completed,False,,,
rdfs,2,10,721,EXT-Q60,adaptation,core,authorities,data_owner,confidential,set_union,edge1|edge2|edge3,3,26.97887,77.368957,1,,285931564bf116179a45da920fdf958a3347ea1df763213bb7e2afba77c47d16,completed,False,,,
rdfs,2,10,721,EXT-Q61,adaptation,core,authorities,data_owner,confidential,set_union,edge1|edge2|edge3,3,8.009222,23.470435,0,,e3b0c44298fc1c149afbf4c8996fb92427ae41e4649b934ca495991b7852b855,completed,False,,,
rdfs,2,10,721,EXT-Q62,adaptation,core,authorities,data_owner,confidential,set_union,edge1|edge2|edge3,3,23.160778,66.308769,1,,3dafef0eca79c68f05b79939f40198bc13232639d500d3e9875bc263b0f00d4d,completed,False,,,
rdfs,2,10,721,EXT-Q63,delegation,core,authorities,data_owner,confidential,set_union,edge1|edge2|edge3,3,24.846518,72.439067,1,,d4b4c3785ae985658dfc4a4433dd002e5aec5a2321080af4e85474c06a3404f5,completed,False,,,
rdfs,2,10,721,EXT-Q64,delegation,core,authorities,data_owner,confidential,set_union,edge1|edge2|edge3,3,21.224741,61.649878,0,,e3b0c44298fc1c149afbf4c8996fb92427ae41e4649b934ca495991b7852b855,completed,False,,,
rdfs,2,10,721,EXT-Q65,delegation,core,authorities,data_owner,confidential,set_union,edge1|edge2|edge3,3,12.870667,38.551997,0,,e3b0c44298fc1c149afbf4c8996fb92427ae41e4649b934ca495991b7852b855,completed,False,,,
rdfs,2,10,721,EXT-Q66,federation,core,authorities,data_owner,confidential,set_union,edge1|edge2|edge3,3,26.042926,73.943826,2,,1a9af60cfbb87dd79b68021c3d70e1ee6f230e648f1ad6360ef50fffd374b4df,completed,False,,,
rdfs,2,10,721,EXT-Q67,federation,core,authorities,data_owner,confidential,set_union,edge1|edge2|edge3,3,39.589075,116.61018,0,,e3b0c44298fc1c149afbf4c8996fb92427ae41e4649b934ca495991b7852b855,completed,False,,,
rdfs,2,10,721,EXT-Q68,federation,core,authorities,data_owner,confidential,set_union,edge1|edge2|edge3,3,25.601884,74.704143,0,,e3b0c44298fc1c149afbf4c8996fb92427ae41e4649b934ca495991b7852b855,completed,False,,,
rdfs,2,10,721,EXT-Q69,federation,core,authorities,data_owner,confidential,set_union,edge1|edge2|edge3,3,28.194796,81.199514,2,,8271d93912e320b11a3ca6d70e5061d5132abb26053b022198090871531d61eb,completed,False,,,
rdfs,2,10,721,EXT-Q70,audit_temporal,core,authorities,data_owner,confidential,set_union,edge1|edge2|edge3,3,109.652944,181.117117,204,,01824916f48e90d6c6df066f2950c4d8a2e2d6f71ba4af556d43e8921ae41930,completed,False,,,
rdfs,2,10,721,EXT-Q71,audit_temporal,core,authorities,data_owner,confidential,set_union,edge1|edge2|edge3,3,42.140111,110.72424699999999,0,,e3b0c44298fc1c149afbf4c8996fb92427ae41e4649b934ca495991b7852b855,completed,False,,,
rdfs,2,10,721,EXT-Q72,audit_temporal,core,authorities,data_owner,confidential,set_union,edge1|edge2|edge3,3,29.029296,80.975106,0,,e3b0c44298fc1c149afbf4c8996fb92427ae41e4649b934ca495991b7852b855,completed,False,,,
rdfs,2,10,721,EXT-Q73,audit_temporal,core,authorities,data_owner,confidential,set_union,edge1|edge2|edge3,3,78.391852,184.743605,200,,46d1ef95936a63e101a14f7b06eb1eba304a1f4094308a8f63c177807c777af5,completed,False,,,
rdfs,2,10,721,EXT-Q74,audit_temporal,core,authorities,data_owner,confidential,set_union,edge1|edge2|edge3,3,121.879611,292.245496,0,,e3b0c44298fc1c149afbf4c8996fb92427ae41e4649b934ca495991b7852b855,completed,False,,,
rdfs,2,10,721,EXT-Q75,validation,core,cloud,global,internal,single,cloud,1,17.808273,17.808273,74,,8dd432df42d733f2411b2aebc51682848ddadc97425c41088f0a99090f77f1c0,completed,False,,,
rdfs,2,10,721,EXT-Q76,validation,core,cloud,global,internal,single,cloud,1,4.802562,4.802562,9,,50bf3d3f7f446e045722279f6d243ecc804cd2cf73b381d9c89f530b567855ea,completed,False,,,
rdfs,2,10,721,EXT-Q77,validation,core,cloud,global,internal,single,cloud,1,8.789096,8.789096,6,,ba52fb52449a77784e328f0aaa19807ddd9156c7457ea722a8af2f2082dce9ad,completed,False,,,
rdfs,2,10,721,EXT-Q78,policy_governance,core,cloud,global,internal,single,cloud,1,13.411539,13.411539,37,,dc49d089c1cfb621b31177ad5794c8ca7638f40689eba56af4f4ea2a38c683f1,completed,False,,,
rdfs,2,10,721,EXT-Q79,policy_governance,core,cloud,global,internal,single,cloud,1,10.149124,10.149124,0,,e3b0c44298fc1c149afbf4c8996fb92427ae41e4649b934ca495991b7852b855,completed,False,,,
rdfs,2,10,721,EXT-Q80,validation,core,cloud,global,internal,single,cloud,1,52.680363,52.680363,13,,7b81a06628b0ed47983abd578c902f47906271bc5a38f63144daa74510daf865,completed,False,,,
rdfs,3,10,721,BASE-Q01,identity_consent,core,authorities,data_owner,confidential,set_union,edge1|edge2|edge3,3,29.64187,84.500867,14,,0c349a47410857bdf39d17fddeb9f2fb1f83945b742ce73aa8d2de39c6956b96,completed,False,,,
rdfs,3,10,721,BASE-Q02,topology,core,authority_key:http://example.org/smartcity#UserB,data_owner,confidential,single,edge2,1,21.128148,21.128148,11,,363f868a57a5e5f601b8d524b05460273fbf45427eb805af595f694133371b51,completed,False,,,
rdfs,3,10,721,BASE-Q03,wellbeing,domain,authorities,data_owner,restricted,set_union,edge1|edge2|edge3,3,20.102555,57.336541,14,,78a62a2fe8a260fee54aa4c92c727ab64a08c27c3ecf06604d077c9bc1bea0c7,completed,False,,,
rdfs,3,10,721,BASE-Q04,decision,core,authority_key:http://example.org/smartcity#UserB,data_owner,confidential,single,edge2,1,21.853,21.853,7,,cc222a87554e870ffae43cba023647670c0589b8ec1b4500dd1d797a399c3bf2,completed,False,,,
rdfs,3,10,721,BASE-Q05,wellbeing,domain,authorities,data_owner,restricted,set_union,edge1|edge2|edge3,3,19.564167,55.526301000000004,5,,4b096b851fd9e6935d2e2e6c7bd57464c473db58008af4b34e60338033a84d23,completed,False,,,
rdfs,3,10,721,BASE-Q06,identity_consent,core,cloud,global,internal,single,cloud,1,3.886592,3.886592,10,,f8aebcef3bdb5c68142d34426190fd6a36c4b31394471c9c7602e6c19e67ff84,completed,False,,,
rdfs,3,10,721,BASE-Q07,observability,core,fog,regional,internal,single,fog,1,36.286981,36.286981,10,,86419d85b77be1282bde98480ecfa16f261a06d3180f063da4ea1bb1c119af67,completed,False,,,
rdfs,3,10,721,BASE-Q08,observability,core,fog,regional,internal,single,fog,1,37.167148,37.167148,2,,6527f1e187dfa51f5dc78e109fe2d9fb47aed82a4ec8f897d1dda6ee6850aa0a,completed,False,,,
rdfs,3,10,721,BASE-Q09,wellbeing,domain,authorities,data_owner,restricted,set_union,edge1|edge2|edge3,3,24.632111,70.969196,16,,7654d5623046770904ca4d90b9b66be759205e42c085d06fa9af092a1677a5fb,completed,False,,,
rdfs,3,10,721,BASE-Q10,observability,domain,authorities,data_owner,restricted,set_union,edge1|edge2|edge3,3,29.286259,85.94322,14,,ebfceaa48c74f82d223484d33010433799771f8412f64624d32eeb638d1d53b7,completed,False,,,
rdfs,3,10,721,BASE-Q11,wellbeing,core,authority_key:http://example.org/smartcity#UserA,data_owner,confidential,single,edge1,1,15.011444,15.011444,1,,941d461ce01f2fa52ba95291e46e52524d75bd44e2b938eab7e81404936a8b7c,completed,False,,,
rdfs,3,10,721,BASE-Q12,adaptation,core,authorities,data_owner,confidential,set_union,edge1|edge2|edge3,3,14.104574,41.744554,1,,ddcd6b8cd42f3d2e1f6aa052eeeca5d4423f9db85cdc91915481db3956dfffff,completed,False,,,
rdfs,3,10,721,BASE-Q13,adaptation,core,authorities,data_owner,confidential,set_union,edge1|edge2|edge3,3,18.918408,54.552559,1,,25e56d4be1969d1d6de5386e2c3ff26456f8069edb7847a9dc7e32a9b09c8948,completed,False,,,
rdfs,3,10,721,BASE-Q14,delegation,core,authority_key:http://example.org/smartcity#UserA,data_owner,confidential,single,edge1,1,16.86163,16.86163,1,,dcd8c3258e95549dde016df10cf22183c036214d75d30e686ca7ac2fb5ea3271,completed,False,,,
rdfs,3,10,721,BASE-Q15,identity_consent,core,authorities,data_owner,confidential,set_union,edge1|edge2|edge3,3,11.892852,34.976792,1,,7ac55bded7c8d1294bfcac4ddeb28b5921a8083a19185e216bf5d1c0d62bd370,completed,False,,,
rdfs,3,10,721,BASE-Q16,federation,core,authorities,data_owner,confidential,set_union,edge1|edge2|edge3,3,26.310574,74.909475,3,,550eeca87dc96402bbed090f1737eaacfb6b27d2290401797018cbcf303b8147,completed,False,,,
rdfs,3,10,721,BASE-Q17,context_zones,domain,authorities,data_owner,restricted,set_union,edge1|edge2|edge3,3,17.551633,50.566965999999994,1,,50b7b5a085e0802a1897953a959e0c9ea4c5f943dc26de55b2219ea7deac4b89,completed,False,,,
rdfs,3,10,721,BASE-Q18,context_zones,core,authorities,data_owner,confidential,set_union,edge1|edge2|edge3,3,10.698408,30.549532,1,,200d4d55bb0d8b9374961d2df3fa99d83d8caf54dc79a7784bb84dd44b081eda,completed,False,,,
rdfs,3,10,721,BASE-Q19,decision,core,fog,regional,internal,single,fog,1,34.095759,34.095759,5,,14ff5f393f619913b6627f132ac802eb3d0b2560e5619a0d995e34dac1f39b45,completed,False,,,
rdfs,3,10,721,BASE-Q20,identity_consent,domain,authorities,data_owner,restricted,set_union,edge1|edge2|edge3,3,26.366963,76.032846,14,,aec9decbbbba2e3cd769dad408cb52c99918afe22ae8b88c47458f4f8eb80777,completed,False,,,
rdfs,3,10,721,BASE-Q21,decision,core,authorities,data_owner,confidential,set_union,edge1|edge2|edge3,3,32.883518,85.87123700000001,11,,7fc13e36a90de226eedecbd26ccd453be5ba11798c2c5af4a7d857a15cbb7e1e,completed,False,,,
rdfs,3,10,721,BASE-Q22,adaptation,core,authorities,data_owner,confidential,set_union,edge1|edge2|edge3,3,23.992945,71.38447500000001,3,,70205401426a8e8adbf4220710b3638c6a47af2e7e7264f0b771b1bcbb070e80,completed,False,,,
rdfs,3,10,721,BASE-Q23,topology,core,authorities,data_owner,confidential,set_union,edge1|edge2|edge3,3,21.736241,63.801563,11,,ab28b001dc7dad484970573565561e81101f03147af46054afb9531199409a97,completed,False,,,
rdfs,3,10,721,BASE-Q24,federation,core,authorities,data_owner,confidential,set_union,edge1|edge2|edge3,3,30.18613,81.981625,5,,0d4871d54d4eadbfa110f9223c2a6b641ea8c65326db34ade1288d5eab5ceb54,completed,False,,,
rdfs,3,10,721,BASE-Q25,identity_consent,core,authorities,data_owner,confidential,set_union,edge1|edge2|edge3,3,13.53187,39.411664,1,,4591a69ecb6837fd65b28a9688ad10f0fb7b8ca54c1a6ac395ef142fc831cfbf,completed,False,,,
rdfs,3,10,721,BASE-Q26,observability,core,fog,regional,internal,boolean_or,fog,1,5.905555,5.905555,1,True,35df7182aa6c75e0a1066245f679b81ec9ad05e9964a0684980a466c9cc63ac4,completed,False,,,
rdfs,3,10,721,BASE-Q27,adaptation,core,authorities,data_owner,confidential,boolean_or,edge1|edge2|edge3,3,8.440056,25.220565999999998,1,True,35df7182aa6c75e0a1066245f679b81ec9ad05e9964a0684980a466c9cc63ac4,completed,False,,,
rdfs,3,10,721,BASE-Q28,identity_consent,domain,authorities,data_owner,restricted,boolean_or,edge1|edge2|edge3,3,202.657093,299.782702,0,False,92b91e0dd8f69dcc43f3c56062f944147504cf0d80f20c98005fda34c727fd7e,completed,False,,,
rdfs,3,10,721,BASE-Q29,topology,core,fog,regional,internal,boolean_or,fog,1,14.587759,14.587759,1,True,35df7182aa6c75e0a1066245f679b81ec9ad05e9964a0684980a466c9cc63ac4,completed,False,,,
rdfs,3,10,721,BASE-Q30,federation,core,authorities,data_owner,confidential,boolean_or,edge1|edge2|edge3,3,7.077713,20.17825,1,True,35df7182aa6c75e0a1066245f679b81ec9ad05e9964a0684980a466c9cc63ac4,completed,False,,,
rdfs,3,10,721,BASE-Q31,identity_consent,core,cloud,global,internal,single,cloud,1,3.742321,3.742321,3,,65c3b5d67f22eaac6f974d9923765d1fafcd5514a94da5e0a872b73d08547028,completed,False,,,
rdfs,3,10,721,BASE-Q32,decision,core,fog,regional,internal,single,fog,1,16.651574,16.651574,4,,b91031de6b6257d2428b9195175f3c860291b874d6603c50eb4713a1b65b2628,completed,False,,,
rdfs,3,10,721,BASE-Q33,observability,core,authority_key:http://example.org/smartcity#UserB,data_owner,confidential,single,edge2,1,22.885963,22.885963,6,,c948862aeae8a7991e67a92cdd4493bfbfb9d01ab0d6a6296c3f1f31ee941004,completed,False,,,
rdfs,3,10,721,BASE-Q34,topology,core,fog,regional,internal,single,fog,1,10.661463,10.661463,1,,7c66062f36ae31e8068455da76c0bb4f918e7f6b8ecee7cd8a7946f3b6047884,completed,False,,,
rdfs,3,10,721,BASE-Q35,delegation,core,authorities,data_owner,confidential,set_union,edge1|edge2|edge3,3,57.078,115.518887,180,,496f817f7c8ccec2b677b93877c2e54259f1052bee3fa9bbc330cf1af1a46630,completed,False,,,
rdfs,3,10,721,EXT-Q01,semantic_schema,core,cloud,global,internal,single,cloud,1,6.45215,6.45215,6,,66d5edbbdc2282624ffec271a4a523a20fdc7331b886d2884edf86a885532bcc,completed,False,,,
rdfs,3,10,721,EXT-Q02,semantic_schema,core,cloud,global,internal,single,cloud,1,4.892853,4.892853,3,,81bea9a8c2d4cf1237d7fb131249cc18ec4ca629eeabaadbd5f0b9b58d3e3333,completed,False,,,
rdfs,3,10,721,EXT-Q03,policy_governance,core,cloud,global,internal,single,cloud,1,65.750671,65.750671,79,,d73ae3d5ddfcd345147bae778101c21ab13194fca3fa92ad08259d39931b66d5,completed,False,,,
rdfs,3,10,721,EXT-Q04,policy_governance,core,cloud,global,internal,single,cloud,1,13.989962,13.989962,55,,fced7e97d29b215a8321753998b7519dc1825dacc4af090c67ffc54bee4479bc,completed,False,,,
rdfs,3,10,721,EXT-Q05,semantic_schema,core,cloud,global,internal,single,cloud,1,16.811755,16.811755,17,,e0fc9190703b6a7b2695ddc448f5c7e54c4feeff2545477c3194ebfd8ccb1f0c,completed,False,,,
rdfs,3,10,721,EXT-Q06,semantic_schema,core,cloud,global,internal,single,cloud,1,3.429202,3.429202,12,,1377568d225cfb45a1899c2ea951adf7ebda5ada4e188dbf5f114110484fa3ae,completed,False,,,
rdfs,3,10,721,EXT-Q07,policy_governance,core,cloud,global,internal,single,cloud,1,8.98539,8.98539,67,,c3cf27e703656fdaa8295f23b31076c1afcb14a5022b1b47538e2961fe033646,completed,False,,,
rdfs,3,10,721,EXT-Q08,policy_governance,core,cloud,global,internal,single,cloud,1,54.679701,54.679701,1089,,cb9e0103c9327f1c4691ec9d7612deebd04c0e73140f23e2a6209bb8af1efc51,completed,False,,,
rdfs,3,10,721,EXT-Q09,policy_governance,core,cloud,global,internal,single,cloud,1,13.874927,13.874927,6,,68de07660e010156bf3f3ea01000180657c8e8fc155ac9a053c3a64dbc538102,completed,False,,,
rdfs,3,10,721,EXT-Q10,policy_governance,core,cloud,global,internal,single,cloud,1,38.528456,38.528456,0,,e3b0c44298fc1c149afbf4c8996fb92427ae41e4649b934ca495991b7852b855,completed,False,,,
rdfs,3,10,721,EXT-Q11,identity_consent,core,authorities,data_owner,confidential,set_union,edge1|edge2|edge3,3,28.467277,78.834124,35,,92ba472a78003ed0a569eac39f1122f2dd582fd6da2e027e514546b71b97a3e7,completed,False,,,
rdfs,3,10,721,EXT-Q12,identity_consent,core,authorities,data_owner,confidential,set_union,edge1|edge2|edge3,3,29.377666,81.943738,38,,177758d5d94ea32b7ef3bef302cf0588e67db1b529a5f4930c73d92b17535bc9,completed,False,,,
rdfs,3,10,721,EXT-Q13,identity_consent,core,authorities,data_owner,confidential,set_union,edge1|edge2|edge3,3,24.333629,70.25363999999999,0,,e3b0c44298fc1c149afbf4c8996fb92427ae41e4649b934ca495991b7852b855,completed,False,,,
rdfs,3,10,721,EXT-Q14,identity_consent,core,authorities,data_owner,confidential,set_union,edge1|edge2|edge3,3,23.932908,70.111085,0,,e3b0c44298fc1c149afbf4c8996fb92427ae41e4649b934ca495991b7852b855,completed,False,,,
rdfs,3,10,721,EXT-Q15,identity_consent,core,authorities,data_owner,confidential,set_union,edge1|edge2|edge3,3,48.171,137.608427,0,,e3b0c44298fc1c149afbf4c8996fb92427ae41e4649b934ca495991b7852b855,completed,False,,,
rdfs,3,10,721,EXT-Q16,identity_consent,core,authorities,data_owner,confidential,set_union,edge1|edge2|edge3,3,15.309093,44.403667,0,,e3b0c44298fc1c149afbf4c8996fb92427ae41e4649b934ca495991b7852b855,completed,False,,,
rdfs,3,10,721,EXT-Q17,identity_consent,core,authorities,data_owner,confidential,set_union,edge1|edge2|edge3,3,26.813203,71.04163700000001,8,,3071bd3ad9cc1daac2632f317152a64e2d9d9e0d189068465ece1f8c3872334f,completed,False,,,
rdfs,3,10,721,EXT-Q18,identity_consent,core,authorities,data_owner,confidential,set_union,edge1|edge2|edge3,3,28.706296,76.3994,0,,e3b0c44298fc1c149afbf4c8996fb92427ae41e4649b934ca495991b7852b855,completed,False,,,
rdfs,3,10,721,EXT-Q19,identity_consent,core,authorities,data_owner,confidential,set_union,edge1|edge2|edge3,3,39.056425,110.445636,0,,e3b0c44298fc1c149afbf4c8996fb92427ae41e4649b934ca495991b7852b855,completed,False,,,
rdfs,3,10,721,EXT-Q20,identity_consent,core,authorities,data_owner,confidential,set_union,edge1|edge2|edge3,3,13.021612,37.543127,0,,e3b0c44298fc1c149afbf4c8996fb92427ae41e4649b934ca495991b7852b855,completed,False,,,
rdfs,3,10,721,EXT-Q21,identity_consent,core,authorities,data_owner,confidential,set_union,edge1|edge2|edge3,3,23.143166,66.720119,42,,5f5f842f77c77fd4daaf1aeead5ac66f83ba3baa3a0c30af7c9fc75f471e69cc,completed,False,,,
rdfs,3,10,721,EXT-Q22,security_identity,domain,authorities,data_owner,restricted,set_union,edge1|edge2|edge3,3,197.837426,507.099455,0,,e3b0c44298fc1c149afbf4c8996fb92427ae41e4649b934ca495991b7852b855,completed,False,,,
rdfs,3,10,721,EXT-Q23,data_lifecycle,core,authorities,data_owner,confidential,set_union,edge1|edge2|edge3,3,27.485296,75.577991,3,,3955e7b96dea26719774b2d2a200be73c38cf84521f9352a6b96ed1af0a71d7a,completed,False,,,
rdfs,3,10,721,EXT-Q24,data_lifecycle,core,authorities,data_owner,confidential,set_union,edge1|edge2|edge3,3,27.30126,77.42284699999999,12,,a295d0d25f3946521e2044b9c67ada29717febdd873813974fee510e3f4ff52a,completed,False,,,
rdfs,3,10,721,EXT-Q25,data_lifecycle,domain,authorities,data_owner,restricted,set_union,edge1|edge2|edge3,3,43.653481,123.337272,0,,e3b0c44298fc1c149afbf4c8996fb92427ae41e4649b934ca495991b7852b855,completed,False,,,
rdfs,3,10,721,EXT-Q26,security_identity,core,authorities,data_owner,confidential,set_union,edge1|edge2|edge3,3,20.011944,57.380022,14,,301d58db8e53bb19d51a1e9254a246aa00955e4c875a0168453a6d7b25c95df7,completed,False,,,
rdfs,3,10,721,EXT-Q27,security_identity,core,authorities,data_owner,confidential,set_union,edge1|edge2|edge3,3,43.433759,113.901322,0,,e3b0c44298fc1c149afbf4c8996fb92427ae41e4649b934ca495991b7852b855,completed,False,,,
rdfs,3,10,721,EXT-Q28,security_identity,core,authorities,data_owner,confidential,set_union,edge1|edge2|edge3,3,19.101056,57.126247,0,,e3b0c44298fc1c149afbf4c8996fb92427ae41e4649b934ca495991b7852b855,completed,False,,,
rdfs,3,10,721,EXT-Q29,security_identity,core,cloud,global,internal,single,cloud,1,3.241536,3.241536,1,,5e56d4b1c34d01016304a6e8bc0397a3d6e7898ce43942ff1b6aab07b06810f2,completed,False,,,
rdfs,3,10,721,EXT-Q30,security_identity,core,cloud,global,internal,single,cloud,1,2.598272,2.598272,0,,e3b0c44298fc1c149afbf4c8996fb92427ae41e4649b934ca495991b7852b855,completed,False,,,
rdfs,3,10,721,EXT-Q31,data_lifecycle,core,authorities,data_owner,confidential,set_union,edge1|edge2|edge3,3,18.245129,54.189744000000005,0,,e3b0c44298fc1c149afbf4c8996fb92427ae41e4649b934ca495991b7852b855,completed,False,,,
rdfs,3,10,721,EXT-Q32,data_lifecycle,core,authorities,data_owner,confidential,set_union,edge1|edge2|edge3,3,10.956148,32.723513,0,,e3b0c44298fc1c149afbf4c8996fb92427ae41e4649b934ca495991b7852b855,completed,False,,,
rdfs,3,10,721,EXT-Q33,data_lifecycle,core,authorities,data_owner,confidential,set_union,edge1|edge2|edge3,3,21.754352,64.887509,0,,e3b0c44298fc1c149afbf4c8996fb92427ae41e4649b934ca495991b7852b855,completed,False,,,
rdfs,3,10,721,EXT-Q34,data_lifecycle,core,authorities,data_owner,confidential,set_union,edge1|edge2|edge3,3,159.339833,197.087765,0,,e3b0c44298fc1c149afbf4c8996fb92427ae41e4649b934ca495991b7852b855,completed,False,,,
rdfs,3,10,721,EXT-Q35,data_lifecycle,core,authorities,data_owner,confidential,set_union,edge1|edge2|edge3,3,15.999907,45.410704,16,,370fabce35bac59c55a67a27d2a800e45de2de8bb73a2ba8a556f0be10f29306,completed,False,,,
rdfs,3,10,721,EXT-Q36,context_zones,core,authority_key:http://example.org/smartcity#UserA,data_owner,confidential,single,edge1,1,20.627685,20.627685,1,,b691a10c930fd32c789bb07f0f1fd7d606e3241b1fbe110ce3bb9c0f5b95cd37,completed,False,,,
rdfs,3,10,721,EXT-Q37,context_zones,domain,authorities,data_owner,restricted,set_union,edge1|edge2|edge3,3,61.008593,179.848963,0,,e3b0c44298fc1c149afbf4c8996fb92427ae41e4649b934ca495991b7852b855,completed,False,,,
rdfs,3,10,721,EXT-Q38,context_zones,domain,authorities,data_owner,restricted,set_union,edge1|edge2|edge3,3,34.99858,104.400414,1,,d0d58146bc80e4e03947b8200631e8b89fdb27ee77b2a31daf4bee1a10c44367,completed,False,,,
rdfs,3,10,721,EXT-Q39,context_zones,core,authority_key:http://example.org/smartcity#UserA,data_owner,confidential,single,edge1,1,15.125037,15.125037,5,,1ca154c8210da56b45e42825f86a318f53dc0325a456648a0db2cbcced59de18,completed,False,,,
rdfs,3,10,721,EXT-Q40,trust,core,fog,regional,internal,single,fog,1,28.070834,28.070834,8,,668e8d3da023436e0b3b53c5f12489c55929c5346903d5c0b7b1b992f823f8df,completed,False,,,
rdfs,3,10,721,EXT-Q41,trust,core,fog,regional,internal,single,fog,1,24.706833,24.706833,0,,e3b0c44298fc1c149afbf4c8996fb92427ae41e4649b934ca495991b7852b855,completed,False,,,
rdfs,3,10,721,EXT-Q42,trust,core,fog,regional,internal,single,fog,1,20.289241,20.289241,5,,a936f8276a646c3f47213c62eb605f825d8fee770920c38f095ae922a5febc96,completed,False,,,
rdfs,3,10,721,EXT-Q43,trust,core,fog,regional,internal,single,fog,1,32.090093,32.090093,8,,b194843fbc8955399d428ae6e4e9bb4101fe20226aa76f0f1491397c8ce797c2,completed,False,,,
rdfs,3,10,721,EXT-Q44,trust,core,authorities,data_owner,confidential,set_union,edge1|edge2|edge3,3,28.452593,67.390524,10,,106b6808e582efd6a78626f18c7807191e7a08ebe629f87847227d80e6ce6f19,completed,False,,,
rdfs,3,10,721,EXT-Q45,trust,core,authorities,data_owner,confidential,set_union,edge1|edge2|edge3,3,46.589518,137.409722,0,,e3b0c44298fc1c149afbf4c8996fb92427ae41e4649b934ca495991b7852b855,completed,False,,,
rdfs,3,10,721,EXT-Q46,decision,core,authorities,data_owner,confidential,set_union,edge1|edge2|edge3,3,38.577333,91.935126,11,,497649f7b7fb5bb312db17c133552fcb5363c177bcdf3a7d4da3f9e09d27ef3a,completed,False,,,
rdfs,3,10,721,EXT-Q47,decision,core,authorities,data_owner,confidential,set_union,edge1|edge2|edge3,3,37.987167,95.122073,0,,e3b0c44298fc1c149afbf4c8996fb92427ae41e4649b934ca495991b7852b855,completed,False,,,
rdfs,3,10,721,EXT-Q48,decision,core,authorities,data_owner,confidential,set_union,edge1|edge2|edge3,3,34.141314,95.867057,0,,e3b0c44298fc1c149afbf4c8996fb92427ae41e4649b934ca495991b7852b855,completed,False,,,
rdfs,3,10,721,EXT-Q49,decision,core,authorities,data_owner,confidential,set_union,edge1|edge2|edge3,3,28.54187,78.666032,8,,61a1a998385e4071933469d06cffd5e2cd092016daefcdce08d2e38a8bf4d078,completed,False,,,
rdfs,3,10,721,EXT-Q50,decision,core,authorities,data_owner,confidential,set_union,edge1|edge2|edge3,3,34.20687,100.407133,0,,e3b0c44298fc1c149afbf4c8996fb92427ae41e4649b934ca495991b7852b855,completed,False,,,
rdfs,3,10,721,EXT-Q51,decision,core,authorities,data_owner,confidential,set_union,edge1|edge2|edge3,3,31.524167,78.226196,32,,d96e9e0968e2bb5a55d9ce98a9e9522d5cb6082d083dcb5d8b65c30d87614d48,completed,False,,,
rdfs,3,10,721,EXT-Q52,decision,core,authorities,data_owner,confidential,set_union,edge1|edge2|edge3,3,30.178908,74.441082,32,,e4cc722951be46789eb75264501a53ba96774192510017491e856efc76f0aa19,completed,False,,,
rdfs,3,10,721,EXT-Q53,decision,core,authorities,data_owner,confidential,set_union,edge1|edge2|edge3,3,50.674092,145.380596,0,,e3b0c44298fc1c149afbf4c8996fb92427ae41e4649b934ca495991b7852b855,completed,False,,,
rdfs,3,10,721,EXT-Q54,decision,domain,authorities,data_owner,restricted,set_union,edge1|edge2|edge3,3,29.227907,82.392476,0,,e3b0c44298fc1c149afbf4c8996fb92427ae41e4649b934ca495991b7852b855,completed,False,,,
rdfs,3,10,721,EXT-Q55,decision,core,authorities,data_owner,confidential,set_union,edge1|edge2|edge3,3,21.478408,59.87171000000001,8,,8c3e48566f94616cee569d9b5812ba30ec566c1adc22c2c92d13749c523df534,completed,False,,,
rdfs,3,10,721,EXT-Q56,decision,core,authorities,data_owner,confidential,set_union,edge1|edge2|edge3,3,49.380444,144.777078,0,,e3b0c44298fc1c149afbf4c8996fb92427ae41e4649b934ca495991b7852b855,completed,False,,,
rdfs,3,10,721,EXT-Q57,decision,core,authorities,data_owner,confidential,set_union,edge1|edge2|edge3,3,18.647352,55.415448,7,,058d2944c03f01a48917edc20c871d5f86e2b184778cd894bf433e94a8ffca12,completed,False,,,
rdfs,3,10,721,EXT-Q58,decision,core,authorities,data_owner,confidential,set_union,edge1|edge2|edge3,3,29.822056,88.411296,7,,5a003716962d1299d69dd1de460f6a48eb40b34fbbb1eeb486379f039621a795,completed,False,,,
rdfs,3,10,721,EXT-Q59,adaptation,core,authorities,data_owner,confidential,set_union,edge1|edge2|edge3,3,67.12187,142.935472,35,,13174fdc62dcf1fb82964d21f2ae1d433999faabd3565ac32b4f7d156d1f54ee,completed,False,,,
rdfs,3,10,721,EXT-Q60,adaptation,core,authorities,data_owner,confidential,set_union,edge1|edge2|edge3,3,26.883852,78.842422,1,,285931564bf116179a45da920fdf958a3347ea1df763213bb7e2afba77c47d16,completed,False,,,
rdfs,3,10,721,EXT-Q61,adaptation,core,authorities,data_owner,confidential,set_union,edge1|edge2|edge3,3,8.363278,24.490899,0,,e3b0c44298fc1c149afbf4c8996fb92427ae41e4649b934ca495991b7852b855,completed,False,,,
rdfs,3,10,721,EXT-Q62,adaptation,core,authorities,data_owner,confidential,set_union,edge1|edge2|edge3,3,22.929944,66.42799,1,,3dafef0eca79c68f05b79939f40198bc13232639d500d3e9875bc263b0f00d4d,completed,False,,,
rdfs,3,10,721,EXT-Q63,delegation,core,authorities,data_owner,confidential,set_union,edge1|edge2|edge3,3,24.784555,72.125381,1,,d4b4c3785ae985658dfc4a4433dd002e5aec5a2321080af4e85474c06a3404f5,completed,False,,,
rdfs,3,10,721,EXT-Q64,delegation,core,authorities,data_owner,confidential,set_union,edge1|edge2|edge3,3,21.809482,62.205211000000006,0,,e3b0c44298fc1c149afbf4c8996fb92427ae41e4649b934ca495991b7852b855,completed,False,,,
rdfs,3,10,721,EXT-Q65,delegation,core,authorities,data_owner,confidential,set_union,edge1|edge2|edge3,3,12.950018,38.143681,0,,e3b0c44298fc1c149afbf4c8996fb92427ae41e4649b934ca495991b7852b855,completed,False,,,
rdfs,3,10,721,EXT-Q66,federation,core,authorities,data_owner,confidential,set_union,edge1|edge2|edge3,3,25.827871,72.831845,2,,1a9af60cfbb87dd79b68021c3d70e1ee6f230e648f1ad6360ef50fffd374b4df,completed,False,,,
rdfs,3,10,721,EXT-Q67,federation,core,authorities,data_owner,confidential,set_union,edge1|edge2|edge3,3,39.608463,116.197845,0,,e3b0c44298fc1c149afbf4c8996fb92427ae41e4649b934ca495991b7852b855,completed,False,,,
rdfs,3,10,721,EXT-Q68,federation,core,authorities,data_owner,confidential,set_union,edge1|edge2|edge3,3,24.939889,73.317789,0,,e3b0c44298fc1c149afbf4c8996fb92427ae41e4649b934ca495991b7852b855,completed,False,,,
rdfs,3,10,721,EXT-Q69,federation,core,authorities,data_owner,confidential,set_union,edge1|edge2|edge3,3,28.098444,81.364515,2,,8271d93912e320b11a3ca6d70e5061d5132abb26053b022198090871531d61eb,completed,False,,,
rdfs,3,10,721,EXT-Q70,audit_temporal,core,authorities,data_owner,confidential,set_union,edge1|edge2|edge3,3,112.068778,184.297932,204,,01824916f48e90d6c6df066f2950c4d8a2e2d6f71ba4af556d43e8921ae41930,completed,False,,,
rdfs,3,10,721,EXT-Q71,audit_temporal,core,authorities,data_owner,confidential,set_union,edge1|edge2|edge3,3,42.129593,112.49917300000001,0,,e3b0c44298fc1c149afbf4c8996fb92427ae41e4649b934ca495991b7852b855,completed,False,,,
rdfs,3,10,721,EXT-Q72,audit_temporal,core,authorities,data_owner,confidential,set_union,edge1|edge2|edge3,3,29.300111,84.647347,0,,e3b0c44298fc1c149afbf4c8996fb92427ae41e4649b934ca495991b7852b855,completed,False,,,
rdfs,3,10,721,EXT-Q73,audit_temporal,core,authorities,data_owner,confidential,set_union,edge1|edge2|edge3,3,78.07113,184.13880799999998,200,,46d1ef95936a63e101a14f7b06eb1eba304a1f4094308a8f63c177807c777af5,completed,False,,,
rdfs,3,10,721,EXT-Q74,audit_temporal,core,authorities,data_owner,confidential,set_union,edge1|edge2|edge3,3,118.10963,285.60925299999997,0,,e3b0c44298fc1c149afbf4c8996fb92427ae41e4649b934ca495991b7852b855,completed,False,,,
rdfs,3,10,721,EXT-Q75,validation,core,cloud,global,internal,single,cloud,1,17.605248,17.605248,74,,8dd432df42d733f2411b2aebc51682848ddadc97425c41088f0a99090f77f1c0,completed,False,,,
rdfs,3,10,721,EXT-Q76,validation,core,cloud,global,internal,single,cloud,1,4.718638,4.718638,9,,50bf3d3f7f446e045722279f6d243ecc804cd2cf73b381d9c89f530b567855ea,completed,False,,,
rdfs,3,10,721,EXT-Q77,validation,core,cloud,global,internal,single,cloud,1,8.878615,8.878615,6,,ba52fb52449a77784e328f0aaa19807ddd9156c7457ea722a8af2f2082dce9ad,completed,False,,,
rdfs,3,10,721,EXT-Q78,policy_governance,core,cloud,global,internal,single,cloud,1,12.876442,12.876442,37,,dc49d089c1cfb621b31177ad5794c8ca7638f40689eba56af4f4ea2a38c683f1,completed,False,,,
rdfs,3,10,721,EXT-Q79,policy_governance,core,cloud,global,internal,single,cloud,1,10.254265,10.254265,0,,e3b0c44298fc1c149afbf4c8996fb92427ae41e4649b934ca495991b7852b855,completed,False,,,
rdfs,3,10,721,EXT-Q80,validation,core,cloud,global,internal,single,cloud,1,46.88952,46.88952,13,,7b81a06628b0ed47983abd578c902f47906271bc5a38f63144daa74510daf865,completed,False,,,
owlrl,1,10,721,BASE-Q01,identity_consent,core,authorities,data_owner,confidential,set_union,edge1|edge2|edge3,3,28.854907,83.80957000000001,14,,0c349a47410857bdf39d17fddeb9f2fb1f83945b742ce73aa8d2de39c6956b96,completed,False,,,
owlrl,1,10,721,BASE-Q02,topology,core,authority_key:http://example.org/smartcity#UserB,data_owner,confidential,single,edge2,1,22.835333,22.835333,11,,363f868a57a5e5f601b8d524b05460273fbf45427eb805af595f694133371b51,completed,False,,,
owlrl,1,10,721,BASE-Q03,wellbeing,domain,authorities,data_owner,restricted,set_union,edge1|edge2|edge3,3,20.222833,58.748783,14,,78a62a2fe8a260fee54aa4c92c727ab64a08c27c3ecf06604d077c9bc1bea0c7,completed,False,,,
owlrl,1,10,721,BASE-Q04,decision,core,authority_key:http://example.org/smartcity#UserB,data_owner,confidential,single,edge2,1,21.673518,21.673518,7,,cc222a87554e870ffae43cba023647670c0589b8ec1b4500dd1d797a399c3bf2,completed,False,,,
owlrl,1,10,721,BASE-Q05,wellbeing,domain,authorities,data_owner,restricted,set_union,edge1|edge2|edge3,3,20.205389,56.530022,5,,4b096b851fd9e6935d2e2e6c7bd57464c473db58008af4b34e60338033a84d23,completed,False,,,
owlrl,1,10,721,BASE-Q06,identity_consent,core,cloud,global,internal,single,cloud,1,3.99091,3.99091,10,,f8aebcef3bdb5c68142d34426190fd6a36c4b31394471c9c7602e6c19e67ff84,completed,False,,,
owlrl,1,10,721,BASE-Q07,observability,core,fog,regional,internal,single,fog,1,36.056518,36.056518,8,,ca2b51bfcca172872762ed97ca97be2a1dcd2b9c7281006f9eb3bccef56ed28e,completed,False,,,
owlrl,1,10,721,BASE-Q08,observability,core,fog,regional,internal,single,fog,1,37.752685,37.752685,2,,6527f1e187dfa51f5dc78e109fe2d9fb47aed82a4ec8f897d1dda6ee6850aa0a,completed,False,,,
owlrl,1,10,721,BASE-Q09,wellbeing,domain,authorities,data_owner,restricted,set_union,edge1|edge2|edge3,3,25.521352,70.80338,16,,7654d5623046770904ca4d90b9b66be759205e42c085d06fa9af092a1677a5fb,completed,False,,,
owlrl,1,10,721,BASE-Q10,observability,domain,authorities,data_owner,restricted,set_union,edge1|edge2|edge3,3,29.758519,85.506516,14,,ebfceaa48c74f82d223484d33010433799771f8412f64624d32eeb638d1d53b7,completed,False,,,
owlrl,1,10,721,BASE-Q11,wellbeing,core,authority_key:http://example.org/smartcity#UserA,data_owner,confidential,single,edge1,1,14.368074,14.368074,1,,941d461ce01f2fa52ba95291e46e52524d75bd44e2b938eab7e81404936a8b7c,completed,False,,,
owlrl,1,10,721,BASE-Q12,adaptation,core,authorities,data_owner,confidential,set_union,edge1|edge2|edge3,3,13.926834,41.578296,1,,ddcd6b8cd42f3d2e1f6aa052eeeca5d4423f9db85cdc91915481db3956dfffff,completed,False,,,
owlrl,1,10,721,BASE-Q13,adaptation,core,authorities,data_owner,confidential,set_union,edge1|edge2|edge3,3,18.433315,54.086151,1,,25e56d4be1969d1d6de5386e2c3ff26456f8069edb7847a9dc7e32a9b09c8948,completed,False,,,
owlrl,1,10,721,BASE-Q14,delegation,core,authority_key:http://example.org/smartcity#UserA,data_owner,confidential,single,edge1,1,17.270592,17.270592,1,,dcd8c3258e95549dde016df10cf22183c036214d75d30e686ca7ac2fb5ea3271,completed,False,,,
owlrl,1,10,721,BASE-Q15,identity_consent,core,authorities,data_owner,confidential,set_union,edge1|edge2|edge3,3,11.932555,34.556643,1,,7ac55bded7c8d1294bfcac4ddeb28b5921a8083a19185e216bf5d1c0d62bd370,completed,False,,,
owlrl,1,10,721,BASE-Q16,federation,core,authorities,data_owner,confidential,set_union,edge1|edge2|edge3,3,26.663815,74.683105,3,,550eeca87dc96402bbed090f1737eaacfb6b27d2290401797018cbcf303b8147,completed,False,,,
owlrl,1,10,721,BASE-Q17,context_zones,domain,authorities,data_owner,restricted,set_union,edge1|edge2|edge3,3,17.479781,50.146578,1,,50b7b5a085e0802a1897953a959e0c9ea4c5f943dc26de55b2219ea7deac4b89,completed,False,,,
owlrl,1,10,721,BASE-Q18,context_zones,core,authorities,data_owner,confidential,set_union,edge1|edge2|edge3,3,10.647019,30.609012999999997,1,,200d4d55bb0d8b9374961d2df3fa99d83d8caf54dc79a7784bb84dd44b081eda,completed,False,,,
owlrl,1,10,721,BASE-Q19,decision,core,fog,regional,internal,single,fog,1,34.106574,34.106574,5,,14ff5f393f619913b6627f132ac802eb3d0b2560e5619a0d995e34dac1f39b45,completed,False,,,
owlrl,1,10,721,BASE-Q20,identity_consent,domain,authorities,data_owner,restricted,set_union,edge1|edge2|edge3,3,25.841055,76.138809,14,,aec9decbbbba2e3cd769dad408cb52c99918afe22ae8b88c47458f4f8eb80777,completed,False,,,
owlrl,1,10,721,BASE-Q21,decision,core,authorities,data_owner,confidential,set_union,edge1|edge2|edge3,3,31.219537,84.945924,11,,7fc13e36a90de226eedecbd26ccd453be5ba11798c2c5af4a7d857a15cbb7e1e,completed,False,,,
owlrl,1,10,721,BASE-Q22,adaptation,core,authorities,data_owner,confidential,set_union,edge1|edge2|edge3,3,24.409074,71.83814100000001,3,,70205401426a8e8adbf4220710b3638c6a47af2e7e7264f0b771b1bcbb070e80,completed,False,,,
owlrl,1,10,721,BASE-Q23,topology,core,authorities,data_owner,confidential,set_union,edge1|edge2|edge3,3,22.289852,64.819988,11,,ab28b001dc7dad484970573565561e81101f03147af46054afb9531199409a97,completed,False,,,
owlrl,1,10,721,BASE-Q24,federation,core,authorities,data_owner,confidential,set_union,edge1|edge2|edge3,3,29.217777,80.387994,5,,0d4871d54d4eadbfa110f9223c2a6b641ea8c65326db34ade1288d5eab5ceb54,completed,False,,,
owlrl,1,10,721,BASE-Q25,identity_consent,core,authorities,data_owner,confidential,set_union,edge1|edge2|edge3,3,13.628609,40.363331,1,,4591a69ecb6837fd65b28a9688ad10f0fb7b8ca54c1a6ac395ef142fc831cfbf,completed,False,,,
owlrl,1,10,721,BASE-Q26,observability,core,fog,regional,internal,boolean_or,fog,1,6.220925,6.220925,1,True,35df7182aa6c75e0a1066245f679b81ec9ad05e9964a0684980a466c9cc63ac4,completed,False,,,
owlrl,1,10,721,BASE-Q27,adaptation,core,authorities,data_owner,confidential,boolean_or,edge1|edge2|edge3,3,8.814019,25.480196,1,True,35df7182aa6c75e0a1066245f679b81ec9ad05e9964a0684980a466c9cc63ac4,completed,False,,,
owlrl,1,10,721,BASE-Q28,identity_consent,domain,authorities,data_owner,restricted,boolean_or,edge1|edge2|edge3,3,64.196982,149.73540500000001,0,False,92b91e0dd8f69dcc43f3c56062f944147504cf0d80f20c98005fda34c727fd7e,completed,False,,,
owlrl,1,10,721,BASE-Q29,topology,core,fog,regional,internal,boolean_or,fog,1,16.273611,16.273611,1,True,35df7182aa6c75e0a1066245f679b81ec9ad05e9964a0684980a466c9cc63ac4,completed,False,,,
owlrl,1,10,721,BASE-Q30,federation,core,authorities,data_owner,confidential,boolean_or,edge1|edge2|edge3,3,6.665952,19.647748,1,True,35df7182aa6c75e0a1066245f679b81ec9ad05e9964a0684980a466c9cc63ac4,completed,False,,,
owlrl,1,10,721,BASE-Q31,identity_consent,core,cloud,global,internal,single,cloud,1,3.955038,3.955038,3,,65c3b5d67f22eaac6f974d9923765d1fafcd5514a94da5e0a872b73d08547028,completed,False,,,
owlrl,1,10,721,BASE-Q32,decision,core,fog,regional,internal,single,fog,1,16.72876,16.72876,4,,b91031de6b6257d2428b9195175f3c860291b874d6603c50eb4713a1b65b2628,completed,False,,,
owlrl,1,10,721,BASE-Q33,observability,core,authority_key:http://example.org/smartcity#UserB,data_owner,confidential,single,edge2,1,24.078815,24.078815,6,,590b19873c6fa442afdadbc8ed5ebb9588a33006923bfed39c1b6215b8f0bb25,completed,False,,,
owlrl,1,10,721,BASE-Q34,topology,core,fog,regional,internal,single,fog,1,11.170815,11.170815,1,,7c66062f36ae31e8068455da76c0bb4f918e7f6b8ecee7cd8a7946f3b6047884,completed,False,,,
owlrl,1,10,721,BASE-Q35,delegation,core,authorities,data_owner,confidential,set_union,edge1|edge2|edge3,3,57.0615,115.245795,180,,56209ad42eb677718c0bba3e1f9fcee730c2c2912264ceea293e4ef01f23a56f,completed,False,,,
owlrl,1,10,721,EXT-Q01,semantic_schema,core,cloud,global,internal,single,cloud,1,6.515787,6.515787,6,,66d5edbbdc2282624ffec271a4a523a20fdc7331b886d2884edf86a885532bcc,completed,False,,,
owlrl,1,10,721,EXT-Q02,semantic_schema,core,cloud,global,internal,single,cloud,1,4.730215,4.730215,3,,81bea9a8c2d4cf1237d7fb131249cc18ec4ca629eeabaadbd5f0b9b58d3e3333,completed,False,,,
owlrl,1,10,721,EXT-Q03,policy_governance,core,cloud,global,internal,single,cloud,1,15.598474,15.598474,79,,d73ae3d5ddfcd345147bae778101c21ab13194fca3fa92ad08259d39931b66d5,completed,False,,,
owlrl,1,10,721,EXT-Q04,policy_governance,core,cloud,global,internal,single,cloud,1,14.117105,14.117105,55,,fced7e97d29b215a8321753998b7519dc1825dacc4af090c67ffc54bee4479bc,completed,False,,,
owlrl,1,10,721,EXT-Q05,semantic_schema,core,cloud,global,internal,single,cloud,1,17.216017,17.216017,17,,e0fc9190703b6a7b2695ddc448f5c7e54c4feeff2545477c3194ebfd8ccb1f0c,completed,False,,,
owlrl,1,10,721,EXT-Q06,semantic_schema,core,cloud,global,internal,single,cloud,1,3.838626,3.838626,12,,1377568d225cfb45a1899c2ea951adf7ebda5ada4e188dbf5f114110484fa3ae,completed,False,,,
owlrl,1,10,721,EXT-Q07,policy_governance,core,cloud,global,internal,single,cloud,1,9.462275,9.462275,67,,c3cf27e703656fdaa8295f23b31076c1afcb14a5022b1b47538e2961fe033646,completed,False,,,
owlrl,1,10,721,EXT-Q08,policy_governance,core,cloud,global,internal,single,cloud,1,55.321078,55.321078,1089,,cb9e0103c9327f1c4691ec9d7612deebd04c0e73140f23e2a6209bb8af1efc51,completed,False,,,
owlrl,1,10,721,EXT-Q09,policy_governance,core,cloud,global,internal,single,cloud,1,14.736646,14.736646,6,,68de07660e010156bf3f3ea01000180657c8e8fc155ac9a053c3a64dbc538102,completed,False,,,
owlrl,1,10,721,EXT-Q10,policy_governance,core,cloud,global,internal,single,cloud,1,39.13777,39.13777,0,,e3b0c44298fc1c149afbf4c8996fb92427ae41e4649b934ca495991b7852b855,completed,False,,,
owlrl,1,10,721,EXT-Q11,identity_consent,core,authorities,data_owner,confidential,set_union,edge1|edge2|edge3,3,29.112759,79.144273,35,,92ba472a78003ed0a569eac39f1122f2dd582fd6da2e027e514546b71b97a3e7,completed,False,,,
owlrl,1,10,721,EXT-Q12,identity_consent,core,authorities,data_owner,confidential,set_union,edge1|edge2|edge3,3,29.21963,79.500477,38,,177758d5d94ea32b7ef3bef302cf0588e67db1b529a5f4930c73d92b17535bc9,completed,False,,,
owlrl,1,10,721,EXT-Q13,identity_consent,core,authorities,data_owner,confidential,set_union,edge1|edge2|edge3,3,24.007704,68.624547,0,,e3b0c44298fc1c149afbf4c8996fb92427ae41e4649b934ca495991b7852b855,completed,False,,,
owlrl,1,10,721,EXT-Q14,identity_consent,core,authorities,data_owner,confidential,set_union,edge1|edge2|edge3,3,24.083815,69.30864,0,,e3b0c44298fc1c149afbf4c8996fb92427ae41e4649b934ca495991b7852b855,completed,False,,,
owlrl,1,10,721,EXT-Q15,identity_consent,core,authorities,data_owner,confidential,set_union,edge1|edge2|edge3,3,48.212463,137.643686,0,,e3b0c44298fc1c149afbf4c8996fb92427ae41e4649b934ca495991b7852b855,completed,False,,,
owlrl,1,10,721,EXT-Q16,identity_consent,core,authorities,data_owner,confidential,set_union,edge1|edge2|edge3,3,15.289185,44.756203,0,,e3b0c44298fc1c149afbf4c8996fb92427ae41e4649b934ca495991b7852b855,completed,False,,,
owlrl,1,10,721,EXT-Q17,identity_consent,core,authorities,data_owner,confidential,set_union,edge1|edge2|edge3,3,26.204093,70.55714,8,,3071bd3ad9cc1daac2632f317152a64e2d9d9e0d189068465ece1f8c3872334f,completed,False,,,
owlrl,1,10,721,EXT-Q18,identity_consent,core,authorities,data_owner,confidential,set_union,edge1|edge2|edge3,3,29.438277,77.440048,0,,e3b0c44298fc1c149afbf4c8996fb92427ae41e4649b934ca495991b7852b855,completed,False,,,
owlrl,1,10,721,EXT-Q19,identity_consent,core,authorities,data_owner,confidential,set_union,edge1|edge2|edge3,3,39.212278,110.530693,0,,e3b0c44298fc1c149afbf4c8996fb92427ae41e4649b934ca495991b7852b855,completed,False,,,
owlrl,1,10,721,EXT-Q20,identity_consent,core,authorities,data_owner,confidential,set_union,edge1|edge2|edge3,3,13.591037,38.052404,0,,e3b0c44298fc1c149afbf4c8996fb92427ae41e4649b934ca495991b7852b855,completed,False,,,
owlrl,1,10,721,EXT-Q21,identity_consent,core,authorities,data_owner,confidential,set_union,edge1|edge2|edge3,3,24.85774,70.365787,58,,6e6d9e3db6cd7bbb93e0d6feafb155f966b98e945250ca473bf302c2a406fef9,completed,False,,,
owlrl,1,10,721,EXT-Q22,security_identity,domain,authorities,data_owner,restricted,set_union,edge1|edge2|edge3,3,88.372444,254.88630999999998,0,,e3b0c44298fc1c149afbf4c8996fb92427ae41e4649b934ca495991b7852b855,completed,False,,,
owlrl,1,10,721,EXT-Q23,data_lifecycle,core,authorities,data_owner,confidential,set_union,edge1|edge2|edge3,3,26.118463,71.954546,3,,3955e7b96dea26719774b2d2a200be73c38cf84521f9352a6b96ed1af0a71d7a,completed,False,,,
owlrl,1,10,721,EXT-Q24,data_lifecycle,core,authorities,data_owner,confidential,set_union,edge1|edge2|edge3,3,26.869907,76.38129,12,,a295d0d25f3946521e2044b9c67ada29717febdd873813974fee510e3f4ff52a,completed,False,,,
owlrl,1,10,721,EXT-Q25,data_lifecycle,domain,authorities,data_owner,restricted,set_union,edge1|edge2|edge3,3,43.363814,122.91117700000001,0,,e3b0c44298fc1c149afbf4c8996fb92427ae41e4649b934ca495991b7852b855,completed,False,,,
owlrl,1,10,721,EXT-Q26,security_identity,core,authorities,data_owner,confidential,set_union,edge1|edge2|edge3,3,20.275815,58.225115,14,,301d58db8e53bb19d51a1e9254a246aa00955e4c875a0168453a6d7b25c95df7,completed,False,,,
owlrl,1,10,721,EXT-Q27,security_identity,core,authorities,data_owner,confidential,set_union,edge1|edge2|edge3,3,47.769796,118.71123,0,,e3b0c44298fc1c149afbf4c8996fb92427ae41e4649b934ca495991b7852b855,completed,False,,,
owlrl,1,10,721,EXT-Q28,security_identity,core,authorities,data_owner,confidential,set_union,edge1|edge2|edge3,3,19.62437,56.987356,0,,e3b0c44298fc1c149afbf4c8996fb92427ae41e4649b934ca495991b7852b855,completed,False,,,
owlrl,1,10,721,EXT-Q29,security_identity,core,cloud,global,internal,single,cloud,1,3.233195,3.233195,1,,5e56d4b1c34d01016304a6e8bc0397a3d6e7898ce43942ff1b6aab07b06810f2,completed,False,,,
owlrl,1,10,721,EXT-Q30,security_identity,core,cloud,global,internal,single,cloud,1,2.592651,2.592651,0,,e3b0c44298fc1c149afbf4c8996fb92427ae41e4649b934ca495991b7852b855,completed,False,,,
owlrl,1,10,721,EXT-Q31,data_lifecycle,core,authorities,data_owner,confidential,set_union,edge1|edge2|edge3,3,18.756167,54.255004,0,,e3b0c44298fc1c149afbf4c8996fb92427ae41e4649b934ca495991b7852b855,completed,False,,,
owlrl,1,10,721,EXT-Q32,data_lifecycle,core,authorities,data_owner,confidential,set_union,edge1|edge2|edge3,3,11.560667,33.693106,0,,e3b0c44298fc1c149afbf4c8996fb92427ae41e4649b934ca495991b7852b855,completed,False,,,
owlrl,1,10,721,EXT-Q33,data_lifecycle,core,authorities,data_owner,confidential,set_union,edge1|edge2|edge3,3,21.878722,65.542841,0,,e3b0c44298fc1c149afbf4c8996fb92427ae41e4649b934ca495991b7852b855,completed,False,,,
owlrl,1,10,721,EXT-Q34,data_lifecycle,core,authorities,data_owner,confidential,set_union,edge1|edge2|edge3,3,18.572426,55.625967,0,,e3b0c44298fc1c149afbf4c8996fb92427ae41e4649b934ca495991b7852b855,completed,False,,,
owlrl,1,10,721,EXT-Q35,data_lifecycle,core,authorities,data_owner,confidential,set_union,edge1|edge2|edge3,3,15.885111,45.354185,16,,370fabce35bac59c55a67a27d2a800e45de2de8bb73a2ba8a556f0be10f29306,completed,False,,,
owlrl,1,10,721,EXT-Q36,context_zones,core,authority_key:http://example.org/smartcity#UserA,data_owner,confidential,single,edge1,1,20.876574,20.876574,1,,b691a10c930fd32c789bb07f0f1fd7d606e3241b1fbe110ce3bb9c0f5b95cd37,completed,False,,,
owlrl,1,10,721,EXT-Q37,context_zones,domain,authorities,data_owner,restricted,set_union,edge1|edge2|edge3,3,61.751593,179.562573,0,,e3b0c44298fc1c149afbf4c8996fb92427ae41e4649b934ca495991b7852b855,completed,False,,,
owlrl,1,10,721,EXT-Q38,context_zones,domain,authorities,data_owner,restricted,set_union,edge1|edge2|edge3,3,35.108489,104.242359,1,,d0d58146bc80e4e03947b8200631e8b89fdb27ee77b2a31daf4bee1a10c44367,completed,False,,,
owlrl,1,10,721,EXT-Q39,context_zones,core,authority_key:http://example.org/smartcity#UserA,data_owner,confidential,single,edge1,1,15.617333,15.617333,5,,1ca154c8210da56b45e42825f86a318f53dc0325a456648a0db2cbcced59de18,completed,False,,,
owlrl,1,10,721,EXT-Q40,trust,core,fog,regional,internal,single,fog,1,29.077908,29.077908,8,,668e8d3da023436e0b3b53c5f12489c55929c5346903d5c0b7b1b992f823f8df,completed,False,,,
owlrl,1,10,721,EXT-Q41,trust,core,fog,regional,internal,single,fog,1,24.715926,24.715926,0,,e3b0c44298fc1c149afbf4c8996fb92427ae41e4649b934ca495991b7852b855,completed,False,,,
owlrl,1,10,721,EXT-Q42,trust,core,fog,regional,internal,single,fog,1,21.144537,21.144537,5,,a936f8276a646c3f47213c62eb605f825d8fee770920c38f095ae922a5febc96,completed,False,,,
owlrl,1,10,721,EXT-Q43,trust,core,fog,regional,internal,single,fog,1,31.874167,31.874167,8,,b194843fbc8955399d428ae6e4e9bb4101fe20226aa76f0f1491397c8ce797c2,completed,False,,,
owlrl,1,10,721,EXT-Q44,trust,core,authorities,data_owner,confidential,set_union,edge1|edge2|edge3,3,23.569444,62.020412,10,,106b6808e582efd6a78626f18c7807191e7a08ebe629f87847227d80e6ce6f19,completed,False,,,
owlrl,1,10,721,EXT-Q45,trust,core,authorities,data_owner,confidential,set_union,edge1|edge2|edge3,3,46.277185,137.59289,0,,e3b0c44298fc1c149afbf4c8996fb92427ae41e4649b934ca495991b7852b855,completed,False,,,
owlrl,1,10,721,EXT-Q46,decision,core,authorities,data_owner,confidential,set_union,edge1|edge2|edge3,3,32.323611,84.921329,11,,497649f7b7fb5bb312db17c133552fcb5363c177bcdf3a7d4da3f9e09d27ef3a,completed,False,,,
owlrl,1,10,721,EXT-Q47,decision,core,authorities,data_owner,confidential,set_union,edge1|edge2|edge3,3,37.411611,94.896665,0,,e3b0c44298fc1c149afbf4c8996fb92427ae41e4649b934ca495991b7852b855,completed,False,,,
owlrl,1,10,721,EXT-Q48,decision,core,authorities,data_owner,confidential,set_union,edge1|edge2|edge3,3,33.203963,95.232094,0,,e3b0c44298fc1c149afbf4c8996fb92427ae41e4649b934ca495991b7852b855,completed,False,,,
owlrl,1,10,721,EXT-Q49,decision,core,authorities,data_owner,confidential,set_union,edge1|edge2|edge3,3,157.203345,210.51841900000002,8,,61a1a998385e4071933469d06cffd5e2cd092016daefcdce08d2e38a8bf4d078,completed,False,,,
owlrl,1,10,721,EXT-Q50,decision,core,authorities,data_owner,confidential,set_union,edge1|edge2|edge3,3,32.725204,97.72046699999999,0,,e3b0c44298fc1c149afbf4c8996fb92427ae41e4649b934ca495991b7852b855,completed,False,,,
owlrl,1,10,721,EXT-Q51,decision,core,authorities,data_owner,confidential,set_union,edge1|edge2|edge3,3,31.550149,77.800771,32,,d96e9e0968e2bb5a55d9ce98a9e9522d5cb6082d083dcb5d8b65c30d87614d48,completed,False,,,
owlrl,1,10,721,EXT-Q52,decision,core,authorities,data_owner,confidential,set_union,edge1|edge2|edge3,3,29.498889,72.604454,32,,e4cc722951be46789eb75264501a53ba96774192510017491e856efc76f0aa19,completed,False,,,
owlrl,1,10,721,EXT-Q53,decision,core,authorities,data_owner,confidential,set_union,edge1|edge2|edge3,3,50.559222,145.554282,0,,e3b0c44298fc1c149afbf4c8996fb92427ae41e4649b934ca495991b7852b855,completed,False,,,
owlrl,1,10,721,EXT-Q54,decision,domain,authorities,data_owner,restricted,set_union,edge1|edge2|edge3,3,29.149,81.407959,0,,e3b0c44298fc1c149afbf4c8996fb92427ae41e4649b934ca495991b7852b855,completed,False,,,
owlrl,1,10,721,EXT-Q55,decision,core,authorities,data_owner,confidential,set_union,edge1|edge2|edge3,3,21.143019,59.428118,8,,8c3e48566f94616cee569d9b5812ba30ec566c1adc22c2c92d13749c523df534,completed,False,,,
owlrl,1,10,721,EXT-Q56,decision,core,authorities,data_owner,confidential,set_union,edge1|edge2|edge3,3,49.286796,145.329226,0,,e3b0c44298fc1c149afbf4c8996fb92427ae41e4649b934ca495991b7852b855,completed,False,,,
owlrl,1,10,721,EXT-Q57,decision,core,authorities,data_owner,confidential,set_union,edge1|edge2|edge3,3,18.913098,56.075098,7,,058d2944c03f01a48917edc20c871d5f86e2b184778cd894bf433e94a8ffca12,completed,False,,,
owlrl,1,10,721,EXT-Q58,decision,core,authorities,data_owner,confidential,set_union,edge1|edge2|edge3,3,29.850333,88.03374,7,,5a003716962d1299d69dd1de460f6a48eb40b34fbbb1eeb486379f039621a795,completed,False,,,
owlrl,1,10,721,EXT-Q59,adaptation,core,authorities,data_owner,confidential,set_union,edge1|edge2|edge3,3,67.187703,142.688675,35,,a67f4df76b0ad2595fa03a50ef968560610616068e1b79b7d520849c791090ca,completed,False,,,
owlrl,1,10,721,EXT-Q60,adaptation,core,authorities,data_owner,confidential,set_union,edge1|edge2|edge3,3,27.031204,77.454995,1,,285931564bf116179a45da920fdf958a3347ea1df763213bb7e2afba77c47d16,completed,False,,,
owlrl,1,10,721,EXT-Q61,adaptation,core,authorities,data_owner,confidential,set_union,edge1|edge2|edge3,3,8.42474,24.006139,0,,e3b0c44298fc1c149afbf4c8996fb92427ae41e4649b934ca495991b7852b855,completed,False,,,
owlrl,1,10,721,EXT-Q62,adaptation,core,authorities,data_owner,confidential,set_union,edge1|edge2|edge3,3,22.672241,66.08069499999999,1,,3dafef0eca79c68f05b79939f40198bc13232639d500d3e9875bc263b0f00d4d,completed,False,,,
owlrl,1,10,721,EXT-Q63,delegation,core,authorities,data_owner,confidential,set_union,edge1|edge2|edge3,3,24.915,71.80551,1,,d4b4c3785ae985658dfc4a4433dd002e5aec5a2321080af4e85474c06a3404f5,completed,False,,,
owlrl,1,10,721,EXT-Q64,delegation,core,authorities,data_owner,confidential,set_union,edge1|edge2|edge3,3,21.213945,62.273081,0,,e3b0c44298fc1c149afbf4c8996fb92427ae41e4649b934ca495991b7852b855,completed,False,,,
owlrl,1,10,721,EXT-Q65,delegation,core,authorities,data_owner,confidential,set_union,edge1|edge2|edge3,3,12.794389,37.989164,0,,e3b0c44298fc1c149afbf4c8996fb92427ae41e4649b934ca495991b7852b855,completed,False,,,
owlrl,1,10,721,EXT-Q66,federation,core,authorities,data_owner,confidential,set_union,edge1|edge2|edge3,3,25.491815,73.07314099999999,2,,1a9af60cfbb87dd79b68021c3d70e1ee6f230e648f1ad6360ef50fffd374b4df,completed,False,,,
owlrl,1,10,721,EXT-Q67,federation,core,authorities,data_owner,confidential,set_union,edge1|edge2|edge3,3,39.538889,115.6114,0,,e3b0c44298fc1c149afbf4c8996fb92427ae41e4649b934ca495991b7852b855,completed,False,,,
owlrl,1,10,721,EXT-Q68,federation,core,authorities,data_owner,confidential,set_union,edge1|edge2|edge3,3,25.284699,74.466848,0,,e3b0c44298fc1c149afbf4c8996fb92427ae41e4649b934ca495991b7852b855,completed,False,,,
owlrl,1,10,721,EXT-Q69,federation,core,authorities,data_owner,confidential,set_union,edge1|edge2|edge3,3,28.575963,81.722368,2,,8271d93912e320b11a3ca6d70e5061d5132abb26053b022198090871531d61eb,completed,False,,,
owlrl,1,10,721,EXT-Q70,audit_temporal,core,authorities,data_owner,confidential,set_union,edge1|edge2|edge3,3,109.767797,181.266731,204,,01824916f48e90d6c6df066f2950c4d8a2e2d6f71ba4af556d43e8921ae41930,completed,False,,,
owlrl,1,10,721,EXT-Q71,audit_temporal,core,authorities,data_owner,confidential,set_union,edge1|edge2|edge3,3,42.090612,110.24402599999999,0,,e3b0c44298fc1c149afbf4c8996fb92427ae41e4649b934ca495991b7852b855,completed,False,,,
owlrl,1,10,721,EXT-Q72,audit_temporal,core,authorities,data_owner,confidential,set_union,edge1|edge2|edge3,3,29.032222,80.81818,0,,e3b0c44298fc1c149afbf4c8996fb92427ae41e4649b934ca495991b7852b855,completed,False,,,
owlrl,1,10,721,EXT-Q73,audit_temporal,core,authorities,data_owner,confidential,set_union,edge1|edge2|edge3,3,98.020093,224.676116,200,,46d1ef95936a63e101a14f7b06eb1eba304a1f4094308a8f63c177807c777af5,completed,False,,,
owlrl,1,10,721,EXT-Q74,audit_temporal,core,authorities,data_owner,confidential,set_union,edge1|edge2|edge3,3,280.244741,480.950736,0,,e3b0c44298fc1c149afbf4c8996fb92427ae41e4649b934ca495991b7852b855,completed,False,,,
owlrl,1,10,721,EXT-Q75,validation,core,cloud,global,internal,single,cloud,1,17.495453,17.495453,74,,8dd432df42d733f2411b2aebc51682848ddadc97425c41088f0a99090f77f1c0,completed,False,,,
owlrl,1,10,721,EXT-Q76,validation,core,cloud,global,internal,single,cloud,1,4.872077,4.872077,9,,50bf3d3f7f446e045722279f6d243ecc804cd2cf73b381d9c89f530b567855ea,completed,False,,,
owlrl,1,10,721,EXT-Q77,validation,core,cloud,global,internal,single,cloud,1,9.25358,9.25358,6,,ba52fb52449a77784e328f0aaa19807ddd9156c7457ea722a8af2f2082dce9ad,completed,False,,,
owlrl,1,10,721,EXT-Q78,policy_governance,core,cloud,global,internal,single,cloud,1,12.47251,12.47251,37,,dc49d089c1cfb621b31177ad5794c8ca7638f40689eba56af4f4ea2a38c683f1,completed,False,,,
owlrl,1,10,721,EXT-Q79,policy_governance,core,cloud,global,internal,single,cloud,1,9.96309,9.96309,0,,e3b0c44298fc1c149afbf4c8996fb92427ae41e4649b934ca495991b7852b855,completed,False,,,
owlrl,1,10,721,EXT-Q80,validation,core,cloud,global,internal,single,cloud,1,81.845474,81.845474,13,,7b81a06628b0ed47983abd578c902f47906271bc5a38f63144daa74510daf865,completed,False,,,
owlrl,2,10,721,BASE-Q01,identity_consent,core,authorities,data_owner,confidential,set_union,edge1|edge2|edge3,3,29.981351,86.32079300000001,14,,0c349a47410857bdf39d17fddeb9f2fb1f83945b742ce73aa8d2de39c6956b96,completed,False,,,
owlrl,2,10,721,BASE-Q02,topology,core,authority_key:http://example.org/smartcity#UserB,data_owner,confidential,single,edge2,1,22.941685,22.941685,11,,363f868a57a5e5f601b8d524b05460273fbf45427eb805af595f694133371b51,completed,False,,,
owlrl,2,10,721,BASE-Q03,wellbeing,domain,authorities,data_owner,restricted,set_union,edge1|edge2|edge3,3,20.196741,59.184543,14,,78a62a2fe8a260fee54aa4c92c727ab64a08c27c3ecf06604d077c9bc1bea0c7,completed,False,,,
owlrl,2,10,721,BASE-Q04,decision,core,authority_key:http://example.org/smartcity#UserB,data_owner,confidential,single,edge2,1,21.34187,21.34187,7,,cc222a87554e870ffae43cba023647670c0589b8ec1b4500dd1d797a399c3bf2,completed,False,,,
owlrl,2,10,721,BASE-Q05,wellbeing,domain,authorities,data_owner,restricted,set_union,edge1|edge2|edge3,3,20.161018,55.978503,5,,4b096b851fd9e6935d2e2e6c7bd57464c473db58008af4b34e60338033a84d23,completed,False,,,
owlrl,2,10,721,BASE-Q06,identity_consent,core,cloud,global,internal,single,cloud,1,3.947127,3.947127,10,,f8aebcef3bdb5c68142d34426190fd6a36c4b31394471c9c7602e6c19e67ff84,completed,False,,,
owlrl,2,10,721,BASE-Q07,observability,core,fog,regional,internal,single,fog,1,168.433518,168.433518,8,,ca2b51bfcca172872762ed97ca97be2a1dcd2b9c7281006f9eb3bccef56ed28e,completed,False,,,
owlrl,2,10,721,BASE-Q08,observability,core,fog,regional,internal,single,fog,1,37.145407,37.145407,2,,6527f1e187dfa51f5dc78e109fe2d9fb47aed82a4ec8f897d1dda6ee6850aa0a,completed,False,,,
owlrl,2,10,721,BASE-Q09,wellbeing,domain,authorities,data_owner,restricted,set_union,edge1|edge2|edge3,3,25.135149,71.179401,16,,7654d5623046770904ca4d90b9b66be759205e42c085d06fa9af092a1677a5fb,completed,False,,,
owlrl,2,10,721,BASE-Q10,observability,domain,authorities,data_owner,restricted,set_union,edge1|edge2|edge3,3,29.35987,85.519369,14,,ebfceaa48c74f82d223484d33010433799771f8412f64624d32eeb638d1d53b7,completed,False,,,
owlrl,2,10,721,BASE-Q11,wellbeing,core,authority_key:http://example.org/smartcity#UserA,data_owner,confidential,single,edge1,1,14.841351,14.841351,1,,941d461ce01f2fa52ba95291e46e52524d75bd44e2b938eab7e81404936a8b7c,completed,False,,,
owlrl,2,10,721,BASE-Q12,adaptation,core,authorities,data_owner,confidential,set_union,edge1|edge2|edge3,3,14.40887,42.632388,1,,ddcd6b8cd42f3d2e1f6aa052eeeca5d4423f9db85cdc91915481db3956dfffff,completed,False,,,
owlrl,2,10,721,BASE-Q13,adaptation,core,authorities,data_owner,confidential,set_union,edge1|edge2|edge3,3,18.772648,53.823096,1,,25e56d4be1969d1d6de5386e2c3ff26456f8069edb7847a9dc7e32a9b09c8948,completed,False,,,
owlrl,2,10,721,BASE-Q14,delegation,core,authority_key:http://example.org/smartcity#UserA,data_owner,confidential,single,edge1,1,16.753333,16.753333,1,,dcd8c3258e95549dde016df10cf22183c036214d75d30e686ca7ac2fb5ea3271,completed,False,,,
owlrl,2,10,721,BASE-Q15,identity_consent,core,authorities,data_owner,confidential,set_union,edge1|edge2|edge3,3,12.272575,34.749423,1,,7ac55bded7c8d1294bfcac4ddeb28b5921a8083a19185e216bf5d1c0d62bd370,completed,False,,,
owlrl,2,10,721,BASE-Q16,federation,core,authorities,data_owner,confidential,set_union,edge1|edge2|edge3,3,26.379574,74.633994,3,,550eeca87dc96402bbed090f1737eaacfb6b27d2290401797018cbcf303b8147,completed,False,,,
owlrl,2,10,721,BASE-Q17,context_zones,domain,authorities,data_owner,restricted,set_union,edge1|edge2|edge3,3,17.512355,50.016948,1,,50b7b5a085e0802a1897953a959e0c9ea4c5f943dc26de55b2219ea7deac4b89,completed,False,,,
owlrl,2,10,721,BASE-Q18,context_zones,core,authorities,data_owner,confidential,set_union,edge1|edge2|edge3,3,10.470018,30.208047999999998,1,,200d4d55bb0d8b9374961d2df3fa99d83d8caf54dc79a7784bb84dd44b081eda,completed,False,,,
owlrl,2,10,721,BASE-Q19,decision,core,fog,regional,internal,single,fog,1,34.124,34.124,5,,14ff5f393f619913b6627f132ac802eb3d0b2560e5619a0d995e34dac1f39b45,completed,False,,,
owlrl,2,10,721,BASE-Q20,identity_consent,domain,authorities,data_owner,restricted,set_union,edge1|edge2|edge3,3,26.451129,75.030473,14,,aec9decbbbba2e3cd769dad408cb52c99918afe22ae8b88c47458f4f8eb80777,completed,False,,,
owlrl,2,10,721,BASE-Q21,decision,core,authorities,data_owner,confidential,set_union,edge1|edge2|edge3,3,32.863555,85.707142,11,,7fc13e36a90de226eedecbd26ccd453be5ba11798c2c5af4a7d857a15cbb7e1e,completed,False,,,
owlrl,2,10,721,BASE-Q22,adaptation,core,authorities,data_owner,confidential,set_union,edge1|edge2|edge3,3,25.026407,72.002288,3,,70205401426a8e8adbf4220710b3638c6a47af2e7e7264f0b771b1bcbb070e80,completed,False,,,
owlrl,2,10,721,BASE-Q23,topology,core,authorities,data_owner,confidential,set_union,edge1|edge2|edge3,3,22.206833,64.065174,11,,ab28b001dc7dad484970573565561e81101f03147af46054afb9531199409a97,completed,False,,,
owlrl,2,10,721,BASE-Q24,federation,core,authorities,data_owner,confidential,set_union,edge1|edge2|edge3,3,29.811277,83.039883,5,,0d4871d54d4eadbfa110f9223c2a6b641ea8c65326db34ade1288d5eab5ceb54,completed,False,,,
owlrl,2,10,721,BASE-Q25,identity_consent,core,authorities,data_owner,confidential,set_union,edge1|edge2|edge3,3,13.584,39.829812000000004,1,,4591a69ecb6837fd65b28a9688ad10f0fb7b8ca54c1a6ac395ef142fc831cfbf,completed,False,,,
owlrl,2,10,721,BASE-Q26,observability,core,fog,regional,internal,boolean_or,fog,1,5.73076,5.73076,1,True,35df7182aa6c75e0a1066245f679b81ec9ad05e9964a0684980a466c9cc63ac4,completed,False,,,
owlrl,2,10,721,BASE-Q27,adaptation,core,authorities,data_owner,confidential,boolean_or,edge1|edge2|edge3,3,9.380648,27.314492,1,True,35df7182aa6c75e0a1066245f679b81ec9ad05e9964a0684980a466c9cc63ac4,completed,False,,,
owlrl,2,10,721,BASE-Q28,identity_consent,domain,authorities,data_owner,restricted,boolean_or,edge1|edge2|edge3,3,61.498018,146.403552,0,False,92b91e0dd8f69dcc43f3c56062f944147504cf0d80f20c98005fda34c727fd7e,completed,False,,,
owlrl,2,10,721,BASE-Q29,topology,core,fog,regional,internal,boolean_or,fog,1,14.634704,14.634704,1,True,35df7182aa6c75e0a1066245f679b81ec9ad05e9964a0684980a466c9cc63ac4,completed,False,,,
owlrl,2,10,721,BASE-Q30,federation,core,authorities,data_owner,confidential,boolean_or,edge1|edge2|edge3,3,6.595314,19.481471,1,True,35df7182aa6c75e0a1066245f679b81ec9ad05e9964a0684980a466c9cc63ac4,completed,False,,,
owlrl,2,10,721,BASE-Q31,identity_consent,core,cloud,global,internal,single,cloud,1,3.700544,3.700544,3,,65c3b5d67f22eaac6f974d9923765d1fafcd5514a94da5e0a872b73d08547028,completed,False,,,
owlrl,2,10,721,BASE-Q32,decision,core,fog,regional,internal,single,fog,1,16.611796,16.611796,4,,b91031de6b6257d2428b9195175f3c860291b874d6603c50eb4713a1b65b2628,completed,False,,,
owlrl,2,10,721,BASE-Q33,observability,core,authority_key:http://example.org/smartcity#UserB,data_owner,confidential,single,edge2,1,23.496037,23.496037,6,,590b19873c6fa442afdadbc8ed5ebb9588a33006923bfed39c1b6215b8f0bb25,completed,False,,,
owlrl,2,10,721,BASE-Q34,topology,core,fog,regional,internal,single,fog,1,10.6925,10.6925,1,,7c66062f36ae31e8068455da76c0bb4f918e7f6b8ecee7cd8a7946f3b6047884,completed,False,,,
owlrl,2,10,721,BASE-Q35,delegation,core,authorities,data_owner,confidential,set_union,edge1|edge2|edge3,3,57.038037,116.328722,180,,56209ad42eb677718c0bba3e1f9fcee730c2c2912264ceea293e4ef01f23a56f,completed,False,,,
owlrl,2,10,721,EXT-Q01,semantic_schema,core,cloud,global,internal,single,cloud,1,6.535154,6.535154,6,,66d5edbbdc2282624ffec271a4a523a20fdc7331b886d2884edf86a885532bcc,completed,False,,,
owlrl,2,10,721,EXT-Q02,semantic_schema,core,cloud,global,internal,single,cloud,1,4.76239,4.76239,3,,81bea9a8c2d4cf1237d7fb131249cc18ec4ca629eeabaadbd5f0b9b58d3e3333,completed,False,,,
owlrl,2,10,721,EXT-Q03,policy_governance,core,cloud,global,internal,single,cloud,1,15.405217,15.405217,79,,d73ae3d5ddfcd345147bae778101c21ab13194fca3fa92ad08259d39931b66d5,completed,False,,,
owlrl,2,10,721,EXT-Q04,policy_governance,core,cloud,global,internal,single,cloud,1,14.440453,14.440453,55,,fced7e97d29b215a8321753998b7519dc1825dacc4af090c67ffc54bee4479bc,completed,False,,,
owlrl,2,10,721,EXT-Q05,semantic_schema,core,cloud,global,internal,single,cloud,1,16.929082,16.929082,17,,e0fc9190703b6a7b2695ddc448f5c7e54c4feeff2545477c3194ebfd8ccb1f0c,completed,False,,,
owlrl,2,10,721,EXT-Q06,semantic_schema,core,cloud,global,internal,single,cloud,1,3.349968,3.349968,12,,1377568d225cfb45a1899c2ea951adf7ebda5ada4e188dbf5f114110484fa3ae,completed,False,,,
owlrl,2,10,721,EXT-Q07,policy_governance,core,cloud,global,internal,single,cloud,1,8.95767,8.95767,67,,c3cf27e703656fdaa8295f23b31076c1afcb14a5022b1b47538e2961fe033646,completed,False,,,
owlrl,2,10,721,EXT-Q08,policy_governance,core,cloud,global,internal,single,cloud,1,55.061154,55.061154,1089,,cb9e0103c9327f1c4691ec9d7612deebd04c0e73140f23e2a6209bb8af1efc51,completed,False,,,
owlrl,2,10,721,EXT-Q09,policy_governance,core,cloud,global,internal,single,cloud,1,14.750489,14.750489,6,,68de07660e010156bf3f3ea01000180657c8e8fc155ac9a053c3a64dbc538102,completed,False,,,
owlrl,2,10,721,EXT-Q10,policy_governance,core,cloud,global,internal,single,cloud,1,39.030637,39.030637,0,,e3b0c44298fc1c149afbf4c8996fb92427ae41e4649b934ca495991b7852b855,completed,False,,,
owlrl,2,10,721,EXT-Q11,identity_consent,core,authorities,data_owner,confidential,set_union,edge1|edge2|edge3,3,28.833166,79.198699,35,,92ba472a78003ed0a569eac39f1122f2dd582fd6da2e027e514546b71b97a3e7,completed,False,,,
owlrl,2,10,721,EXT-Q12,identity_consent,core,authorities,data_owner,confidential,set_union,edge1|edge2|edge3,3,29.600296,80.345959,38,,177758d5d94ea32b7ef3bef302cf0588e67db1b529a5f4930c73d92b17535bc9,completed,False,,,
owlrl,2,10,721,EXT-Q13,identity_consent,core,authorities,data_owner,confidential,set_union,edge1|edge2|edge3,3,24.554704,70.677901,0,,e3b0c44298fc1c149afbf4c8996fb92427ae41e4649b934ca495991b7852b855,completed,False,,,
owlrl,2,10,721,EXT-Q14,identity_consent,core,authorities,data_owner,confidential,set_union,edge1|edge2|edge3,3,24.01013,69.124103,0,,e3b0c44298fc1c149afbf4c8996fb92427ae41e4649b934ca495991b7852b855,completed,False,,,
owlrl,2,10,721,EXT-Q15,identity_consent,core,authorities,data_owner,confidential,set_union,edge1|edge2|edge3,3,48.310592,139.265298,0,,e3b0c44298fc1c149afbf4c8996fb92427ae41e4649b934ca495991b7852b855,completed,False,,,
owlrl,2,10,721,EXT-Q16,identity_consent,core,authorities,data_owner,confidential,set_union,edge1|edge2|edge3,3,15.327741,44.392945,0,,e3b0c44298fc1c149afbf4c8996fb92427ae41e4649b934ca495991b7852b855,completed,False,,,
owlrl,2,10,721,EXT-Q17,identity_consent,core,authorities,data_owner,confidential,set_union,edge1|edge2|edge3,3,26.725871,71.243806,8,,3071bd3ad9cc1daac2632f317152a64e2d9d9e0d189068465ece1f8c3872334f,completed,False,,,
owlrl,2,10,721,EXT-Q18,identity_consent,core,authorities,data_owner,confidential,set_union,edge1|edge2|edge3,3,28.904889,76.574789,0,,e3b0c44298fc1c149afbf4c8996fb92427ae41e4649b934ca495991b7852b855,completed,False,,,
owlrl,2,10,721,EXT-Q19,identity_consent,core,authorities,data_owner,confidential,set_union,edge1|edge2|edge3,3,39.133963,110.81221099999999,0,,e3b0c44298fc1c149afbf4c8996fb92427ae41e4649b934ca495991b7852b855,completed,False,,,
owlrl,2,10,721,EXT-Q20,identity_consent,core,authorities,data_owner,confidential,set_union,edge1|edge2|edge3,3,13.044944,38.045293,0,,e3b0c44298fc1c149afbf4c8996fb92427ae41e4649b934ca495991b7852b855,completed,False,,,
owlrl,2,10,721,EXT-Q21,identity_consent,core,authorities,data_owner,confidential,set_union,edge1|edge2|edge3,3,24.827463,69.525657,58,,6e6d9e3db6cd7bbb93e0d6feafb155f966b98e945250ca473bf302c2a406fef9,completed,False,,,
owlrl,2,10,721,EXT-Q22,security_identity,domain,authorities,data_owner,restricted,set_union,edge1|edge2|edge3,3,216.319993,389.59066,0,,e3b0c44298fc1c149afbf4c8996fb92427ae41e4649b934ca495991b7852b855,completed,False,,,
owlrl,2,10,721,EXT-Q23,data_lifecycle,core,authorities,data_owner,confidential,set_union,edge1|edge2|edge3,3,27.081666,72.807175,3,,3955e7b96dea26719774b2d2a200be73c38cf84521f9352a6b96ed1af0a71d7a,completed,False,,,
owlrl,2,10,721,EXT-Q24,data_lifecycle,core,authorities,data_owner,confidential,set_union,edge1|edge2|edge3,3,27.641185,78.805939,12,,a295d0d25f3946521e2044b9c67ada29717febdd873813974fee510e3f4ff52a,completed,False,,,
owlrl,2,10,721,EXT-Q25,data_lifecycle,domain,authorities,data_owner,restricted,set_union,edge1|edge2|edge3,3,43.118185,124.47427099999999,0,,e3b0c44298fc1c149afbf4c8996fb92427ae41e4649b934ca495991b7852b855,completed,False,,,
owlrl,2,10,721,EXT-Q26,security_identity,core,authorities,data_owner,confidential,set_union,edge1|edge2|edge3,3,19.781037,57.039227,14,,301d58db8e53bb19d51a1e9254a246aa00955e4c875a0168453a6d7b25c95df7,completed,False,,,
owlrl,2,10,721,EXT-Q27,security_identity,core,authorities,data_owner,confidential,set_union,edge1|edge2|edge3,3,46.638055,117.23647,0,,e3b0c44298fc1c149afbf4c8996fb92427ae41e4649b934ca495991b7852b855,completed,False,,,
owlrl,2,10,721,EXT-Q28,security_identity,core,authorities,data_owner,confidential,set_union,edge1|edge2|edge3,3,18.935764,56.289079,0,,e3b0c44298fc1c149afbf4c8996fb92427ae41e4649b934ca495991b7852b855,completed,False,,,
owlrl,2,10,721,EXT-Q29,security_identity,core,cloud,global,internal,single,cloud,1,3.038379,3.038379,1,,5e56d4b1c34d01016304a6e8bc0397a3d6e7898ce43942ff1b6aab07b06810f2,completed,False,,,
owlrl,2,10,721,EXT-Q30,security_identity,core,cloud,global,internal,single,cloud,1,2.407951,2.407951,0,,e3b0c44298fc1c149afbf4c8996fb92427ae41e4649b934ca495991b7852b855,completed,False,,,
owlrl,2,10,721,EXT-Q31,data_lifecycle,core,authorities,data_owner,confidential,set_union,edge1|edge2|edge3,3,18.754204,54.403838,0,,e3b0c44298fc1c149afbf4c8996fb92427ae41e4649b934ca495991b7852b855,completed,False,,,
owlrl,2,10,721,EXT-Q32,data_lifecycle,core,authorities,data_owner,confidential,set_union,edge1|edge2|edge3,3,10.990167,32.654663,0,,e3b0c44298fc1c149afbf4c8996fb92427ae41e4649b934ca495991b7852b855,completed,False,,,
owlrl,2,10,721,EXT-Q33,data_lifecycle,core,authorities,data_owner,confidential,set_union,edge1|edge2|edge3,3,21.841703,64.831248,0,,e3b0c44298fc1c149afbf4c8996fb92427ae41e4649b934ca495991b7852b855,completed,False,,,
owlrl,2,10,721,EXT-Q34,data_lifecycle,core,authorities,data_owner,confidential,set_union,edge1|edge2|edge3,3,18.48587,54.902281,0,,e3b0c44298fc1c149afbf4c8996fb92427ae41e4649b934ca495991b7852b855,completed,False,,,
owlrl,2,10,721,EXT-Q35,data_lifecycle,core,authorities,data_owner,confidential,set_union,edge1|edge2|edge3,3,15.894537,45.323908,16,,370fabce35bac59c55a67a27d2a800e45de2de8bb73a2ba8a556f0be10f29306,completed,False,,,
owlrl,2,10,721,EXT-Q36,context_zones,core,authority_key:http://example.org/smartcity#UserA,data_owner,confidential,single,edge1,1,20.829407,20.829407,1,,b691a10c930fd32c789bb07f0f1fd7d606e3241b1fbe110ce3bb9c0f5b95cd37,completed,False,,,
owlrl,2,10,721,EXT-Q37,context_zones,domain,authorities,data_owner,restricted,set_union,edge1|edge2|edge3,3,61.278981,181.472502,0,,e3b0c44298fc1c149afbf4c8996fb92427ae41e4649b934ca495991b7852b855,completed,False,,,
owlrl,2,10,721,EXT-Q38,context_zones,domain,authorities,data_owner,restricted,set_union,edge1|edge2|edge3,3,36.787694,106.210417,1,,d0d58146bc80e4e03947b8200631e8b89fdb27ee77b2a31daf4bee1a10c44367,completed,False,,,
owlrl,2,10,721,EXT-Q39,context_zones,core,authority_key:http://example.org/smartcity#UserA,data_owner,confidential,single,edge1,1,15.558056,15.558056,5,,1ca154c8210da56b45e42825f86a318f53dc0325a456648a0db2cbcced59de18,completed,False,,,
owlrl,2,10,721,EXT-Q40,trust,core,fog,regional,internal,single,fog,1,28.0335,28.0335,8,,668e8d3da023436e0b3b53c5f12489c55929c5346903d5c0b7b1b992f823f8df,completed,False,,,
owlrl,2,10,721,EXT-Q41,trust,core,fog,regional,internal,single,fog,1,24.822667,24.822667,0,,e3b0c44298fc1c149afbf4c8996fb92427ae41e4649b934ca495991b7852b855,completed,False,,,
owlrl,2,10,721,EXT-Q42,trust,core,fog,regional,internal,single,fog,1,20.229537,20.229537,5,,a936f8276a646c3f47213c62eb605f825d8fee770920c38f095ae922a5febc96,completed,False,,,
owlrl,2,10,721,EXT-Q43,trust,core,fog,regional,internal,single,fog,1,31.760759,31.760759,8,,b194843fbc8955399d428ae6e4e9bb4101fe20226aa76f0f1491397c8ce797c2,completed,False,,,
owlrl,2,10,721,EXT-Q44,trust,core,authorities,data_owner,confidential,set_union,edge1|edge2|edge3,3,23.215444,61.850912,10,,106b6808e582efd6a78626f18c7807191e7a08ebe629f87847227d80e6ce6f19,completed,False,,,
owlrl,2,10,721,EXT-Q45,trust,core,authorities,data_owner,confidential,set_union,edge1|edge2|edge3,3,200.025741,291.756297,0,,e3b0c44298fc1c149afbf4c8996fb92427ae41e4649b934ca495991b7852b855,completed,False,,,
owlrl,2,10,721,EXT-Q46,decision,core,authorities,data_owner,confidential,set_union,edge1|edge2|edge3,3,32.801833,85.878866,11,,497649f7b7fb5bb312db17c133552fcb5363c177bcdf3a7d4da3f9e09d27ef3a,completed,False,,,
owlrl,2,10,721,EXT-Q47,decision,core,authorities,data_owner,confidential,set_union,edge1|edge2|edge3,3,38.083889,95.352461,0,,e3b0c44298fc1c149afbf4c8996fb92427ae41e4649b934ca495991b7852b855,completed,False,,,
owlrl,2,10,721,EXT-Q48,decision,core,authorities,data_owner,confidential,set_union,edge1|edge2|edge3,3,33.357037,95.072427,0,,e3b0c44298fc1c149afbf4c8996fb92427ae41e4649b934ca495991b7852b855,completed,False,,,
owlrl,2,10,721,EXT-Q49,decision,core,authorities,data_owner,confidential,set_union,edge1|edge2|edge3,3,29.308408,79.953051,8,,61a1a998385e4071933469d06cffd5e2cd092016daefcdce08d2e38a8bf4d078,completed,False,,,
owlrl,2,10,721,EXT-Q50,decision,core,authorities,data_owner,confidential,set_union,edge1|edge2|edge3,3,33.989611,99.498429,0,,e3b0c44298fc1c149afbf4c8996fb92427ae41e4649b934ca495991b7852b855,completed,False,,,
owlrl,2,10,721,EXT-Q51,decision,core,authorities,data_owner,confidential,set_union,edge1|edge2|edge3,3,34.047518,80.348602,32,,d96e9e0968e2bb5a55d9ce98a9e9522d5cb6082d083dcb5d8b65c30d87614d48,completed,False,,,
owlrl,2,10,721,EXT-Q52,decision,core,authorities,data_owner,confidential,set_union,edge1|edge2|edge3,3,29.927945,74.099897,32,,e4cc722951be46789eb75264501a53ba96774192510017491e856efc76f0aa19,completed,False,,,
owlrl,2,10,721,EXT-Q53,decision,core,authorities,data_owner,confidential,set_union,edge1|edge2|edge3,3,50.614963,147.663578,0,,e3b0c44298fc1c149afbf4c8996fb92427ae41e4649b934ca495991b7852b855,completed,False,,,
owlrl,2,10,721,EXT-Q54,decision,domain,authorities,data_owner,restricted,set_union,edge1|edge2|edge3,3,28.514,81.174884,0,,e3b0c44298fc1c149afbf4c8996fb92427ae41e4649b934ca495991b7852b855,completed,False,,,
owlrl,2,10,721,EXT-Q55,decision,core,authorities,data_owner,confidential,set_union,edge1|edge2|edge3,3,20.61574,58.870395,8,,8c3e48566f94616cee569d9b5812ba30ec566c1adc22c2c92d13749c523df534,completed,False,,,
owlrl,2,10,721,EXT-Q56,decision,core,authorities,data_owner,confidential,set_union,edge1|edge2|edge3,3,49.052667,145.085875,0,,e3b0c44298fc1c149afbf4c8996fb92427ae41e4649b934ca495991b7852b855,completed,False,,,
owlrl,2,10,721,EXT-Q57,decision,core,authorities,data_owner,confidential,set_union,edge1|edge2|edge3,3,19.099704,56.925968,7,,058d2944c03f01a48917edc20c871d5f86e2b184778cd894bf433e94a8ffca12,completed,False,,,
owlrl,2,10,721,EXT-Q58,decision,core,authorities,data_owner,confidential,set_union,edge1|edge2|edge3,3,29.788518,88.36735,7,,5a003716962d1299d69dd1de460f6a48eb40b34fbbb1eeb486379f039621a795,completed,False,,,
owlrl,2,10,721,EXT-Q59,adaptation,core,authorities,data_owner,confidential,set_union,edge1|edge2|edge3,3,67.25337,143.14862,35,,a67f4df76b0ad2595fa03a50ef968560610616068e1b79b7d520849c791090ca,completed,False,,,
owlrl,2,10,721,EXT-Q60,adaptation,core,authorities,data_owner,confidential,set_union,edge1|edge2|edge3,3,26.983907,77.786921,1,,285931564bf116179a45da920fdf958a3347ea1df763213bb7e2afba77c47d16,completed,False,,,
owlrl,2,10,721,EXT-Q61,adaptation,core,authorities,data_owner,confidential,set_union,edge1|edge2|edge3,3,8.118047,23.932898,0,,e3b0c44298fc1c149afbf4c8996fb92427ae41e4649b934ca495991b7852b855,completed,False,,,
owlrl,2,10,721,EXT-Q62,adaptation,core,authorities,data_owner,confidential,set_union,edge1|edge2|edge3,3,23.1785,67.631399,1,,3dafef0eca79c68f05b79939f40198bc13232639d500d3e9875bc263b0f00d4d,completed,False,,,
owlrl,2,10,721,EXT-Q63,delegation,core,authorities,data_owner,confidential,set_union,edge1|edge2|edge3,3,24.567425,72.415808,1,,d4b4c3785ae985658dfc4a4433dd002e5aec5a2321080af4e85474c06a3404f5,completed,False,,,
owlrl,2,10,721,EXT-Q64,delegation,core,authorities,data_owner,confidential,set_union,edge1|edge2|edge3,3,21.208444,61.589858,0,,e3b0c44298fc1c149afbf4c8996fb92427ae41e4649b934ca495991b7852b855,completed,False,,,
owlrl,2,10,721,EXT-Q65,delegation,core,authorities,data_owner,confidential,set_union,edge1|edge2|edge3,3,13.167092,38.446886,0,,e3b0c44298fc1c149afbf4c8996fb92427ae41e4649b934ca495991b7852b855,completed,False,,,
owlrl,2,10,721,EXT-Q66,federation,core,authorities,data_owner,confidential,set_union,edge1|edge2|edge3,3,25.928759,72.562752,2,,1a9af60cfbb87dd79b68021c3d70e1ee6f230e648f1ad6360ef50fffd374b4df,completed,False,,,
owlrl,2,10,721,EXT-Q67,federation,core,authorities,data_owner,confidential,set_union,edge1|edge2|edge3,3,39.704593,116.23293699999999,0,,e3b0c44298fc1c149afbf4c8996fb92427ae41e4649b934ca495991b7852b855,completed,False,,,
owlrl,2,10,721,EXT-Q68,federation,core,authorities,data_owner,confidential,set_union,edge1|edge2|edge3,3,25.14063,73.533844,0,,e3b0c44298fc1c149afbf4c8996fb92427ae41e4649b934ca495991b7852b855,completed,False,,,
owlrl,2,10,721,EXT-Q69,federation,core,authorities,data_owner,confidential,set_union,edge1|edge2|edge3,3,28.122018,81.522366,2,,8271d93912e320b11a3ca6d70e5061d5132abb26053b022198090871531d61eb,completed,False,,,
owlrl,2,10,721,EXT-Q70,audit_temporal,core,authorities,data_owner,confidential,set_union,edge1|edge2|edge3,3,111.88413,182.239432,204,,01824916f48e90d6c6df066f2950c4d8a2e2d6f71ba4af556d43e8921ae41930,completed,False,,,
owlrl,2,10,721,EXT-Q71,audit_temporal,core,authorities,data_owner,confidential,set_union,edge1|edge2|edge3,3,43.912185,112.463153,0,,e3b0c44298fc1c149afbf4c8996fb92427ae41e4649b934ca495991b7852b855,completed,False,,,
owlrl,2,10,721,EXT-Q72,audit_temporal,core,authorities,data_owner,confidential,set_union,edge1|edge2|edge3,3,30.571166,84.85088400000001,0,,e3b0c44298fc1c149afbf4c8996fb92427ae41e4649b934ca495991b7852b855,completed,False,,,
owlrl,2,10,721,EXT-Q73,audit_temporal,core,authorities,data_owner,confidential,set_union,edge1|edge2|edge3,3,97.686389,226.88028300000002,200,,46d1ef95936a63e101a14f7b06eb1eba304a1f4094308a8f63c177807c777af5,completed,False,,,
owlrl,2,10,721,EXT-Q74,audit_temporal,core,authorities,data_owner,confidential,set_union,edge1|edge2|edge3,3,146.966759,346.685902,0,,e3b0c44298fc1c149afbf4c8996fb92427ae41e4649b934ca495991b7852b855,completed,False,,,
owlrl,2,10,721,EXT-Q75,validation,core,cloud,global,internal,single,cloud,1,17.602026,17.602026,74,,8dd432df42d733f2411b2aebc51682848ddadc97425c41088f0a99090f77f1c0,completed,False,,,
owlrl,2,10,721,EXT-Q76,validation,core,cloud,global,internal,single,cloud,1,5.259248,5.259248,9,,50bf3d3f7f446e045722279f6d243ecc804cd2cf73b381d9c89f530b567855ea,completed,False,,,
owlrl,2,10,721,EXT-Q77,validation,core,cloud,global,internal,single,cloud,1,8.853872,8.853872,6,,ba52fb52449a77784e328f0aaa19807ddd9156c7457ea722a8af2f2082dce9ad,completed,False,,,
owlrl,2,10,721,EXT-Q78,policy_governance,core,cloud,global,internal,single,cloud,1,12.737448,12.737448,37,,dc49d089c1cfb621b31177ad5794c8ca7638f40689eba56af4f4ea2a38c683f1,completed,False,,,
owlrl,2,10,721,EXT-Q79,policy_governance,core,cloud,global,internal,single,cloud,1,10.105021,10.105021,0,,e3b0c44298fc1c149afbf4c8996fb92427ae41e4649b934ca495991b7852b855,completed,False,,,
owlrl,2,10,721,EXT-Q80,validation,core,cloud,global,internal,single,cloud,1,32.451112,32.451112,13,,7b81a06628b0ed47983abd578c902f47906271bc5a38f63144daa74510daf865,completed,False,,,
owlrl,3,10,721,BASE-Q01,identity_consent,core,authorities,data_owner,confidential,set_union,edge1|edge2|edge3,3,28.894037,84.771776,14,,0c349a47410857bdf39d17fddeb9f2fb1f83945b742ce73aa8d2de39c6956b96,completed,False,,,
owlrl,3,10,721,BASE-Q02,topology,core,authority_key:http://example.org/smartcity#UserB,data_owner,confidential,single,edge2,1,22.319037,22.319037,11,,363f868a57a5e5f601b8d524b05460273fbf45427eb805af595f694133371b51,completed,False,,,
owlrl,3,10,721,BASE-Q03,wellbeing,domain,authorities,data_owner,restricted,set_union,edge1|edge2|edge3,3,20.666945,59.129784,14,,78a62a2fe8a260fee54aa4c92c727ab64a08c27c3ecf06604d077c9bc1bea0c7,completed,False,,,
owlrl,3,10,721,BASE-Q04,decision,core,authority_key:http://example.org/smartcity#UserB,data_owner,confidential,single,edge2,1,21.804389,21.804389,7,,cc222a87554e870ffae43cba023647670c0589b8ec1b4500dd1d797a399c3bf2,completed,False,,,
owlrl,3,10,721,BASE-Q05,wellbeing,domain,authorities,data_owner,restricted,set_union,edge1|edge2|edge3,3,20.847944,56.695077,5,,4b096b851fd9e6935d2e2e6c7bd57464c473db58008af4b34e60338033a84d23,completed,False,,,
owlrl,3,10,721,BASE-Q06,identity_consent,core,cloud,global,internal,single,cloud,1,3.943792,3.943792,10,,f8aebcef3bdb5c68142d34426190fd6a36c4b31394471c9c7602e6c19e67ff84,completed,False,,,
owlrl,3,10,721,BASE-Q07,observability,core,fog,regional,internal,single,fog,1,33.834592,33.834592,8,,ca2b51bfcca172872762ed97ca97be2a1dcd2b9c7281006f9eb3bccef56ed28e,completed,False,,,
owlrl,3,10,721,BASE-Q08,observability,core,fog,regional,internal,single,fog,1,167.779351,167.779351,2,,6527f1e187dfa51f5dc78e109fe2d9fb47aed82a4ec8f897d1dda6ee6850aa0a,completed,False,,,
owlrl,3,10,721,BASE-Q09,wellbeing,domain,authorities,data_owner,restricted,set_union,edge1|edge2|edge3,3,25.54813,71.025862,16,,7654d5623046770904ca4d90b9b66be759205e42c085d06fa9af092a1677a5fb,completed,False,,,
owlrl,3,10,721,BASE-Q10,observability,domain,authorities,data_owner,restricted,set_union,edge1|edge2|edge3,3,29.697722,85.676942,14,,ebfceaa48c74f82d223484d33010433799771f8412f64624d32eeb638d1d53b7,completed,False,,,
owlrl,3,10,721,BASE-Q11,wellbeing,core,authority_key:http://example.org/smartcity#UserA,data_owner,confidential,single,edge1,1,14.457148,14.457148,1,,941d461ce01f2fa52ba95291e46e52524d75bd44e2b938eab7e81404936a8b7c,completed,False,,,
owlrl,3,10,721,BASE-Q12,adaptation,core,authorities,data_owner,confidential,set_union,edge1|edge2|edge3,3,14.438297,42.270702,1,,ddcd6b8cd42f3d2e1f6aa052eeeca5d4423f9db85cdc91915481db3956dfffff,completed,False,,,
owlrl,3,10,721,BASE-Q13,adaptation,core,authorities,data_owner,confidential,set_union,edge1|edge2|edge3,3,18.708352,53.933356,1,,25e56d4be1969d1d6de5386e2c3ff26456f8069edb7847a9dc7e32a9b09c8948,completed,False,,,
owlrl,3,10,721,BASE-Q14,delegation,core,authority_key:http://example.org/smartcity#UserA,data_owner,confidential,single,edge1,1,17.2365,17.2365,1,,dcd8c3258e95549dde016df10cf22183c036214d75d30e686ca7ac2fb5ea3271,completed,False,,,
owlrl,3,10,721,BASE-Q15,identity_consent,core,authorities,data_owner,confidential,set_union,edge1|edge2|edge3,3,11.92063,35.118867,1,,7ac55bded7c8d1294bfcac4ddeb28b5921a8083a19185e216bf5d1c0d62bd370,completed,False,,,
owlrl,3,10,721,BASE-Q16,federation,core,authorities,data_owner,confidential,set_union,edge1|edge2|edge3,3,27.50837,76.442789,3,,550eeca87dc96402bbed090f1737eaacfb6b27d2290401797018cbcf303b8147,completed,False,,,
owlrl,3,10,721,BASE-Q17,context_zones,domain,authorities,data_owner,restricted,set_union,edge1|edge2|edge3,3,17.142892,50.259744,1,,50b7b5a085e0802a1897953a959e0c9ea4c5f943dc26de55b2219ea7deac4b89,completed,False,,,
owlrl,3,10,721,BASE-Q18,context_zones,core,authorities,data_owner,confidential,set_union,edge1|edge2|edge3,3,10.349074,30.223106,1,,200d4d55bb0d8b9374961d2df3fa99d83d8caf54dc79a7784bb84dd44b081eda,completed,False,,,
owlrl,3,10,721,BASE-Q19,decision,core,fog,regional,internal,single,fog,1,34.676704,34.676704,5,,14ff5f393f619913b6627f132ac802eb3d0b2560e5619a0d995e34dac1f39b45,completed,False,,,
owlrl,3,10,721,BASE-Q20,identity_consent,domain,authorities,data_owner,restricted,set_union,edge1|edge2|edge3,3,26.365944,76.58215899999999,14,,aec9decbbbba2e3cd769dad408cb52c99918afe22ae8b88c47458f4f8eb80777,completed,False,,,
owlrl,3,10,721,BASE-Q21,decision,core,authorities,data_owner,confidential,set_union,edge1|edge2|edge3,3,32.153241,85.949996,11,,7fc13e36a90de226eedecbd26ccd453be5ba11798c2c5af4a7d857a15cbb7e1e,completed,False,,,
owlrl,3,10,721,BASE-Q22,adaptation,core,authorities,data_owner,confidential,set_union,edge1|edge2|edge3,3,24.174056,71.604604,3,,70205401426a8e8adbf4220710b3638c6a47af2e7e7264f0b771b1bcbb070e80,completed,False,,,
owlrl,3,10,721,BASE-Q23,topology,core,authorities,data_owner,confidential,set_union,edge1|edge2|edge3,3,21.906981,63.004192,11,,ab28b001dc7dad484970573565561e81101f03147af46054afb9531199409a97,completed,False,,,
owlrl,3,10,721,BASE-Q24,federation,core,authorities,data_owner,confidential,set_union,edge1|edge2|edge3,3,29.690278,80.36092,5,,0d4871d54d4eadbfa110f9223c2a6b641ea8c65326db34ade1288d5eab5ceb54,completed,False,,,
owlrl,3,10,721,BASE-Q25,identity_consent,core,authorities,data_owner,confidential,set_union,edge1|edge2|edge3,3,16.978074,43.44822,1,,4591a69ecb6837fd65b28a9688ad10f0fb7b8ca54c1a6ac395ef142fc831cfbf,completed,False,,,
owlrl,3,10,721,BASE-Q26,observability,core,fog,regional,internal,boolean_or,fog,1,5.750982,5.750982,1,True,35df7182aa6c75e0a1066245f679b81ec9ad05e9964a0684980a466c9cc63ac4,completed,False,,,
owlrl,3,10,721,BASE-Q27,adaptation,core,authorities,data_owner,confidential,boolean_or,edge1|edge2|edge3,3,8.56087,25.343048,1,True,35df7182aa6c75e0a1066245f679b81ec9ad05e9964a0684980a466c9cc63ac4,completed,False,,,
owlrl,3,10,721,BASE-Q28,identity_consent,domain,authorities,data_owner,restricted,boolean_or,edge1|edge2|edge3,3,61.381277,147.20414499999998,0,False,92b91e0dd8f69dcc43f3c56062f944147504cf0d80f20c98005fda34c727fd7e,completed,False,,,
owlrl,3,10,721,BASE-Q29,topology,core,fog,regional,internal,boolean_or,fog,1,14.32637,14.32637,1,True,35df7182aa6c75e0a1066245f679b81ec9ad05e9964a0684980a466c9cc63ac4,completed,False,,,
owlrl,3,10,721,BASE-Q30,federation,core,authorities,data_owner,confidential,boolean_or,edge1|edge2|edge3,3,7.388315,20.450471,1,True,35df7182aa6c75e0a1066245f679b81ec9ad05e9964a0684980a466c9cc63ac4,completed,False,,,
owlrl,3,10,721,BASE-Q31,identity_consent,core,cloud,global,internal,single,cloud,1,3.910011,3.910011,3,,65c3b5d67f22eaac6f974d9923765d1fafcd5514a94da5e0a872b73d08547028,completed,False,,,
owlrl,3,10,721,BASE-Q32,decision,core,fog,regional,internal,single,fog,1,16.173555,16.173555,4,,b91031de6b6257d2428b9195175f3c860291b874d6603c50eb4713a1b65b2628,completed,False,,,
owlrl,3,10,721,BASE-Q33,observability,core,authority_key:http://example.org/smartcity#UserB,data_owner,confidential,single,edge2,1,23.573778,23.573778,6,,590b19873c6fa442afdadbc8ed5ebb9588a33006923bfed39c1b6215b8f0bb25,completed,False,,,
owlrl,3,10,721,BASE-Q34,topology,core,fog,regional,internal,single,fog,1,11.118185,11.118185,1,,7c66062f36ae31e8068455da76c0bb4f918e7f6b8ecee7cd8a7946f3b6047884,completed,False,,,
owlrl,3,10,721,BASE-Q35,delegation,core,authorities,data_owner,confidential,set_union,edge1|edge2|edge3,3,56.573166,114.30872099999999,180,,56209ad42eb677718c0bba3e1f9fcee730c2c2912264ceea293e4ef01f23a56f,completed,False,,,
owlrl,3,10,721,EXT-Q01,semantic_schema,core,cloud,global,internal,single,cloud,1,8.263819,8.263819,6,,66d5edbbdc2282624ffec271a4a523a20fdc7331b886d2884edf86a885532bcc,completed,False,,,
owlrl,3,10,721,EXT-Q02,semantic_schema,core,cloud,global,internal,single,cloud,1,5.814765,5.814765,3,,81bea9a8c2d4cf1237d7fb131249cc18ec4ca629eeabaadbd5f0b9b58d3e3333,completed,False,,,
owlrl,3,10,721,EXT-Q03,policy_governance,core,cloud,global,internal,single,cloud,1,15.339287,15.339287,79,,d73ae3d5ddfcd345147bae778101c21ab13194fca3fa92ad08259d39931b66d5,completed,False,,,
owlrl,3,10,721,EXT-Q04,policy_governance,core,cloud,global,internal,single,cloud,1,14.339119,14.339119,55,,fced7e97d29b215a8321753998b7519dc1825dacc4af090c67ffc54bee4479bc,completed,False,,,
owlrl,3,10,721,EXT-Q05,semantic_schema,core,cloud,global,internal,single,cloud,1,19.868962,19.868962,17,,e0fc9190703b6a7b2695ddc448f5c7e54c4feeff2545477c3194ebfd8ccb1f0c,completed,False,,,
owlrl,3,10,721,EXT-Q06,semantic_schema,core,cloud,global,internal,single,cloud,1,4.561286,4.561286,12,,1377568d225cfb45a1899c2ea951adf7ebda5ada4e188dbf5f114110484fa3ae,completed,False,,,
owlrl,3,10,721,EXT-Q07,policy_governance,core,cloud,global,internal,single,cloud,1,11.70536,11.70536,67,,c3cf27e703656fdaa8295f23b31076c1afcb14a5022b1b47538e2961fe033646,completed,False,,,
owlrl,3,10,721,EXT-Q08,policy_governance,core,cloud,global,internal,single,cloud,1,56.389578,56.389578,1089,,cb9e0103c9327f1c4691ec9d7612deebd04c0e73140f23e2a6209bb8af1efc51,completed,False,,,
owlrl,3,10,721,EXT-Q09,policy_governance,core,cloud,global,internal,single,cloud,1,14.503495,14.503495,6,,68de07660e010156bf3f3ea01000180657c8e8fc155ac9a053c3a64dbc538102,completed,False,,,
owlrl,3,10,721,EXT-Q10,policy_governance,core,cloud,global,internal,single,cloud,1,52.537745,52.537745,0,,e3b0c44298fc1c149afbf4c8996fb92427ae41e4649b934ca495991b7852b855,completed,False,,,
owlrl,3,10,721,EXT-Q11,identity_consent,core,authorities,data_owner,confidential,set_union,edge1|edge2|edge3,3,28.490519,79.197274,35,,92ba472a78003ed0a569eac39f1122f2dd582fd6da2e027e514546b71b97a3e7,completed,False,,,
owlrl,3,10,721,EXT-Q12,identity_consent,core,authorities,data_owner,confidential,set_union,edge1|edge2|edge3,3,29.209871,79.5907,38,,177758d5d94ea32b7ef3bef302cf0588e67db1b529a5f4930c73d92b17535bc9,completed,False,,,
owlrl,3,10,721,EXT-Q13,identity_consent,core,authorities,data_owner,confidential,set_union,edge1|edge2|edge3,3,24.028907,68.84384299999999,0,,e3b0c44298fc1c149afbf4c8996fb92427ae41e4649b934ca495991b7852b855,completed,False,,,
owlrl,3,10,721,EXT-Q14,identity_consent,core,authorities,data_owner,confidential,set_union,edge1|edge2|edge3,3,24.526056,68.95925,0,,e3b0c44298fc1c149afbf4c8996fb92427ae41e4649b934ca495991b7852b855,completed,False,,,
owlrl,3,10,721,EXT-Q15,identity_consent,core,authorities,data_owner,confidential,set_union,edge1|edge2|edge3,3,48.383852,137.531261,0,,e3b0c44298fc1c149afbf4c8996fb92427ae41e4649b934ca495991b7852b855,completed,False,,,
owlrl,3,10,721,EXT-Q16,identity_consent,core,authorities,data_owner,confidential,set_union,edge1|edge2|edge3,3,151.84824,180.95985100000001,0,,e3b0c44298fc1c149afbf4c8996fb92427ae41e4649b934ca495991b7852b855,completed,False,,,
owlrl,3,10,721,EXT-Q17,identity_consent,core,authorities,data_owner,confidential,set_union,edge1|edge2|edge3,3,26.678722,70.582769,8,,3071bd3ad9cc1daac2632f317152a64e2d9d9e0d189068465ece1f8c3872334f,completed,False,,,
owlrl,3,10,721,EXT-Q18,identity_consent,core,authorities,data_owner,confidential,set_union,edge1|edge2|edge3,3,30.141833,77.417251,0,,e3b0c44298fc1c149afbf4c8996fb92427ae41e4649b934ca495991b7852b855,completed,False,,,
owlrl,3,10,721,EXT-Q19,identity_consent,core,authorities,data_owner,confidential,set_union,edge1|edge2|edge3,3,40.255871,111.801027,0,,e3b0c44298fc1c149afbf4c8996fb92427ae41e4649b934ca495991b7852b855,completed,False,,,
owlrl,3,10,721,EXT-Q20,identity_consent,core,authorities,data_owner,confidential,set_union,edge1|edge2|edge3,3,13.292463,39.171312,0,,e3b0c44298fc1c149afbf4c8996fb92427ae41e4649b934ca495991b7852b855,completed,False,,,
owlrl,3,10,721,EXT-Q21,identity_consent,core,authorities,data_owner,confidential,set_union,edge1|edge2|edge3,3,25.471982,71.679343,58,,6e6d9e3db6cd7bbb93e0d6feafb155f966b98e945250ca473bf302c2a406fef9,completed,False,,,
owlrl,3,10,721,EXT-Q22,security_identity,domain,authorities,data_owner,restricted,set_union,edge1|edge2|edge3,3,246.862408,416.893378,0,,e3b0c44298fc1c149afbf4c8996fb92427ae41e4649b934ca495991b7852b855,completed,False,,,
owlrl,3,10,721,EXT-Q23,data_lifecycle,core,authorities,data_owner,confidential,set_union,edge1|edge2|edge3,3,25.875741,72.699658,3,,3955e7b96dea26719774b2d2a200be73c38cf84521f9352a6b96ed1af0a71d7a,completed,False,,,
owlrl,3,10,721,EXT-Q24,data_lifecycle,core,authorities,data_owner,confidential,set_union,edge1|edge2|edge3,3,27.3905,76.609253,12,,a295d0d25f3946521e2044b9c67ada29717febdd873813974fee510e3f4ff52a,completed,False,,,
owlrl,3,10,721,EXT-Q25,data_lifecycle,domain,authorities,data_owner,restricted,set_union,edge1|edge2|edge3,3,52.151907,135.42905000000002,0,,e3b0c44298fc1c149afbf4c8996fb92427ae41e4649b934ca495991b7852b855,completed,False,,,
owlrl,3,10,721,EXT-Q26,security_identity,core,authorities,data_owner,confidential,set_union,edge1|edge2|edge3,3,19.860722,57.262986999999995,14,,301d58db8e53bb19d51a1e9254a246aa00955e4c875a0168453a6d7b25c95df7,completed,False,,,
owlrl,3,10,721,EXT-Q27,security_identity,core,authorities,data_owner,confidential,set_union,edge1|edge2|edge3,3,45.960278,116.725989,0,,e3b0c44298fc1c149afbf4c8996fb92427ae41e4649b934ca495991b7852b855,completed,False,,,
owlrl,3,10,721,EXT-Q28,security_identity,core,authorities,data_owner,confidential,set_union,edge1|edge2|edge3,3,19.284815,56.985820000000004,0,,e3b0c44298fc1c149afbf4c8996fb92427ae41e4649b934ca495991b7852b855,completed,False,,,
owlrl,3,10,721,EXT-Q29,security_identity,core,cloud,global,internal,single,cloud,1,4.035862,4.035862,1,,5e56d4b1c34d01016304a6e8bc0397a3d6e7898ce43942ff1b6aab07b06810f2,completed,False,,,
owlrl,3,10,721,EXT-Q30,security_identity,core,cloud,global,internal,single,cloud,1,3.356664,3.356664,0,,e3b0c44298fc1c149afbf4c8996fb92427ae41e4649b934ca495991b7852b855,completed,False,,,
owlrl,3,10,721,EXT-Q31,data_lifecycle,core,authorities,data_owner,confidential,set_union,edge1|edge2|edge3,3,18.30913,54.246375,0,,e3b0c44298fc1c149afbf4c8996fb92427ae41e4649b934ca495991b7852b855,completed,False,,,
owlrl,3,10,721,EXT-Q32,data_lifecycle,core,authorities,data_owner,confidential,set_union,edge1|edge2|edge3,3,11.181463,32.97368,0,,e3b0c44298fc1c149afbf4c8996fb92427ae41e4649b934ca495991b7852b855,completed,False,,,
owlrl,3,10,721,EXT-Q33,data_lifecycle,core,authorities,data_owner,confidential,set_union,edge1|edge2|edge3,3,22.463389,65.10541599999999,0,,e3b0c44298fc1c149afbf4c8996fb92427ae41e4649b934ca495991b7852b855,completed,False,,,
owlrl,3,10,721,EXT-Q34,data_lifecycle,core,authorities,data_owner,confidential,set_union,edge1|edge2|edge3,3,18.950574,55.726763000000005,0,,e3b0c44298fc1c149afbf4c8996fb92427ae41e4649b934ca495991b7852b855,completed,False,,,
owlrl,3,10,721,EXT-Q35,data_lifecycle,core,authorities,data_owner,confidential,set_union,edge1|edge2|edge3,3,16.335426,45.214779,16,,370fabce35bac59c55a67a27d2a800e45de2de8bb73a2ba8a556f0be10f29306,completed,False,,,
owlrl,3,10,721,EXT-Q36,context_zones,core,authority_key:http://example.org/smartcity#UserA,data_owner,confidential,single,edge1,1,21.238389,21.238389,1,,b691a10c930fd32c789bb07f0f1fd7d606e3241b1fbe110ce3bb9c0f5b95cd37,completed,False,,,
owlrl,3,10,721,EXT-Q37,context_zones,domain,authorities,data_owner,restricted,set_union,edge1|edge2|edge3,3,61.128944,179.614964,0,,e3b0c44298fc1c149afbf4c8996fb92427ae41e4649b934ca495991b7852b855,completed,False,,,
owlrl,3,10,721,EXT-Q38,context_zones,domain,authorities,data_owner,restricted,set_union,edge1|edge2|edge3,3,34.893859,104.109822,1,,d0d58146bc80e4e03947b8200631e8b89fdb27ee77b2a31daf4bee1a10c44367,completed,False,,,
owlrl,3,10,721,EXT-Q39,context_zones,core,authority_key:http://example.org/smartcity#UserA,data_owner,confidential,single,edge1,1,15.366389,15.366389,5,,1ca154c8210da56b45e42825f86a318f53dc0325a456648a0db2cbcced59de18,completed,False,,,
owlrl,3,10,721,EXT-Q40,trust,core,fog,regional,internal,single,fog,1,27.871926,27.871926,8,,668e8d3da023436e0b3b53c5f12489c55929c5346903d5c0b7b1b992f823f8df,completed,False,,,
owlrl,3,10,721,EXT-Q41,trust,core,fog,regional,internal,single,fog,1,24.659796,24.659796,0,,e3b0c44298fc1c149afbf4c8996fb92427ae41e4649b934ca495991b7852b855,completed,False,,,
owlrl,3,10,721,EXT-Q42,trust,core,fog,regional,internal,single,fog,1,19.661148,19.661148,5,,a936f8276a646c3f47213c62eb605f825d8fee770920c38f095ae922a5febc96,completed,False,,,
owlrl,3,10,721,EXT-Q43,trust,core,fog,regional,internal,single,fog,1,31.751037,31.751037,8,,b194843fbc8955399d428ae6e4e9bb4101fe20226aa76f0f1491397c8ce797c2,completed,False,,,
owlrl,3,10,721,EXT-Q44,trust,core,authorities,data_owner,confidential,set_union,edge1|edge2|edge3,3,24.432778,63.429542999999995,10,,106b6808e582efd6a78626f18c7807191e7a08ebe629f87847227d80e6ce6f19,completed,False,,,
owlrl,3,10,721,EXT-Q45,trust,core,authorities,data_owner,confidential,set_union,edge1|edge2|edge3,3,47.915241,138.794946,0,,e3b0c44298fc1c149afbf4c8996fb92427ae41e4649b934ca495991b7852b855,completed,False,,,
owlrl,3,10,721,EXT-Q46,decision,core,authorities,data_owner,confidential,set_union,edge1|edge2|edge3,3,34.735259,88.239366,11,,497649f7b7fb5bb312db17c133552fcb5363c177bcdf3a7d4da3f9e09d27ef3a,completed,False,,,
owlrl,3,10,721,EXT-Q47,decision,core,authorities,data_owner,confidential,set_union,edge1|edge2|edge3,3,37.753389,94.48964699999999,0,,e3b0c44298fc1c149afbf4c8996fb92427ae41e4649b934ca495991b7852b855,completed,False,,,
owlrl,3,10,721,EXT-Q48,decision,core,authorities,data_owner,confidential,set_union,edge1|edge2|edge3,3,32.849297,95.505372,0,,e3b0c44298fc1c149afbf4c8996fb92427ae41e4649b934ca495991b7852b855,completed,False,,,
owlrl,3,10,721,EXT-Q49,decision,core,authorities,data_owner,confidential,set_union,edge1|edge2|edge3,3,27.996519,79.346438,8,,61a1a998385e4071933469d06cffd5e2cd092016daefcdce08d2e38a8bf4d078,completed,False,,,
owlrl,3,10,721,EXT-Q50,decision,core,authorities,data_owner,confidential,set_union,edge1|edge2|edge3,3,33.405685,98.7013,0,,e3b0c44298fc1c149afbf4c8996fb92427ae41e4649b934ca495991b7852b855,completed,False,,,
owlrl,3,10,721,EXT-Q51,decision,core,authorities,data_owner,confidential,set_union,edge1|edge2|edge3,3,31.342352,76.512565,32,,d96e9e0968e2bb5a55d9ce98a9e9522d5cb6082d083dcb5d8b65c30d87614d48,completed,False,,,
owlrl,3,10,721,EXT-Q52,decision,core,authorities,data_owner,confidential,set_union,edge1|edge2|edge3,3,30.035019,73.271638,32,,e4cc722951be46789eb75264501a53ba96774192510017491e856efc76f0aa19,completed,False,,,
owlrl,3,10,721,EXT-Q53,decision,core,authorities,data_owner,confidential,set_union,edge1|edge2|edge3,3,50.687426,145.31206,0,,e3b0c44298fc1c149afbf4c8996fb92427ae41e4649b934ca495991b7852b855,completed,False,,,
owlrl,3,10,721,EXT-Q54,decision,domain,authorities,data_owner,restricted,set_union,edge1|edge2|edge3,3,29.221056,82.473255,0,,e3b0c44298fc1c149afbf4c8996fb92427ae41e4649b934ca495991b7852b855,completed,False,,,
owlrl,3,10,721,EXT-Q55,decision,core,authorities,data_owner,confidential,set_union,edge1|edge2|edge3,3,20.561944,58.629338000000004,8,,8c3e48566f94616cee569d9b5812ba30ec566c1adc22c2c92d13749c523df534,completed,False,,,
owlrl,3,10,721,EXT-Q56,decision,core,authorities,data_owner,confidential,set_union,edge1|edge2|edge3,3,49.522686,145.55681900000002,0,,e3b0c44298fc1c149afbf4c8996fb92427ae41e4649b934ca495991b7852b855,completed,False,,,
owlrl,3,10,721,EXT-Q57,decision,core,authorities,data_owner,confidential,set_union,edge1|edge2|edge3,3,18.96782,56.277505,7,,058d2944c03f01a48917edc20c871d5f86e2b184778cd894bf433e94a8ffca12,completed,False,,,
owlrl,3,10,721,EXT-Q58,decision,core,authorities,data_owner,confidential,set_union,edge1|edge2|edge3,3,29.483111,88.052185,7,,5a003716962d1299d69dd1de460f6a48eb40b34fbbb1eeb486379f039621a795,completed,False,,,
owlrl,3,10,721,EXT-Q59,adaptation,core,authorities,data_owner,confidential,set_union,edge1|edge2|edge3,3,66.757592,142.471751,35,,a67f4df76b0ad2595fa03a50ef968560610616068e1b79b7d520849c791090ca,completed,False,,,
owlrl,3,10,721,EXT-Q60,adaptation,core,authorities,data_owner,confidential,set_union,edge1|edge2|edge3,3,26.616685,76.824494,1,,285931564bf116179a45da920fdf958a3347ea1df763213bb7e2afba77c47d16,completed,False,,,
owlrl,3,10,721,EXT-Q61,adaptation,core,authorities,data_owner,confidential,set_union,edge1|edge2|edge3,3,8.295592,23.940731,0,,e3b0c44298fc1c149afbf4c8996fb92427ae41e4649b934ca495991b7852b855,completed,False,,,
owlrl,3,10,721,EXT-Q62,adaptation,core,authorities,data_owner,confidential,set_union,edge1|edge2|edge3,3,22.653278,65.639453,1,,3dafef0eca79c68f05b79939f40198bc13232639d500d3e9875bc263b0f00d4d,completed,False,,,
owlrl,3,10,721,EXT-Q63,delegation,core,authorities,data_owner,confidential,set_union,edge1|edge2|edge3,3,25.035537,72.41060300000001,1,,d4b4c3785ae985658dfc4a4433dd002e5aec5a2321080af4e85474c06a3404f5,completed,False,,,
owlrl,3,10,721,EXT-Q64,delegation,core,authorities,data_owner,confidential,set_union,edge1|edge2|edge3,3,23.07924,63.374913,0,,e3b0c44298fc1c149afbf4c8996fb92427ae41e4649b934ca495991b7852b855,completed,False,,,
owlrl,3,10,721,EXT-Q65,delegation,core,authorities,data_owner,confidential,set_union,edge1|edge2|edge3,3,13.438981,39.126293,0,,e3b0c44298fc1c149afbf4c8996fb92427ae41e4649b934ca495991b7852b855,completed,False,,,
owlrl,3,10,721,EXT-Q66,federation,core,authorities,data_owner,confidential,set_union,edge1|edge2|edge3,3,26.1745,73.217308,2,,1a9af60cfbb87dd79b68021c3d70e1ee6f230e648f1ad6360ef50fffd374b4df,completed,False,,,
owlrl,3,10,721,EXT-Q67,federation,core,authorities,data_owner,confidential,set_union,edge1|edge2|edge3,3,39.586537,116.046919,0,,e3b0c44298fc1c149afbf4c8996fb92427ae41e4649b934ca495991b7852b855,completed,False,,,
owlrl,3,10,721,EXT-Q68,federation,core,authorities,data_owner,confidential,set_union,edge1|edge2|edge3,3,25.665259,75.029197,0,,e3b0c44298fc1c149afbf4c8996fb92427ae41e4649b934ca495991b7852b855,completed,False,,,
owlrl,3,10,721,EXT-Q69,federation,core,authorities,data_owner,confidential,set_union,edge1|edge2|edge3,3,30.679296,86.31301500000001,2,,8271d93912e320b11a3ca6d70e5061d5132abb26053b022198090871531d61eb,completed,False,,,
owlrl,3,10,721,EXT-Q70,audit_temporal,core,authorities,data_owner,confidential,set_union,edge1|edge2|edge3,3,110.468111,181.12696799999998,204,,01824916f48e90d6c6df066f2950c4d8a2e2d6f71ba4af556d43e8921ae41930,completed,False,,,
owlrl,3,10,721,EXT-Q71,audit_temporal,core,authorities,data_owner,confidential,set_union,edge1|edge2|edge3,3,42.192908,111.47600800000001,0,,e3b0c44298fc1c149afbf4c8996fb92427ae41e4649b934ca495991b7852b855,completed,False,,,
owlrl,3,10,721,EXT-Q72,audit_temporal,core,authorities,data_owner,confidential,set_union,edge1|edge2|edge3,3,29.517203,81.64544000000001,0,,e3b0c44298fc1c149afbf4c8996fb92427ae41e4649b934ca495991b7852b855,completed,False,,,
owlrl,3,10,721,EXT-Q73,audit_temporal,core,authorities,data_owner,confidential,set_union,edge1|edge2|edge3,3,97.75724,225.37706,200,,46d1ef95936a63e101a14f7b06eb1eba304a1f4094308a8f63c177807c777af5,completed,False,,,
owlrl,3,10,721,EXT-Q74,audit_temporal,core,authorities,data_owner,confidential,set_union,edge1|edge2|edge3,3,147.667334,348.28834900000004,0,,e3b0c44298fc1c149afbf4c8996fb92427ae41e4649b934ca495991b7852b855,completed,False,,,
owlrl,3,10,721,EXT-Q75,validation,core,cloud,global,internal,single,cloud,1,17.759502,17.759502,74,,8dd432df42d733f2411b2aebc51682848ddadc97425c41088f0a99090f77f1c0,completed,False,,,
owlrl,3,10,721,EXT-Q76,validation,core,cloud,global,internal,single,cloud,1,8.619163,8.619163,9,,50bf3d3f7f446e045722279f6d243ecc804cd2cf73b381d9c89f530b567855ea,completed,False,,,
owlrl,3,10,721,EXT-Q77,validation,core,cloud,global,internal,single,cloud,1,9.41526,9.41526,6,,ba52fb52449a77784e328f0aaa19807ddd9156c7457ea722a8af2f2082dce9ad,completed,False,,,
owlrl,3,10,721,EXT-Q78,policy_governance,core,cloud,global,internal,single,cloud,1,15.159499,15.159499,37,,dc49d089c1cfb621b31177ad5794c8ca7638f40689eba56af4f4ea2a38c683f1,completed,False,,,
owlrl,3,10,721,EXT-Q79,policy_governance,core,cloud,global,internal,single,cloud,1,12.328816,12.328816,0,,e3b0c44298fc1c149afbf4c8996fb92427ae41e4649b934ca495991b7852b855,completed,False,,,
owlrl,3,10,721,EXT-Q80,validation,core,cloud,global,internal,single,cloud,1,33.126854,33.126854,13,,7b81a06628b0ed47983abd578c902f47906271bc5a38f63144daa74510daf865,completed,False,,,
rdfs_owlrl,1,10,721,BASE-Q01,identity_consent,core,authorities,data_owner,confidential,set_union,edge1|edge2|edge3,3,32.677296,90.828517,14,,0c349a47410857bdf39d17fddeb9f2fb1f83945b742ce73aa8d2de39c6956b96,completed,False,,,
rdfs_owlrl,1,10,721,BASE-Q02,topology,core,authority_key:http://example.org/smartcity#UserB,data_owner,confidential,single,edge2,1,22.330037,22.330037,11,,363f868a57a5e5f601b8d524b05460273fbf45427eb805af595f694133371b51,completed,False,,,
rdfs_owlrl,1,10,721,BASE-Q03,wellbeing,domain,authorities,data_owner,restricted,set_union,edge1|edge2|edge3,3,21.503074,61.460747,14,,78a62a2fe8a260fee54aa4c92c727ab64a08c27c3ecf06604d077c9bc1bea0c7,completed,False,,,
rdfs_owlrl,1,10,721,BASE-Q04,decision,core,authority_key:http://example.org/smartcity#UserB,data_owner,confidential,single,edge2,1,21.551685,21.551685,7,,cc222a87554e870ffae43cba023647670c0589b8ec1b4500dd1d797a399c3bf2,completed,False,,,
rdfs_owlrl,1,10,721,BASE-Q05,wellbeing,domain,authorities,data_owner,restricted,set_union,edge1|edge2|edge3,3,20.206815,58.617857,5,,4b096b851fd9e6935d2e2e6c7bd57464c473db58008af4b34e60338033a84d23,completed,False,,,
rdfs_owlrl,1,10,721,BASE-Q06,identity_consent,core,cloud,global,internal,single,cloud,1,5.095616,5.095616,10,,f8aebcef3bdb5c68142d34426190fd6a36c4b31394471c9c7602e6c19e67ff84,completed,False,,,
rdfs_owlrl,1,10,721,BASE-Q07,observability,core,fog,regional,internal,single,fog,1,34.517981,34.517981,8,,ca2b51bfcca172872762ed97ca97be2a1dcd2b9c7281006f9eb3bccef56ed28e,completed,False,,,
rdfs_owlrl,1,10,721,BASE-Q08,observability,core,fog,regional,internal,single,fog,1,169.09676,169.09676,2,,6527f1e187dfa51f5dc78e109fe2d9fb47aed82a4ec8f897d1dda6ee6850aa0a,completed,False,,,
rdfs_owlrl,1,10,721,BASE-Q09,wellbeing,domain,authorities,data_owner,restricted,set_union,edge1|edge2|edge3,3,25.112908,71.760641,16,,7654d5623046770904ca4d90b9b66be759205e42c085d06fa9af092a1677a5fb,completed,False,,,
rdfs_owlrl,1,10,721,BASE-Q10,observability,domain,authorities,data_owner,restricted,set_union,edge1|edge2|edge3,3,29.776648,85.900312,14,,ebfceaa48c74f82d223484d33010433799771f8412f64624d32eeb638d1d53b7,completed,False,,,
rdfs_owlrl,1,10,721,BASE-Q11,wellbeing,core,authority_key:http://example.org/smartcity#UserA,data_owner,confidential,single,edge1,1,14.296537,14.296537,1,,941d461ce01f2fa52ba95291e46e52524d75bd44e2b938eab7e81404936a8b7c,completed,False,,,
rdfs_owlrl,1,10,721,BASE-Q12,adaptation,core,authorities,data_owner,confidential,set_union,edge1|edge2|edge3,3,16.201926,44.760888,1,,ddcd6b8cd42f3d2e1f6aa052eeeca5d4423f9db85cdc91915481db3956dfffff,completed,False,,,
rdfs_owlrl,1,10,721,BASE-Q13,adaptation,core,authorities,data_owner,confidential,set_union,edge1|edge2|edge3,3,18.935333,53.864132,1,,25e56d4be1969d1d6de5386e2c3ff26456f8069edb7847a9dc7e32a9b09c8948,completed,False,,,
rdfs_owlrl,1,10,721,BASE-Q14,delegation,core,authority_key:http://example.org/smartcity#UserA,data_owner,confidential,single,edge1,1,16.846315,16.846315,1,,dcd8c3258e95549dde016df10cf22183c036214d75d30e686ca7ac2fb5ea3271,completed,False,,,
rdfs_owlrl,1,10,721,BASE-Q15,identity_consent,core,authorities,data_owner,confidential,set_union,edge1|edge2|edge3,3,11.915334,34.982922,1,,7ac55bded7c8d1294bfcac4ddeb28b5921a8083a19185e216bf5d1c0d62bd370,completed,False,,,
rdfs_owlrl,1,10,721,BASE-Q16,federation,core,authorities,data_owner,confidential,set_union,edge1|edge2|edge3,3,26.407741,74.918419,3,,550eeca87dc96402bbed090f1737eaacfb6b27d2290401797018cbcf303b8147,completed,False,,,
rdfs_owlrl,1,10,721,BASE-Q17,context_zones,domain,authorities,data_owner,restricted,set_union,edge1|edge2|edge3,3,17.127688,50.738855,1,,50b7b5a085e0802a1897953a959e0c9ea4c5f943dc26de55b2219ea7deac4b89,completed,False,,,
rdfs_owlrl,1,10,721,BASE-Q18,context_zones,core,authorities,data_owner,confidential,set_union,edge1|edge2|edge3,3,178.081055,199.27168,1,,200d4d55bb0d8b9374961d2df3fa99d83d8caf54dc79a7784bb84dd44b081eda,completed,False,,,
rdfs_owlrl,1,10,721,BASE-Q19,decision,core,fog,regional,internal,single,fog,1,43.122482,43.122482,5,,14ff5f393f619913b6627f132ac802eb3d0b2560e5619a0d995e34dac1f39b45,completed,False,,,
rdfs_owlrl,1,10,721,BASE-Q20,identity_consent,domain,authorities,data_owner,restricted,set_union,edge1|edge2|edge3,3,26.45413,75.422124,14,,aec9decbbbba2e3cd769dad408cb52c99918afe22ae8b88c47458f4f8eb80777,completed,False,,,
rdfs_owlrl,1,10,721,BASE-Q21,decision,core,authorities,data_owner,confidential,set_union,edge1|edge2|edge3,3,31.661537,84.371273,11,,7fc13e36a90de226eedecbd26ccd453be5ba11798c2c5af4a7d857a15cbb7e1e,completed,False,,,
rdfs_owlrl,1,10,721,BASE-Q22,adaptation,core,authorities,data_owner,confidential,set_union,edge1|edge2|edge3,3,24.270649,71.556624,3,,70205401426a8e8adbf4220710b3638c6a47af2e7e7264f0b771b1bcbb070e80,completed,False,,,
rdfs_owlrl,1,10,721,BASE-Q23,topology,core,authorities,data_owner,confidential,set_union,edge1|edge2|edge3,3,21.777778,63.033156000000005,11,,ab28b001dc7dad484970573565561e81101f03147af46054afb9531199409a97,completed,False,,,
rdfs_owlrl,1,10,721,BASE-Q24,federation,core,authorities,data_owner,confidential,set_union,edge1|edge2|edge3,3,29.915463,81.038142,5,,0d4871d54d4eadbfa110f9223c2a6b641ea8c65326db34ade1288d5eab5ceb54,completed,False,,,
rdfs_owlrl,1,10,721,BASE-Q25,identity_consent,core,authorities,data_owner,confidential,set_union,edge1|edge2|edge3,3,13.821908,40.309572,1,,4591a69ecb6837fd65b28a9688ad10f0fb7b8ca54c1a6ac395ef142fc831cfbf,completed,False,,,
rdfs_owlrl,1,10,721,BASE-Q26,observability,core,fog,regional,internal,boolean_or,fog,1,5.7825,5.7825,1,True,35df7182aa6c75e0a1066245f679b81ec9ad05e9964a0684980a466c9cc63ac4,completed,False,,,
rdfs_owlrl,1,10,721,BASE-Q27,adaptation,core,authorities,data_owner,confidential,boolean_or,edge1|edge2|edge3,3,8.957011,25.861308,1,True,35df7182aa6c75e0a1066245f679b81ec9ad05e9964a0684980a466c9cc63ac4,completed,False,,,
rdfs_owlrl,1,10,721,BASE-Q28,identity_consent,domain,authorities,data_owner,restricted,boolean_or,edge1|edge2|edge3,3,65.498889,152.429278,0,False,92b91e0dd8f69dcc43f3c56062f944147504cf0d80f20c98005fda34c727fd7e,completed,False,,,
rdfs_owlrl,1,10,721,BASE-Q29,topology,core,fog,regional,internal,boolean_or,fog,1,14.07087,14.07087,1,True,35df7182aa6c75e0a1066245f679b81ec9ad05e9964a0684980a466c9cc63ac4,completed,False,,,
rdfs_owlrl,1,10,721,BASE-Q30,federation,core,authorities,data_owner,confidential,boolean_or,edge1|edge2|edge3,3,7.941222,21.052433999999998,1,True,35df7182aa6c75e0a1066245f679b81ec9ad05e9964a0684980a466c9cc63ac4,completed,False,,,
rdfs_owlrl,1,10,721,BASE-Q31,identity_consent,core,cloud,global,internal,single,cloud,1,3.966827,3.966827,3,,65c3b5d67f22eaac6f974d9923765d1fafcd5514a94da5e0a872b73d08547028,completed,False,,,
rdfs_owlrl,1,10,721,BASE-Q32,decision,core,fog,regional,internal,single,fog,1,20.485888,20.485888,4,,b91031de6b6257d2428b9195175f3c860291b874d6603c50eb4713a1b65b2628,completed,False,,,
rdfs_owlrl,1,10,721,BASE-Q33,observability,core,authority_key:http://example.org/smartcity#UserB,data_owner,confidential,single,edge2,1,23.768334,23.768334,6,,590b19873c6fa442afdadbc8ed5ebb9588a33006923bfed39c1b6215b8f0bb25,completed,False,,,
rdfs_owlrl,1,10,721,BASE-Q34,topology,core,fog,regional,internal,single,fog,1,10.821518,10.821518,1,,7c66062f36ae31e8068455da76c0bb4f918e7f6b8ecee7cd8a7946f3b6047884,completed,False,,,
rdfs_owlrl,1,10,721,BASE-Q35,delegation,core,authorities,data_owner,confidential,set_union,edge1|edge2|edge3,3,63.556352,123.058481,223,,3ba95108702ca49a42a1e72048de1f35e44f82ca800d0df0555dfd01224572cd,completed,False,,,
rdfs_owlrl,1,10,721,EXT-Q01,semantic_schema,core,cloud,global,internal,single,cloud,1,6.515122,6.515122,6,,66d5edbbdc2282624ffec271a4a523a20fdc7331b886d2884edf86a885532bcc,completed,False,,,
rdfs_owlrl,1,10,721,EXT-Q02,semantic_schema,core,cloud,global,internal,single,cloud,1,4.863266,4.863266,3,,81bea9a8c2d4cf1237d7fb131249cc18ec4ca629eeabaadbd5f0b9b58d3e3333,completed,False,,,
rdfs_owlrl,1,10,721,EXT-Q03,policy_governance,core,cloud,global,internal,single,cloud,1,15.530062,15.530062,79,,d73ae3d5ddfcd345147bae778101c21ab13194fca3fa92ad08259d39931b66d5,completed,False,,,
rdfs_owlrl,1,10,721,EXT-Q04,policy_governance,core,cloud,global,internal,single,cloud,1,24.535158,24.535158,55,,fced7e97d29b215a8321753998b7519dc1825dacc4af090c67ffc54bee4479bc,completed,False,,,
rdfs_owlrl,1,10,721,EXT-Q05,semantic_schema,core,cloud,global,internal,single,cloud,1,19.700282,19.700282,17,,e0fc9190703b6a7b2695ddc448f5c7e54c4feeff2545477c3194ebfd8ccb1f0c,completed,False,,,
rdfs_owlrl,1,10,721,EXT-Q06,semantic_schema,core,cloud,global,internal,single,cloud,1,3.514725,3.514725,12,,1377568d225cfb45a1899c2ea951adf7ebda5ada4e188dbf5f114110484fa3ae,completed,False,,,
rdfs_owlrl,1,10,721,EXT-Q07,policy_governance,core,cloud,global,internal,single,cloud,1,9.318969,9.318969,67,,c3cf27e703656fdaa8295f23b31076c1afcb14a5022b1b47538e2961fe033646,completed,False,,,
rdfs_owlrl,1,10,721,EXT-Q08,policy_governance,core,cloud,global,internal,single,cloud,1,55.295136,55.295136,1089,,cb9e0103c9327f1c4691ec9d7612deebd04c0e73140f23e2a6209bb8af1efc51,completed,False,,,
rdfs_owlrl,1,10,721,EXT-Q09,policy_governance,core,cloud,global,internal,single,cloud,1,17.291394,17.291394,6,,68de07660e010156bf3f3ea01000180657c8e8fc155ac9a053c3a64dbc538102,completed,False,,,
rdfs_owlrl,1,10,721,EXT-Q10,policy_governance,core,cloud,global,internal,single,cloud,1,51.939834,51.939834,0,,e3b0c44298fc1c149afbf4c8996fb92427ae41e4649b934ca495991b7852b855,completed,False,,,
rdfs_owlrl,1,10,721,EXT-Q11,identity_consent,core,authorities,data_owner,confidential,set_union,edge1|edge2|edge3,3,28.577074,79.599772,35,,92ba472a78003ed0a569eac39f1122f2dd582fd6da2e027e514546b71b97a3e7,completed,False,,,
rdfs_owlrl,1,10,721,EXT-Q12,identity_consent,core,authorities,data_owner,confidential,set_union,edge1|edge2|edge3,3,29.737,81.538235,38,,177758d5d94ea32b7ef3bef302cf0588e67db1b529a5f4930c73d92b17535bc9,completed,False,,,
rdfs_owlrl,1,10,721,EXT-Q13,identity_consent,core,authorities,data_owner,confidential,set_union,edge1|edge2|edge3,3,24.055185,70.16241600000001,0,,e3b0c44298fc1c149afbf4c8996fb92427ae41e4649b934ca495991b7852b855,completed,False,,,
rdfs_owlrl,1,10,721,EXT-Q14,identity_consent,core,authorities,data_owner,confidential,set_union,edge1|edge2|edge3,3,24.408426,70.287565,0,,e3b0c44298fc1c149afbf4c8996fb92427ae41e4649b934ca495991b7852b855,completed,False,,,
rdfs_owlrl,1,10,721,EXT-Q15,identity_consent,core,authorities,data_owner,confidential,set_union,edge1|edge2|edge3,3,48.551278,138.244426,0,,e3b0c44298fc1c149afbf4c8996fb92427ae41e4649b934ca495991b7852b855,completed,False,,,
rdfs_owlrl,1,10,721,EXT-Q16,identity_consent,core,authorities,data_owner,confidential,set_union,edge1|edge2|edge3,3,15.305204,45.061705,0,,e3b0c44298fc1c149afbf4c8996fb92427ae41e4649b934ca495991b7852b855,completed,False,,,
rdfs_owlrl,1,10,721,EXT-Q17,identity_consent,core,authorities,data_owner,confidential,set_union,edge1|edge2|edge3,3,26.638148,70.555695,8,,3071bd3ad9cc1daac2632f317152a64e2d9d9e0d189068465ece1f8c3872334f,completed,False,,,
rdfs_owlrl,1,10,721,EXT-Q18,identity_consent,core,authorities,data_owner,confidential,set_union,edge1|edge2|edge3,3,28.968259,76.767974,0,,e3b0c44298fc1c149afbf4c8996fb92427ae41e4649b934ca495991b7852b855,completed,False,,,
rdfs_owlrl,1,10,721,EXT-Q19,identity_consent,core,authorities,data_owner,confidential,set_union,edge1|edge2|edge3,3,39.319259,110.97037800000001,0,,e3b0c44298fc1c149afbf4c8996fb92427ae41e4649b934ca495991b7852b855,completed,False,,,
rdfs_owlrl,1,10,721,EXT-Q20,identity_consent,core,authorities,data_owner,confidential,set_union,edge1|edge2|edge3,3,13.051963,38.05957,0,,e3b0c44298fc1c149afbf4c8996fb92427ae41e4649b934ca495991b7852b855,completed,False,,,
rdfs_owlrl,1,10,721,EXT-Q21,identity_consent,core,authorities,data_owner,confidential,set_union,edge1|edge2|edge3,3,26.096814,73.384953,69,,e470cf117e15674f2b501e1b85b0e980f2f2238a5932233d053101e7748e48c4,completed,False,,,
rdfs_owlrl,1,10,721,EXT-Q22,security_identity,domain,authorities,data_owner,restricted,set_union,edge1|edge2|edge3,3,312.662577,856.412743,0,,e3b0c44298fc1c149afbf4c8996fb92427ae41e4649b934ca495991b7852b855,completed,False,,,
rdfs_owlrl,1,10,721,EXT-Q23,data_lifecycle,core,authorities,data_owner,confidential,set_union,edge1|edge2|edge3,3,26.404166,73.108417,3,,3955e7b96dea26719774b2d2a200be73c38cf84521f9352a6b96ed1af0a71d7a,completed,False,,,
rdfs_owlrl,1,10,721,EXT-Q24,data_lifecycle,core,authorities,data_owner,confidential,set_union,edge1|edge2|edge3,3,27.146074,76.711049,12,,a295d0d25f3946521e2044b9c67ada29717febdd873813974fee510e3f4ff52a,completed,False,,,
rdfs_owlrl,1,10,721,EXT-Q25,data_lifecycle,domain,authorities,data_owner,restricted,set_union,edge1|edge2|edge3,3,43.356537,122.92181,0,,e3b0c44298fc1c149afbf4c8996fb92427ae41e4649b934ca495991b7852b855,completed,False,,,
rdfs_owlrl,1,10,721,EXT-Q26,security_identity,core,authorities,data_owner,confidential,set_union,edge1|edge2|edge3,3,19.760167,57.289246000000006,14,,301d58db8e53bb19d51a1e9254a246aa00955e4c875a0168453a6d7b25c95df7,completed,False,,,
rdfs_owlrl,1,10,721,EXT-Q27,security_identity,core,authorities,data_owner,confidential,set_union,edge1|edge2|edge3,3,48.725686,120.394231,0,,e3b0c44298fc1c149afbf4c8996fb92427ae41e4649b934ca495991b7852b855,completed,False,,,
rdfs_owlrl,1,10,721,EXT-Q28,security_identity,core,authorities,data_owner,confidential,set_union,edge1|edge2|edge3,3,19.922617,57.364543,0,,e3b0c44298fc1c149afbf4c8996fb92427ae41e4649b934ca495991b7852b855,completed,False,,,
rdfs_owlrl,1,10,721,EXT-Q29,security_identity,core,cloud,global,internal,single,cloud,1,3.237882,3.237882,1,,5e56d4b1c34d01016304a6e8bc0397a3d6e7898ce43942ff1b6aab07b06810f2,completed,False,,,
rdfs_owlrl,1,10,721,EXT-Q30,security_identity,core,cloud,global,internal,single,cloud,1,2.557783,2.557783,0,,e3b0c44298fc1c149afbf4c8996fb92427ae41e4649b934ca495991b7852b855,completed,False,,,
rdfs_owlrl,1,10,721,EXT-Q31,data_lifecycle,core,authorities,data_owner,confidential,set_union,edge1|edge2|edge3,3,18.46174,54.488911,0,,e3b0c44298fc1c149afbf4c8996fb92427ae41e4649b934ca495991b7852b855,completed,False,,,
rdfs_owlrl,1,10,721,EXT-Q32,data_lifecycle,core,authorities,data_owner,confidential,set_union,edge1|edge2|edge3,3,11.676408,33.922200000000004,0,,e3b0c44298fc1c149afbf4c8996fb92427ae41e4649b934ca495991b7852b855,completed,False,,,
rdfs_owlrl,1,10,721,EXT-Q33,data_lifecycle,core,authorities,data_owner,confidential,set_union,edge1|edge2|edge3,3,168.413167,214.31898999999999,0,,e3b0c44298fc1c149afbf4c8996fb92427ae41e4649b934ca495991b7852b855,completed,False,,,
rdfs_owlrl,1,10,721,EXT-Q34,data_lifecycle,core,authorities,data_owner,confidential,set_union,edge1|edge2|edge3,3,19.290686,56.815488,0,,e3b0c44298fc1c149afbf4c8996fb92427ae41e4649b934ca495991b7852b855,completed,False,,,
rdfs_owlrl,1,10,721,EXT-Q35,data_lifecycle,core,authorities,data_owner,confidential,set_union,edge1|edge2|edge3,3,15.835148,45.684148,16,,370fabce35bac59c55a67a27d2a800e45de2de8bb73a2ba8a556f0be10f29306,completed,False,,,
rdfs_owlrl,1,10,721,EXT-Q36,context_zones,core,authority_key:http://example.org/smartcity#UserA,data_owner,confidential,single,edge1,1,21.319111,21.319111,1,,b691a10c930fd32c789bb07f0f1fd7d606e3241b1fbe110ce3bb9c0f5b95cd37,completed,False,,,
rdfs_owlrl,1,10,721,EXT-Q37,context_zones,domain,authorities,data_owner,restricted,set_union,edge1|edge2|edge3,3,61.063833,178.967814,0,,e3b0c44298fc1c149afbf4c8996fb92427ae41e4649b934ca495991b7852b855,completed,False,,,
rdfs_owlrl,1,10,721,EXT-Q38,context_zones,domain,authorities,data_owner,restricted,set_union,edge1|edge2|edge3,3,35.082185,104.083358,1,,d0d58146bc80e4e03947b8200631e8b89fdb27ee77b2a31daf4bee1a10c44367,completed,False,,,
rdfs_owlrl,1,10,721,EXT-Q39,context_zones,core,authority_key:http://example.org/smartcity#UserA,data_owner,confidential,single,edge1,1,15.27887,15.27887,5,,1ca154c8210da56b45e42825f86a318f53dc0325a456648a0db2cbcced59de18,completed,False,,,
rdfs_owlrl,1,10,721,EXT-Q40,trust,core,fog,regional,internal,single,fog,1,28.383185,28.383185,8,,668e8d3da023436e0b3b53c5f12489c55929c5346903d5c0b7b1b992f823f8df,completed,False,,,
rdfs_owlrl,1,10,721,EXT-Q41,trust,core,fog,regional,internal,single,fog,1,32.044889,32.044889,0,,e3b0c44298fc1c149afbf4c8996fb92427ae41e4649b934ca495991b7852b855,completed,False,,,
rdfs_owlrl,1,10,721,EXT-Q42,trust,core,fog,regional,internal,single,fog,1,19.800778,19.800778,5,,a936f8276a646c3f47213c62eb605f825d8fee770920c38f095ae922a5febc96,completed,False,,,
rdfs_owlrl,1,10,721,EXT-Q43,trust,core,fog,regional,internal,single,fog,1,31.340889,31.340889,8,,b194843fbc8955399d428ae6e4e9bb4101fe20226aa76f0f1491397c8ce797c2,completed,False,,,
rdfs_owlrl,1,10,721,EXT-Q44,trust,core,authorities,data_owner,confidential,set_union,edge1|edge2|edge3,3,23.1395,62.029042000000004,10,,106b6808e582efd6a78626f18c7807191e7a08ebe629f87847227d80e6ce6f19,completed,False,,,
rdfs_owlrl,1,10,721,EXT-Q45,trust,core,authorities,data_owner,confidential,set_union,edge1|edge2|edge3,3,46.434648,137.014205,0,,e3b0c44298fc1c149afbf4c8996fb92427ae41e4649b934ca495991b7852b855,completed,False,,,
rdfs_owlrl,1,10,721,EXT-Q46,decision,core,authorities,data_owner,confidential,set_union,edge1|edge2|edge3,3,32.926149,85.797441,11,,497649f7b7fb5bb312db17c133552fcb5363c177bcdf3a7d4da3f9e09d27ef3a,completed,False,,,
rdfs_owlrl,1,10,721,EXT-Q47,decision,core,authorities,data_owner,confidential,set_union,edge1|edge2|edge3,3,37.899426,95.410629,0,,e3b0c44298fc1c149afbf4c8996fb92427ae41e4649b934ca495991b7852b855,completed,False,,,
rdfs_owlrl,1,10,721,EXT-Q48,decision,core,authorities,data_owner,confidential,set_union,edge1|edge2|edge3,3,32.633852,93.930076,0,,e3b0c44298fc1c149afbf4c8996fb92427ae41e4649b934ca495991b7852b855,completed,False,,,
rdfs_owlrl,1,10,721,EXT-Q49,decision,core,authorities,data_owner,confidential,set_union,edge1|edge2|edge3,3,28.265519,77.941865,8,,61a1a998385e4071933469d06cffd5e2cd092016daefcdce08d2e38a8bf4d078,completed,False,,,
rdfs_owlrl,1,10,721,EXT-Q50,decision,core,authorities,data_owner,confidential,set_union,edge1|edge2|edge3,3,33.04274,98.85265100000001,0,,e3b0c44298fc1c149afbf4c8996fb92427ae41e4649b934ca495991b7852b855,completed,False,,,
rdfs_owlrl,1,10,721,EXT-Q51,decision,core,authorities,data_owner,confidential,set_union,edge1|edge2|edge3,3,31.302444,77.13576900000001,32,,d96e9e0968e2bb5a55d9ce98a9e9522d5cb6082d083dcb5d8b65c30d87614d48,completed,False,,,
rdfs_owlrl,1,10,721,EXT-Q52,decision,core,authorities,data_owner,confidential,set_union,edge1|edge2|edge3,3,29.7125,73.385897,32,,e4cc722951be46789eb75264501a53ba96774192510017491e856efc76f0aa19,completed,False,,,
rdfs_owlrl,1,10,721,EXT-Q53,decision,core,authorities,data_owner,confidential,set_union,edge1|edge2|edge3,3,50.914112,146.864025,0,,e3b0c44298fc1c149afbf4c8996fb92427ae41e4649b934ca495991b7852b855,completed,False,,,
rdfs_owlrl,1,10,721,EXT-Q54,decision,domain,authorities,data_owner,restricted,set_union,edge1|edge2|edge3,3,29.0875,82.848645,0,,e3b0c44298fc1c149afbf4c8996fb92427ae41e4649b934ca495991b7852b855,completed,False,,,
rdfs_owlrl,1,10,721,EXT-Q55,decision,core,authorities,data_owner,confidential,set_union,edge1|edge2|edge3,3,21.056834,61.033989,8,,8c3e48566f94616cee569d9b5812ba30ec566c1adc22c2c92d13749c523df534,completed,False,,,
rdfs_owlrl,1,10,721,EXT-Q56,decision,core,authorities,data_owner,confidential,set_union,edge1|edge2|edge3,3,51.199156,149.148303,0,,e3b0c44298fc1c149afbf4c8996fb92427ae41e4649b934ca495991b7852b855,completed,False,,,
rdfs_owlrl,1,10,721,EXT-Q57,decision,core,authorities,data_owner,confidential,set_union,edge1|edge2|edge3,3,19.368611,56.607708,7,,058d2944c03f01a48917edc20c871d5f86e2b184778cd894bf433e94a8ffca12,completed,False,,,
rdfs_owlrl,1,10,721,EXT-Q58,decision,core,authorities,data_owner,confidential,set_union,edge1|edge2|edge3,3,31.216463,89.568351,7,,5a003716962d1299d69dd1de460f6a48eb40b34fbbb1eeb486379f039621a795,completed,False,,,
rdfs_owlrl,1,10,721,EXT-Q59,adaptation,core,authorities,data_owner,confidential,set_union,edge1|edge2|edge3,3,73.34713,152.055345,46,,6d76048920e8bb121bc7b88947a49ba8133cedadb9c2c7dcfa1f864eb8cdb281,completed,False,,,
rdfs_owlrl,1,10,721,EXT-Q60,adaptation,core,authorities,data_owner,confidential,set_union,edge1|edge2|edge3,3,26.486463,78.08519799999999,1,,285931564bf116179a45da920fdf958a3347ea1df763213bb7e2afba77c47d16,completed,False,,,
rdfs_owlrl,1,10,721,EXT-Q61,adaptation,core,authorities,data_owner,confidential,set_union,edge1|edge2|edge3,3,8.250389,24.547584,0,,e3b0c44298fc1c149afbf4c8996fb92427ae41e4649b934ca495991b7852b855,completed,False,,,
rdfs_owlrl,1,10,721,EXT-Q62,adaptation,core,authorities,data_owner,confidential,set_union,edge1|edge2|edge3,3,23.170537,66.76369199999999,1,,3dafef0eca79c68f05b79939f40198bc13232639d500d3e9875bc263b0f00d4d,completed,False,,,
rdfs_owlrl,1,10,721,EXT-Q63,delegation,core,authorities,data_owner,confidential,set_union,edge1|edge2|edge3,3,24.646852,72.209622,1,,d4b4c3785ae985658dfc4a4433dd002e5aec5a2321080af4e85474c06a3404f5,completed,False,,,
rdfs_owlrl,1,10,721,EXT-Q64,delegation,core,authorities,data_owner,confidential,set_union,edge1|edge2|edge3,3,21.696389,62.128007,0,,e3b0c44298fc1c149afbf4c8996fb92427ae41e4649b934ca495991b7852b855,completed,False,,,
rdfs_owlrl,1,10,721,EXT-Q65,delegation,core,authorities,data_owner,confidential,set_union,edge1|edge2|edge3,3,12.974368,38.486331,0,,e3b0c44298fc1c149afbf4c8996fb92427ae41e4649b934ca495991b7852b855,completed,False,,,
rdfs_owlrl,1,10,721,EXT-Q66,federation,core,authorities,data_owner,confidential,set_union,edge1|edge2|edge3,3,25.832,72.744677,2,,1a9af60cfbb87dd79b68021c3d70e1ee6f230e648f1ad6360ef50fffd374b4df,completed,False,,,
rdfs_owlrl,1,10,721,EXT-Q67,federation,core,authorities,data_owner,confidential,set_union,edge1|edge2|edge3,3,39.371056,115.538103,0,,e3b0c44298fc1c149afbf4c8996fb92427ae41e4649b934ca495991b7852b855,completed,False,,,
rdfs_owlrl,1,10,721,EXT-Q68,federation,core,authorities,data_owner,confidential,set_union,edge1|edge2|edge3,3,24.88913,73.996976,0,,e3b0c44298fc1c149afbf4c8996fb92427ae41e4649b934ca495991b7852b855,completed,False,,,
rdfs_owlrl,1,10,721,EXT-Q69,federation,core,authorities,data_owner,confidential,set_union,edge1|edge2|edge3,3,28.866315,82.824811,2,,8271d93912e320b11a3ca6d70e5061d5132abb26053b022198090871531d61eb,completed,False,,,
rdfs_owlrl,1,10,721,EXT-Q70,audit_temporal,core,authorities,data_owner,confidential,set_union,edge1|edge2|edge3,3,110.445444,181.738358,204,,01824916f48e90d6c6df066f2950c4d8a2e2d6f71ba4af556d43e8921ae41930,completed,False,,,
rdfs_owlrl,1,10,721,EXT-Q71,audit_temporal,core,authorities,data_owner,confidential,set_union,edge1|edge2|edge3,3,41.694703,110.72344999999999,0,,e3b0c44298fc1c149afbf4c8996fb92427ae41e4649b934ca495991b7852b855,completed,False,,,
rdfs_owlrl,1,10,721,EXT-Q72,audit_temporal,core,authorities,data_owner,confidential,set_union,edge1|edge2|edge3,3,89.392038,145.06142599999998,0,,e3b0c44298fc1c149afbf4c8996fb92427ae41e4649b934ca495991b7852b855,completed,False,,,
rdfs_owlrl,1,10,721,EXT-Q73,audit_temporal,core,authorities,data_owner,confidential,set_union,edge1|edge2|edge3,3,98.922481,227.633339,200,,46d1ef95936a63e101a14f7b06eb1eba304a1f4094308a8f63c177807c777af5,completed,False,,,
rdfs_owlrl,1,10,721,EXT-Q74,audit_temporal,core,authorities,data_owner,confidential,set_union,edge1|edge2|edge3,3,147.978407,350.497238,0,,e3b0c44298fc1c149afbf4c8996fb92427ae41e4649b934ca495991b7852b855,completed,False,,,
rdfs_owlrl,1,10,721,EXT-Q75,validation,core,cloud,global,internal,single,cloud,1,17.345408,17.345408,74,,8dd432df42d733f2411b2aebc51682848ddadc97425c41088f0a99090f77f1c0,completed,False,,,
rdfs_owlrl,1,10,721,EXT-Q76,validation,core,cloud,global,internal,single,cloud,1,8.114822,8.114822,9,,50bf3d3f7f446e045722279f6d243ecc804cd2cf73b381d9c89f530b567855ea,completed,False,,,
rdfs_owlrl,1,10,721,EXT-Q77,validation,core,cloud,global,internal,single,cloud,1,8.926295,8.926295,6,,ba52fb52449a77784e328f0aaa19807ddd9156c7457ea722a8af2f2082dce9ad,completed,False,,,
rdfs_owlrl,1,10,721,EXT-Q78,policy_governance,core,cloud,global,internal,single,cloud,1,12.527522,12.527522,37,,dc49d089c1cfb621b31177ad5794c8ca7638f40689eba56af4f4ea2a38c683f1,completed,False,,,
rdfs_owlrl,1,10,721,EXT-Q79,policy_governance,core,cloud,global,internal,single,cloud,1,9.934264,9.934264,0,,e3b0c44298fc1c149afbf4c8996fb92427ae41e4649b934ca495991b7852b855,completed,False,,,
rdfs_owlrl,1,10,721,EXT-Q80,validation,core,cloud,global,internal,single,cloud,1,32.986595,32.986595,13,,7b81a06628b0ed47983abd578c902f47906271bc5a38f63144daa74510daf865,completed,False,,,
rdfs_owlrl,2,10,721,BASE-Q01,identity_consent,core,authorities,data_owner,confidential,set_union,edge1|edge2|edge3,3,30.083185,88.671481,14,,0c349a47410857bdf39d17fddeb9f2fb1f83945b742ce73aa8d2de39c6956b96,completed,False,,,
rdfs_owlrl,2,10,721,BASE-Q02,topology,core,authority_key:http://example.org/smartcity#UserB,data_owner,confidential,single,edge2,1,22.216778,22.216778,11,,363f868a57a5e5f601b8d524b05460273fbf45427eb805af595f694133371b51,completed,False,,,
rdfs_owlrl,2,10,721,BASE-Q03,wellbeing,domain,authorities,data_owner,restricted,set_union,edge1|edge2|edge3,3,20.826148,60.460691,14,,78a62a2fe8a260fee54aa4c92c727ab64a08c27c3ecf06604d077c9bc1bea0c7,completed,False,,,
rdfs_owlrl,2,10,721,BASE-Q04,decision,core,authority_key:http://example.org/smartcity#UserB,data_owner,confidential,single,edge2,1,21.618204,21.618204,7,,cc222a87554e870ffae43cba023647670c0589b8ec1b4500dd1d797a399c3bf2,completed,False,,,
rdfs_owlrl,2,10,721,BASE-Q05,wellbeing,domain,authorities,data_owner,restricted,set_union,edge1|edge2|edge3,3,22.607944,61.252485,5,,4b096b851fd9e6935d2e2e6c7bd57464c473db58008af4b34e60338033a84d23,completed,False,,,
rdfs_owlrl,2,10,721,BASE-Q06,identity_consent,core,cloud,global,internal,single,cloud,1,4.929719,4.929719,10,,f8aebcef3bdb5c68142d34426190fd6a36c4b31394471c9c7602e6c19e67ff84,completed,False,,,
rdfs_owlrl,2,10,721,BASE-Q07,observability,core,fog,regional,internal,single,fog,1,34.971407,34.971407,8,,ca2b51bfcca172872762ed97ca97be2a1dcd2b9c7281006f9eb3bccef56ed28e,completed,False,,,
rdfs_owlrl,2,10,721,BASE-Q08,observability,core,fog,regional,internal,single,fog,1,36.884352,36.884352,2,,6527f1e187dfa51f5dc78e109fe2d9fb47aed82a4ec8f897d1dda6ee6850aa0a,completed,False,,,
rdfs_owlrl,2,10,721,BASE-Q09,wellbeing,domain,authorities,data_owner,restricted,set_union,edge1|edge2|edge3,3,25.294315,70.993473,16,,7654d5623046770904ca4d90b9b66be759205e42c085d06fa9af092a1677a5fb,completed,False,,,
rdfs_owlrl,2,10,721,BASE-Q10,observability,domain,authorities,data_owner,restricted,set_union,edge1|edge2|edge3,3,43.842703,102.020184,14,,ebfceaa48c74f82d223484d33010433799771f8412f64624d32eeb638d1d53b7,completed,False,,,
rdfs_owlrl,2,10,721,BASE-Q11,wellbeing,core,authority_key:http://example.org/smartcity#UserA,data_owner,confidential,single,edge1,1,14.374834,14.374834,1,,941d461ce01f2fa52ba95291e46e52524d75bd44e2b938eab7e81404936a8b7c,completed,False,,,
rdfs_owlrl,2,10,721,BASE-Q12,adaptation,core,authorities,data_owner,confidential,set_union,edge1|edge2|edge3,3,14.588741,43.060075,1,,ddcd6b8cd42f3d2e1f6aa052eeeca5d4423f9db85cdc91915481db3956dfffff,completed,False,,,
rdfs_owlrl,2,10,721,BASE-Q13,adaptation,core,authorities,data_owner,confidential,set_union,edge1|edge2|edge3,3,18.812852,53.60904,1,,25e56d4be1969d1d6de5386e2c3ff26456f8069edb7847a9dc7e32a9b09c8948,completed,False,,,
rdfs_owlrl,2,10,721,BASE-Q14,delegation,core,authority_key:http://example.org/smartcity#UserA,data_owner,confidential,single,edge1,1,16.815574,16.815574,1,,dcd8c3258e95549dde016df10cf22183c036214d75d30e686ca7ac2fb5ea3271,completed,False,,,
rdfs_owlrl,2,10,721,BASE-Q15,identity_consent,core,authorities,data_owner,confidential,set_union,edge1|edge2|edge3,3,11.922778,35.605923,1,,7ac55bded7c8d1294bfcac4ddeb28b5921a8083a19185e216bf5d1c0d62bd370,completed,False,,,
rdfs_owlrl,2,10,721,BASE-Q16,federation,core,authorities,data_owner,confidential,set_union,edge1|edge2|edge3,3,26.647982,75.730197,3,,550eeca87dc96402bbed090f1737eaacfb6b27d2290401797018cbcf303b8147,completed,False,,,
rdfs_owlrl,2,10,721,BASE-Q17,context_zones,domain,authorities,data_owner,restricted,set_union,edge1|edge2|edge3,3,17.312614,50.849873,1,,50b7b5a085e0802a1897953a959e0c9ea4c5f943dc26de55b2219ea7deac4b89,completed,False,,,
rdfs_owlrl,2,10,721,BASE-Q18,context_zones,core,authorities,data_owner,confidential,set_union,edge1|edge2|edge3,3,11.039649,31.145328,1,,200d4d55bb0d8b9374961d2df3fa99d83d8caf54dc79a7784bb84dd44b081eda,completed,False,,,
rdfs_owlrl,2,10,721,BASE-Q19,decision,core,fog,regional,internal,single,fog,1,33.932815,33.932815,5,,14ff5f393f619913b6627f132ac802eb3d0b2560e5619a0d995e34dac1f39b45,completed,False,,,
rdfs_owlrl,2,10,721,BASE-Q20,identity_consent,domain,authorities,data_owner,restricted,set_union,edge1|edge2|edge3,3,26.435685,75.335604,14,,aec9decbbbba2e3cd769dad408cb52c99918afe22ae8b88c47458f4f8eb80777,completed,False,,,
rdfs_owlrl,2,10,721,BASE-Q21,decision,core,authorities,data_owner,confidential,set_union,edge1|edge2|edge3,3,31.564666,85.281754,11,,7fc13e36a90de226eedecbd26ccd453be5ba11798c2c5af4a7d857a15cbb7e1e,completed,False,,,
rdfs_owlrl,2,10,721,BASE-Q22,adaptation,core,authorities,data_owner,confidential,set_union,edge1|edge2|edge3,3,24.132815,71.188771,3,,70205401426a8e8adbf4220710b3638c6a47af2e7e7264f0b771b1bcbb070e80,completed,False,,,
rdfs_owlrl,2,10,721,BASE-Q23,topology,core,authorities,data_owner,confidential,set_union,edge1|edge2|edge3,3,21.747445,63.56621199999999,11,,ab28b001dc7dad484970573565561e81101f03147af46054afb9531199409a97,completed,False,,,
rdfs_owlrl,2,10,721,BASE-Q24,federation,core,authorities,data_owner,confidential,set_union,edge1|edge2|edge3,3,29.856593,81.074514,5,,0d4871d54d4eadbfa110f9223c2a6b641ea8c65326db34ade1288d5eab5ceb54,completed,False,,,
rdfs_owlrl,2,10,721,BASE-Q25,identity_consent,core,authorities,data_owner,confidential,set_union,edge1|edge2|edge3,3,13.698222,40.853035,1,,4591a69ecb6837fd65b28a9688ad10f0fb7b8ca54c1a6ac395ef142fc831cfbf,completed,False,,,
rdfs_owlrl,2,10,721,BASE-Q26,observability,core,fog,regional,internal,boolean_or,fog,1,5.770907,5.770907,1,True,35df7182aa6c75e0a1066245f679b81ec9ad05e9964a0684980a466c9cc63ac4,completed,False,,,
rdfs_owlrl,2,10,721,BASE-Q27,adaptation,core,authorities,data_owner,confidential,boolean_or,edge1|edge2|edge3,3,8.491815,25.237177000000003,1,True,35df7182aa6c75e0a1066245f679b81ec9ad05e9964a0684980a466c9cc63ac4,completed,False,,,
rdfs_owlrl,2,10,721,BASE-Q28,identity_consent,domain,authorities,data_owner,restricted,boolean_or,edge1|edge2|edge3,3,65.636593,150.693127,0,False,92b91e0dd8f69dcc43f3c56062f944147504cf0d80f20c98005fda34c727fd7e,completed,False,,,
rdfs_owlrl,2,10,721,BASE-Q29,topology,core,fog,regional,internal,boolean_or,fog,1,14.578611,14.578611,1,True,35df7182aa6c75e0a1066245f679b81ec9ad05e9964a0684980a466c9cc63ac4,completed,False,,,
rdfs_owlrl,2,10,721,BASE-Q30,federation,core,authorities,data_owner,confidential,boolean_or,edge1|edge2|edge3,3,6.699945,19.929083,1,True,35df7182aa6c75e0a1066245f679b81ec9ad05e9964a0684980a466c9cc63ac4,completed,False,,,
rdfs_owlrl,2,10,721,BASE-Q31,identity_consent,core,cloud,global,internal,single,cloud,1,4.556031,4.556031,3,,65c3b5d67f22eaac6f974d9923765d1fafcd5514a94da5e0a872b73d08547028,completed,False,,,
rdfs_owlrl,2,10,721,BASE-Q32,decision,core,fog,regional,internal,single,fog,1,16.57776,16.57776,4,,b91031de6b6257d2428b9195175f3c860291b874d6603c50eb4713a1b65b2628,completed,False,,,
rdfs_owlrl,2,10,721,BASE-Q33,observability,core,authority_key:http://example.org/smartcity#UserB,data_owner,confidential,single,edge2,1,23.608833,23.608833,6,,590b19873c6fa442afdadbc8ed5ebb9588a33006923bfed39c1b6215b8f0bb25,completed,False,,,
rdfs_owlrl,2,10,721,BASE-Q34,topology,core,fog,regional,internal,single,fog,1,10.868592,10.868592,1,,7c66062f36ae31e8068455da76c0bb4f918e7f6b8ecee7cd8a7946f3b6047884,completed,False,,,
rdfs_owlrl,2,10,721,BASE-Q35,delegation,core,authorities,data_owner,confidential,set_union,edge1|edge2|edge3,3,62.005222,121.373999,223,,3ba95108702ca49a42a1e72048de1f35e44f82ca800d0df0555dfd01224572cd,completed,False,,,
rdfs_owlrl,2,10,721,EXT-Q01,semantic_schema,core,cloud,global,internal,single,cloud,1,6.55677,6.55677,6,,66d5edbbdc2282624ffec271a4a523a20fdc7331b886d2884edf86a885532bcc,completed,False,,,
rdfs_owlrl,2,10,721,EXT-Q02,semantic_schema,core,cloud,global,internal,single,cloud,1,4.883285,4.883285,3,,81bea9a8c2d4cf1237d7fb131249cc18ec4ca629eeabaadbd5f0b9b58d3e3333,completed,False,,,
rdfs_owlrl,2,10,721,EXT-Q03,policy_governance,core,cloud,global,internal,single,cloud,1,15.040074,15.040074,79,,d73ae3d5ddfcd345147bae778101c21ab13194fca3fa92ad08259d39931b66d5,completed,False,,,
rdfs_owlrl,2,10,721,EXT-Q04,policy_governance,core,cloud,global,internal,single,cloud,1,17.539781,17.539781,55,,fced7e97d29b215a8321753998b7519dc1825dacc4af090c67ffc54bee4479bc,completed,False,,,
rdfs_owlrl,2,10,721,EXT-Q05,semantic_schema,core,cloud,global,internal,single,cloud,1,20.476242,20.476242,17,,e0fc9190703b6a7b2695ddc448f5c7e54c4feeff2545477c3194ebfd8ccb1f0c,completed,False,,,
rdfs_owlrl,2,10,721,EXT-Q06,semantic_schema,core,cloud,global,internal,single,cloud,1,3.381098,3.381098,12,,1377568d225cfb45a1899c2ea951adf7ebda5ada4e188dbf5f114110484fa3ae,completed,False,,,
rdfs_owlrl,2,10,721,EXT-Q07,policy_governance,core,cloud,global,internal,single,cloud,1,8.920437,8.920437,67,,c3cf27e703656fdaa8295f23b31076c1afcb14a5022b1b47538e2961fe033646,completed,False,,,
rdfs_owlrl,2,10,721,EXT-Q08,policy_governance,core,cloud,global,internal,single,cloud,1,54.277014,54.277014,1089,,cb9e0103c9327f1c4691ec9d7612deebd04c0e73140f23e2a6209bb8af1efc51,completed,False,,,
rdfs_owlrl,2,10,721,EXT-Q09,policy_governance,core,cloud,global,internal,single,cloud,1,17.278842,17.278842,6,,68de07660e010156bf3f3ea01000180657c8e8fc155ac9a053c3a64dbc538102,completed,False,,,
rdfs_owlrl,2,10,721,EXT-Q10,policy_governance,core,cloud,global,internal,single,cloud,1,46.173806,46.173806,0,,e3b0c44298fc1c149afbf4c8996fb92427ae41e4649b934ca495991b7852b855,completed,False,,,
rdfs_owlrl,2,10,721,EXT-Q11,identity_consent,core,authorities,data_owner,confidential,set_union,edge1|edge2|edge3,3,31.132296,85.183532,35,,92ba472a78003ed0a569eac39f1122f2dd582fd6da2e027e514546b71b97a3e7,completed,False,,,
rdfs_owlrl,2,10,721,EXT-Q12,identity_consent,core,authorities,data_owner,confidential,set_union,edge1|edge2|edge3,3,29.627685,80.145439,38,,177758d5d94ea32b7ef3bef302cf0588e67db1b529a5f4930c73d92b17535bc9,completed,False,,,
rdfs_owlrl,2,10,721,EXT-Q13,identity_consent,core,authorities,data_owner,confidential,set_union,edge1|edge2|edge3,3,24.023408,68.57136299999999,0,,e3b0c44298fc1c149afbf4c8996fb92427ae41e4649b934ca495991b7852b855,completed,False,,,
rdfs_owlrl,2,10,721,EXT-Q14,identity_consent,core,authorities,data_owner,confidential,set_union,edge1|edge2|edge3,3,35.868471,82.68784199999999,0,,e3b0c44298fc1c149afbf4c8996fb92427ae41e4649b934ca495991b7852b855,completed,False,,,
rdfs_owlrl,2,10,721,EXT-Q15,identity_consent,core,authorities,data_owner,confidential,set_union,edge1|edge2|edge3,3,48.489945,137.95376,0,,e3b0c44298fc1c149afbf4c8996fb92427ae41e4649b934ca495991b7852b855,completed,False,,,
rdfs_owlrl,2,10,721,EXT-Q16,identity_consent,core,authorities,data_owner,confidential,set_union,edge1|edge2|edge3,3,15.319241,45.243871,0,,e3b0c44298fc1c149afbf4c8996fb92427ae41e4649b934ca495991b7852b855,completed,False,,,
rdfs_owlrl,2,10,721,EXT-Q17,identity_consent,core,authorities,data_owner,confidential,set_union,edge1|edge2|edge3,3,26.657129,71.001324,8,,3071bd3ad9cc1daac2632f317152a64e2d9d9e0d189068465ece1f8c3872334f,completed,False,,,
rdfs_owlrl,2,10,721,EXT-Q18,identity_consent,core,authorities,data_owner,confidential,set_union,edge1|edge2|edge3,3,29.088852,76.467215,0,,e3b0c44298fc1c149afbf4c8996fb92427ae41e4649b934ca495991b7852b855,completed,False,,,
rdfs_owlrl,2,10,721,EXT-Q19,identity_consent,core,authorities,data_owner,confidential,set_union,edge1|edge2|edge3,3,39.205722,111.215044,0,,e3b0c44298fc1c149afbf4c8996fb92427ae41e4649b934ca495991b7852b855,completed,False,,,
rdfs_owlrl,2,10,721,EXT-Q20,identity_consent,core,authorities,data_owner,confidential,set_union,edge1|edge2|edge3,3,14.0395,39.040978,0,,e3b0c44298fc1c149afbf4c8996fb92427ae41e4649b934ca495991b7852b855,completed,False,,,
rdfs_owlrl,2,10,721,EXT-Q21,identity_consent,core,authorities,data_owner,confidential,set_union,edge1|edge2|edge3,3,27.187241,76.075437,69,,e470cf117e15674f2b501e1b85b0e980f2f2238a5932233d053101e7748e48c4,completed,False,,,
rdfs_owlrl,2,10,721,EXT-Q22,security_identity,domain,authorities,data_owner,restricted,set_union,edge1|edge2|edge3,3,373.20013,1052.632838,0,,e3b0c44298fc1c149afbf4c8996fb92427ae41e4649b934ca495991b7852b855,completed,False,,,
rdfs_owlrl,2,10,721,EXT-Q23,data_lifecycle,core,authorities,data_owner,confidential,set_union,edge1|edge2|edge3,3,26.380537,72.96238,3,,3955e7b96dea26719774b2d2a200be73c38cf84521f9352a6b96ed1af0a71d7a,completed,False,,,
rdfs_owlrl,2,10,721,EXT-Q24,data_lifecycle,core,authorities,data_owner,confidential,set_union,edge1|edge2|edge3,3,27.183186,76.21655,12,,a295d0d25f3946521e2044b9c67ada29717febdd873813974fee510e3f4ff52a,completed,False,,,
rdfs_owlrl,2,10,721,EXT-Q25,data_lifecycle,domain,authorities,data_owner,restricted,set_union,edge1|edge2|edge3,3,43.541389,122.939178,0,,e3b0c44298fc1c149afbf4c8996fb92427ae41e4649b934ca495991b7852b855,completed,False,,,
rdfs_owlrl,2,10,721,EXT-Q26,security_identity,core,authorities,data_owner,confidential,set_union,edge1|edge2|edge3,3,19.776278,57.643338,14,,301d58db8e53bb19d51a1e9254a246aa00955e4c875a0168453a6d7b25c95df7,completed,False,,,
rdfs_owlrl,2,10,721,EXT-Q27,security_identity,core,authorities,data_owner,confidential,set_union,edge1|edge2|edge3,3,48.735426,119.36009899999999,0,,e3b0c44298fc1c149afbf4c8996fb92427ae41e4649b934ca495991b7852b855,completed,False,,,
rdfs_owlrl,2,10,721,EXT-Q28,security_identity,core,authorities,data_owner,confidential,set_union,edge1|edge2|edge3,3,19.088815,56.956136,0,,e3b0c44298fc1c149afbf4c8996fb92427ae41e4649b934ca495991b7852b855,completed,False,,,
rdfs_owlrl,2,10,721,EXT-Q29,security_identity,core,cloud,global,internal,single,cloud,1,3.126687,3.126687,1,,5e56d4b1c34d01016304a6e8bc0397a3d6e7898ce43942ff1b6aab07b06810f2,completed,False,,,
rdfs_owlrl,2,10,721,EXT-Q30,security_identity,core,cloud,global,internal,single,cloud,1,2.417961,2.417961,0,,e3b0c44298fc1c149afbf4c8996fb92427ae41e4649b934ca495991b7852b855,completed,False,,,
rdfs_owlrl,2,10,721,EXT-Q31,data_lifecycle,core,authorities,data_owner,confidential,set_union,edge1|edge2|edge3,3,18.381648,54.345687999999996,0,,e3b0c44298fc1c149afbf4c8996fb92427ae41e4649b934ca495991b7852b855,completed,False,,,
rdfs_owlrl,2,10,721,EXT-Q32,data_lifecycle,core,authorities,data_owner,confidential,set_union,edge1|edge2|edge3,3,11.290292,33.302384,0,,e3b0c44298fc1c149afbf4c8996fb92427ae41e4649b934ca495991b7852b855,completed,False,,,
rdfs_owlrl,2,10,721,EXT-Q33,data_lifecycle,core,authorities,data_owner,confidential,set_union,edge1|edge2|edge3,3,27.240296,71.524268,0,,e3b0c44298fc1c149afbf4c8996fb92427ae41e4649b934ca495991b7852b855,completed,False,,,
rdfs_owlrl,2,10,721,EXT-Q34,data_lifecycle,core,authorities,data_owner,confidential,set_union,edge1|edge2|edge3,3,18.980481,55.443134,0,,e3b0c44298fc1c149afbf4c8996fb92427ae41e4649b934ca495991b7852b855,completed,False,,,
rdfs_owlrl,2,10,721,EXT-Q35,data_lifecycle,core,authorities,data_owner,confidential,set_union,edge1|edge2|edge3,3,15.868037,44.874148,16,,370fabce35bac59c55a67a27d2a800e45de2de8bb73a2ba8a556f0be10f29306,completed,False,,,
rdfs_owlrl,2,10,721,EXT-Q36,context_zones,core,authority_key:http://example.org/smartcity#UserA,data_owner,confidential,single,edge1,1,21.236926,21.236926,1,,b691a10c930fd32c789bb07f0f1fd7d606e3241b1fbe110ce3bb9c0f5b95cd37,completed,False,,,
rdfs_owlrl,2,10,721,EXT-Q37,context_zones,domain,authorities,data_owner,restricted,set_union,edge1|edge2|edge3,3,65.444396,185.78043300000002,0,,e3b0c44298fc1c149afbf4c8996fb92427ae41e4649b934ca495991b7852b855,completed,False,,,
rdfs_owlrl,2,10,721,EXT-Q38,context_zones,domain,authorities,data_owner,restricted,set_union,edge1|edge2|edge3,3,34.969111,104.484432,1,,d0d58146bc80e4e03947b8200631e8b89fdb27ee77b2a31daf4bee1a10c44367,completed,False,,,
rdfs_owlrl,2,10,721,EXT-Q39,context_zones,core,authority_key:http://example.org/smartcity#UserA,data_owner,confidential,single,edge1,1,15.229296,15.229296,5,,1ca154c8210da56b45e42825f86a318f53dc0325a456648a0db2cbcced59de18,completed,False,,,
rdfs_owlrl,2,10,721,EXT-Q40,trust,core,fog,regional,internal,single,fog,1,27.974945,27.974945,8,,668e8d3da023436e0b3b53c5f12489c55929c5346903d5c0b7b1b992f823f8df,completed,False,,,
rdfs_owlrl,2,10,721,EXT-Q41,trust,core,fog,regional,internal,single,fog,1,24.727518,24.727518,0,,e3b0c44298fc1c149afbf4c8996fb92427ae41e4649b934ca495991b7852b855,completed,False,,,
rdfs_owlrl,2,10,721,EXT-Q42,trust,core,fog,regional,internal,single,fog,1,158.479871,158.479871,5,,a936f8276a646c3f47213c62eb605f825d8fee770920c38f095ae922a5febc96,completed,False,,,
rdfs_owlrl,2,10,721,EXT-Q43,trust,core,fog,regional,internal,single,fog,1,31.717908,31.717908,8,,b194843fbc8955399d428ae6e4e9bb4101fe20226aa76f0f1491397c8ce797c2,completed,False,,,
rdfs_owlrl,2,10,721,EXT-Q44,trust,core,authorities,data_owner,confidential,set_union,edge1|edge2|edge3,3,23.109796,62.124838,10,,106b6808e582efd6a78626f18c7807191e7a08ebe629f87847227d80e6ce6f19,completed,False,,,
rdfs_owlrl,2,10,721,EXT-Q45,trust,core,authorities,data_owner,confidential,set_union,edge1|edge2|edge3,3,46.152518,137.619001,0,,e3b0c44298fc1c149afbf4c8996fb92427ae41e4649b934ca495991b7852b855,completed,False,,,
rdfs_owlrl,2,10,721,EXT-Q46,decision,core,authorities,data_owner,confidential,set_union,edge1|edge2|edge3,3,32.699611,86.319996,11,,497649f7b7fb5bb312db17c133552fcb5363c177bcdf3a7d4da3f9e09d27ef3a,completed,False,,,
rdfs_owlrl,2,10,721,EXT-Q47,decision,core,authorities,data_owner,confidential,set_union,edge1|edge2|edge3,3,40.643037,97.843981,0,,e3b0c44298fc1c149afbf4c8996fb92427ae41e4649b934ca495991b7852b855,completed,False,,,
rdfs_owlrl,2,10,721,EXT-Q48,decision,core,authorities,data_owner,confidential,set_union,edge1|edge2|edge3,3,33.837518,95.066963,0,,e3b0c44298fc1c149afbf4c8996fb92427ae41e4649b934ca495991b7852b855,completed,False,,,
rdfs_owlrl,2,10,721,EXT-Q49,decision,core,authorities,data_owner,confidential,set_union,edge1|edge2|edge3,3,28.658296,81.587475,8,,61a1a998385e4071933469d06cffd5e2cd092016daefcdce08d2e38a8bf4d078,completed,False,,,
rdfs_owlrl,2,10,721,EXT-Q50,decision,core,authorities,data_owner,confidential,set_union,edge1|edge2|edge3,3,33.085778,98.327337,0,,e3b0c44298fc1c149afbf4c8996fb92427ae41e4649b934ca495991b7852b855,completed,False,,,
rdfs_owlrl,2,10,721,EXT-Q51,decision,core,authorities,data_owner,confidential,set_union,edge1|edge2|edge3,3,31.26587,81.241882,32,,d96e9e0968e2bb5a55d9ce98a9e9522d5cb6082d083dcb5d8b65c30d87614d48,completed,False,,,
rdfs_owlrl,2,10,721,EXT-Q52,decision,core,authorities,data_owner,confidential,set_union,edge1|edge2|edge3,3,29.721056,73.26386,32,,e4cc722951be46789eb75264501a53ba96774192510017491e856efc76f0aa19,completed,False,,,
rdfs_owlrl,2,10,721,EXT-Q53,decision,core,authorities,data_owner,confidential,set_union,edge1|edge2|edge3,3,50.679556,145.468393,0,,e3b0c44298fc1c149afbf4c8996fb92427ae41e4649b934ca495991b7852b855,completed,False,,,
rdfs_owlrl,2,10,721,EXT-Q54,decision,domain,authorities,data_owner,restricted,set_union,edge1|edge2|edge3,3,29.114556,81.497515,0,,e3b0c44298fc1c149afbf4c8996fb92427ae41e4649b934ca495991b7852b855,completed,False,,,
rdfs_owlrl,2,10,721,EXT-Q55,decision,core,authorities,data_owner,confidential,set_union,edge1|edge2|edge3,3,20.985186,59.688007,8,,8c3e48566f94616cee569d9b5812ba30ec566c1adc22c2c92d13749c523df534,completed,False,,,
rdfs_owlrl,2,10,721,EXT-Q56,decision,core,authorities,data_owner,confidential,set_union,edge1|edge2|edge3,3,49.576148,145.40506,0,,e3b0c44298fc1c149afbf4c8996fb92427ae41e4649b934ca495991b7852b855,completed,False,,,
rdfs_owlrl,2,10,721,EXT-Q57,decision,core,authorities,data_owner,confidential,set_union,edge1|edge2|edge3,3,18.930561,56.127117,7,,058d2944c03f01a48917edc20c871d5f86e2b184778cd894bf433e94a8ffca12,completed,False,,,
rdfs_owlrl,2,10,721,EXT-Q58,decision,core,authorities,data_owner,confidential,set_union,edge1|edge2|edge3,3,29.812944,88.07122,7,,5a003716962d1299d69dd1de460f6a48eb40b34fbbb1eeb486379f039621a795,completed,False,,,
rdfs_owlrl,2,10,721,EXT-Q59,adaptation,core,authorities,data_owner,confidential,set_union,edge1|edge2|edge3,3,73.471166,156.034842,46,,6d76048920e8bb121bc7b88947a49ba8133cedadb9c2c7dcfa1f864eb8cdb281,completed,False,,,
rdfs_owlrl,2,10,721,EXT-Q60,adaptation,core,authorities,data_owner,confidential,set_union,edge1|edge2|edge3,3,26.660241,77.74982800000001,1,,285931564bf116179a45da920fdf958a3347ea1df763213bb7e2afba77c47d16,completed,False,,,
rdfs_owlrl,2,10,721,EXT-Q61,adaptation,core,authorities,data_owner,confidential,set_union,edge1|edge2|edge3,3,8.245196,24.138326,0,,e3b0c44298fc1c149afbf4c8996fb92427ae41e4649b934ca495991b7852b855,completed,False,,,
rdfs_owlrl,2,10,721,EXT-Q62,adaptation,core,authorities,data_owner,confidential,set_union,edge1|edge2|edge3,3,23.052555,66.679267,1,,3dafef0eca79c68f05b79939f40198bc13232639d500d3e9875bc263b0f00d4d,completed,False,,,
rdfs_owlrl,2,10,721,EXT-Q63,delegation,core,authorities,data_owner,confidential,set_union,edge1|edge2|edge3,3,24.483555,71.983751,1,,d4b4c3785ae985658dfc4a4433dd002e5aec5a2321080af4e85474c06a3404f5,completed,False,,,
rdfs_owlrl,2,10,721,EXT-Q64,delegation,core,authorities,data_owner,confidential,set_union,edge1|edge2|edge3,3,21.607407,61.867746999999994,0,,e3b0c44298fc1c149afbf4c8996fb92427ae41e4649b934ca495991b7852b855,completed,False,,,
rdfs_owlrl,2,10,721,EXT-Q65,delegation,core,authorities,data_owner,confidential,set_union,edge1|edge2|edge3,3,12.800371,38.181775,0,,e3b0c44298fc1c149afbf4c8996fb92427ae41e4649b934ca495991b7852b855,completed,False,,,
rdfs_owlrl,2,10,721,EXT-Q66,federation,core,authorities,data_owner,confidential,set_union,edge1|edge2|edge3,3,25.899037,73.30188100000001,2,,1a9af60cfbb87dd79b68021c3d70e1ee6f230e648f1ad6360ef50fffd374b4df,completed,False,,,
rdfs_owlrl,2,10,721,EXT-Q67,federation,core,authorities,data_owner,confidential,set_union,edge1|edge2|edge3,3,39.381667,115.439177,0,,e3b0c44298fc1c149afbf4c8996fb92427ae41e4649b934ca495991b7852b855,completed,False,,,
rdfs_owlrl,2,10,721,EXT-Q68,federation,core,authorities,data_owner,confidential,set_union,edge1|edge2|edge3,3,25.995814,74.720863,0,,e3b0c44298fc1c149afbf4c8996fb92427ae41e4649b934ca495991b7852b855,completed,False,,,
rdfs_owlrl,2,10,721,EXT-Q69,federation,core,authorities,data_owner,confidential,set_union,edge1|edge2|edge3,3,31.85024,88.238274,2,,8271d93912e320b11a3ca6d70e5061d5132abb26053b022198090871531d61eb,completed,False,,,
rdfs_owlrl,2,10,721,EXT-Q70,audit_temporal,core,authorities,data_owner,confidential,set_union,edge1|edge2|edge3,3,110.800167,182.008489,204,,01824916f48e90d6c6df066f2950c4d8a2e2d6f71ba4af556d43e8921ae41930,completed,False,,,
rdfs_owlrl,2,10,721,EXT-Q71,audit_temporal,core,authorities,data_owner,confidential,set_union,edge1|edge2|edge3,3,41.814055,110.277839,0,,e3b0c44298fc1c149afbf4c8996fb92427ae41e4649b934ca495991b7852b855,completed,False,,,
rdfs_owlrl,2,10,721,EXT-Q72,audit_temporal,core,authorities,data_owner,confidential,set_union,edge1|edge2|edge3,3,29.648667,81.465403,0,,e3b0c44298fc1c149afbf4c8996fb92427ae41e4649b934ca495991b7852b855,completed,False,,,
rdfs_owlrl,2,10,721,EXT-Q73,audit_temporal,core,authorities,data_owner,confidential,set_union,edge1|edge2|edge3,3,99.008315,225.537449,200,,46d1ef95936a63e101a14f7b06eb1eba304a1f4094308a8f63c177807c777af5,completed,False,,,
rdfs_owlrl,2,10,721,EXT-Q74,audit_temporal,core,authorities,data_owner,confidential,set_union,edge1|edge2|edge3,3,147.997148,349.308051,0,,e3b0c44298fc1c149afbf4c8996fb92427ae41e4649b934ca495991b7852b855,completed,False,,,
rdfs_owlrl,2,10,721,EXT-Q75,validation,core,cloud,global,internal,single,cloud,1,17.700398,17.700398,74,,8dd432df42d733f2411b2aebc51682848ddadc97425c41088f0a99090f77f1c0,completed,False,,,
rdfs_owlrl,2,10,721,EXT-Q76,validation,core,cloud,global,internal,single,cloud,1,7.18578,7.18578,9,,50bf3d3f7f446e045722279f6d243ecc804cd2cf73b381d9c89f530b567855ea,completed,False,,,
rdfs_owlrl,2,10,721,EXT-Q77,validation,core,cloud,global,internal,single,cloud,1,8.97686,8.97686,6,,ba52fb52449a77784e328f0aaa19807ddd9156c7457ea722a8af2f2082dce9ad,completed,False,,,
rdfs_owlrl,2,10,721,EXT-Q78,policy_governance,core,cloud,global,internal,single,cloud,1,12.896385,12.896385,37,,dc49d089c1cfb621b31177ad5794c8ca7638f40689eba56af4f4ea2a38c683f1,completed,False,,,
rdfs_owlrl,2,10,721,EXT-Q79,policy_governance,core,cloud,global,internal,single,cloud,1,9.883578,9.883578,0,,e3b0c44298fc1c149afbf4c8996fb92427ae41e4649b934ca495991b7852b855,completed,False,,,
rdfs_owlrl,2,10,721,EXT-Q80,validation,core,cloud,global,internal,single,cloud,1,32.159375,32.159375,13,,7b81a06628b0ed47983abd578c902f47906271bc5a38f63144daa74510daf865,completed,False,,,
rdfs_owlrl,3,10,721,BASE-Q01,identity_consent,core,authorities,data_owner,confidential,set_union,edge1|edge2|edge3,3,30.316908,88.408001,14,,0c349a47410857bdf39d17fddeb9f2fb1f83945b742ce73aa8d2de39c6956b96,completed,False,,,
rdfs_owlrl,3,10,721,BASE-Q02,topology,core,authority_key:http://example.org/smartcity#UserB,data_owner,confidential,single,edge2,1,22.469185,22.469185,11,,363f868a57a5e5f601b8d524b05460273fbf45427eb805af595f694133371b51,completed,False,,,
rdfs_owlrl,3,10,721,BASE-Q03,wellbeing,domain,authorities,data_owner,restricted,set_union,edge1|edge2|edge3,3,20.940593,59.487913,14,,78a62a2fe8a260fee54aa4c92c727ab64a08c27c3ecf06604d077c9bc1bea0c7,completed,False,,,
rdfs_owlrl,3,10,721,BASE-Q04,decision,core,authority_key:http://example.org/smartcity#UserB,data_owner,confidential,single,edge2,1,21.985037,21.985037,7,,cc222a87554e870ffae43cba023647670c0589b8ec1b4500dd1d797a399c3bf2,completed,False,,,
rdfs_owlrl,3,10,721,BASE-Q05,wellbeing,domain,authorities,data_owner,restricted,set_union,edge1|edge2|edge3,3,20.552407,57.141076999999996,5,,4b096b851fd9e6935d2e2e6c7bd57464c473db58008af4b34e60338033a84d23,completed,False,,,
rdfs_owlrl,3,10,721,BASE-Q06,identity_consent,core,cloud,global,internal,single,cloud,1,7.59294,7.59294,10,,f8aebcef3bdb5c68142d34426190fd6a36c4b31394471c9c7602e6c19e67ff84,completed,False,,,
rdfs_owlrl,3,10,721,BASE-Q07,observability,core,fog,regional,internal,single,fog,1,34.156537,34.156537,8,,ca2b51bfcca172872762ed97ca97be2a1dcd2b9c7281006f9eb3bccef56ed28e,completed,False,,,
rdfs_owlrl,3,10,721,BASE-Q08,observability,core,fog,regional,internal,single,fog,1,37.34724,37.34724,2,,6527f1e187dfa51f5dc78e109fe2d9fb47aed82a4ec8f897d1dda6ee6850aa0a,completed,False,,,
rdfs_owlrl,3,10,721,BASE-Q09,wellbeing,domain,authorities,data_owner,restricted,set_union,edge1|edge2|edge3,3,24.997037,70.898547,16,,7654d5623046770904ca4d90b9b66be759205e42c085d06fa9af092a1677a5fb,completed,False,,,
rdfs_owlrl,3,10,721,BASE-Q10,observability,domain,authorities,data_owner,restricted,set_union,edge1|edge2|edge3,3,29.704889,86.071646,14,,ebfceaa48c74f82d223484d33010433799771f8412f64624d32eeb638d1d53b7,completed,False,,,
rdfs_owlrl,3,10,721,BASE-Q11,wellbeing,core,authority_key:http://example.org/smartcity#UserA,data_owner,confidential,single,edge1,1,14.362944,14.362944,1,,941d461ce01f2fa52ba95291e46e52524d75bd44e2b938eab7e81404936a8b7c,completed,False,,,
rdfs_owlrl,3,10,721,BASE-Q12,adaptation,core,authorities,data_owner,confidential,set_union,edge1|edge2|edge3,3,14.478537,42.36139,1,,ddcd6b8cd42f3d2e1f6aa052eeeca5d4423f9db85cdc91915481db3956dfffff,completed,False,,,
rdfs_owlrl,3,10,721,BASE-Q13,adaptation,core,authorities,data_owner,confidential,set_union,edge1|edge2|edge3,3,18.699,53.684225,1,,25e56d4be1969d1d6de5386e2c3ff26456f8069edb7847a9dc7e32a9b09c8948,completed,False,,,
rdfs_owlrl,3,10,721,BASE-Q14,delegation,core,authority_key:http://example.org/smartcity#UserA,data_owner,confidential,single,edge1,1,16.833926,16.833926,1,,dcd8c3258e95549dde016df10cf22183c036214d75d30e686ca7ac2fb5ea3271,completed,False,,,
rdfs_owlrl,3,10,721,BASE-Q15,identity_consent,core,authorities,data_owner,confidential,set_union,edge1|edge2|edge3,3,14.665241,38.066868,1,,7ac55bded7c8d1294bfcac4ddeb28b5921a8083a19185e216bf5d1c0d62bd370,completed,False,,,
rdfs_owlrl,3,10,721,BASE-Q16,federation,core,authorities,data_owner,confidential,set_union,edge1|edge2|edge3,3,26.388685,75.335252,3,,550eeca87dc96402bbed090f1737eaacfb6b27d2290401797018cbcf303b8147,completed,False,,,
rdfs_owlrl,3,10,721,BASE-Q17,context_zones,domain,authorities,data_owner,restricted,set_union,edge1|edge2|edge3,3,17.102596,51.005725999999996,1,,50b7b5a085e0802a1897953a959e0c9ea4c5f943dc26de55b2219ea7deac4b89,completed,False,,,
rdfs_owlrl,3,10,721,BASE-Q18,context_zones,core,authorities,data_owner,confidential,set_union,edge1|edge2|edge3,3,10.320926,30.102938,1,,200d4d55bb0d8b9374961d2df3fa99d83d8caf54dc79a7784bb84dd44b081eda,completed,False,,,
rdfs_owlrl,3,10,721,BASE-Q19,decision,core,fog,regional,internal,single,fog,1,34.659351,34.659351,5,,14ff5f393f619913b6627f132ac802eb3d0b2560e5619a0d995e34dac1f39b45,completed,False,,,
rdfs_owlrl,3,10,721,BASE-Q20,identity_consent,domain,authorities,data_owner,restricted,set_union,edge1|edge2|edge3,3,26.389574,75.261568,14,,aec9decbbbba2e3cd769dad408cb52c99918afe22ae8b88c47458f4f8eb80777,completed,False,,,
rdfs_owlrl,3,10,721,BASE-Q21,decision,core,authorities,data_owner,confidential,set_union,edge1|edge2|edge3,3,31.361037,84.074626,11,,7fc13e36a90de226eedecbd26ccd453be5ba11798c2c5af4a7d857a15cbb7e1e,completed,False,,,
rdfs_owlrl,3,10,721,BASE-Q22,adaptation,core,authorities,data_owner,confidential,set_union,edge1|edge2|edge3,3,25.423717,73.598791,3,,70205401426a8e8adbf4220710b3638c6a47af2e7e7264f0b771b1bcbb070e80,completed,False,,,
rdfs_owlrl,3,10,721,BASE-Q23,topology,core,authorities,data_owner,confidential,set_union,edge1|edge2|edge3,3,22.328148,65.076639,11,,ab28b001dc7dad484970573565561e81101f03147af46054afb9531199409a97,completed,False,,,
rdfs_owlrl,3,10,721,BASE-Q24,federation,core,authorities,data_owner,confidential,set_union,edge1|edge2|edge3,3,29.149444,80.727716,5,,0d4871d54d4eadbfa110f9223c2a6b641ea8c65326db34ade1288d5eab5ceb54,completed,False,,,
rdfs_owlrl,3,10,721,BASE-Q25,identity_consent,core,authorities,data_owner,confidential,set_union,edge1|edge2|edge3,3,13.668017,40.245683,1,,4591a69ecb6837fd65b28a9688ad10f0fb7b8ca54c1a6ac395ef142fc831cfbf,completed,False,,,
rdfs_owlrl,3,10,721,BASE-Q26,observability,core,fog,regional,internal,boolean_or,fog,1,5.791074,5.791074,1,True,35df7182aa6c75e0a1066245f679b81ec9ad05e9964a0684980a466c9cc63ac4,completed,False,,,
rdfs_owlrl,3,10,721,BASE-Q27,adaptation,core,authorities,data_owner,confidential,boolean_or,edge1|edge2|edge3,3,8.410463,25.113733,1,True,35df7182aa6c75e0a1066245f679b81ec9ad05e9964a0684980a466c9cc63ac4,completed,False,,,
rdfs_owlrl,3,10,721,BASE-Q28,identity_consent,domain,authorities,data_owner,restricted,boolean_or,edge1|edge2|edge3,3,66.721352,154.602202,0,False,92b91e0dd8f69dcc43f3c56062f944147504cf0d80f20c98005fda34c727fd7e,completed,False,,,
rdfs_owlrl,3,10,721,BASE-Q29,topology,core,fog,regional,internal,boolean_or,fog,1,14.076371,14.076371,1,True,35df7182aa6c75e0a1066245f679b81ec9ad05e9964a0684980a466c9cc63ac4,completed,False,,,
rdfs_owlrl,3,10,721,BASE-Q30,federation,core,authorities,data_owner,confidential,boolean_or,edge1|edge2|edge3,3,6.654297,19.852805,1,True,35df7182aa6c75e0a1066245f679b81ec9ad05e9964a0684980a466c9cc63ac4,completed,False,,,
rdfs_owlrl,3,10,721,BASE-Q31,identity_consent,core,cloud,global,internal,single,cloud,1,3.939575,3.939575,3,,65c3b5d67f22eaac6f974d9923765d1fafcd5514a94da5e0a872b73d08547028,completed,False,,,
rdfs_owlrl,3,10,721,BASE-Q32,decision,core,fog,regional,internal,single,fog,1,16.2385,16.2385,4,,b91031de6b6257d2428b9195175f3c860291b874d6603c50eb4713a1b65b2628,completed,False,,,
rdfs_owlrl,3,10,721,BASE-Q33,observability,core,authority_key:http://example.org/smartcity#UserB,data_owner,confidential,single,edge2,1,23.504463,23.504463,6,,590b19873c6fa442afdadbc8ed5ebb9588a33006923bfed39c1b6215b8f0bb25,completed,False,,,
rdfs_owlrl,3,10,721,BASE-Q34,topology,core,fog,regional,internal,single,fog,1,148.769444,148.769444,1,,7c66062f36ae31e8068455da76c0bb4f918e7f6b8ecee7cd8a7946f3b6047884,completed,False,,,
rdfs_owlrl,3,10,721,BASE-Q35,delegation,core,authorities,data_owner,confidential,set_union,edge1|edge2|edge3,3,62.435185,121.792203,223,,3ba95108702ca49a42a1e72048de1f35e44f82ca800d0df0555dfd01224572cd,completed,False,,,
rdfs_owlrl,3,10,721,EXT-Q01,semantic_schema,core,cloud,global,internal,single,cloud,1,9.539863,9.539863,6,,66d5edbbdc2282624ffec271a4a523a20fdc7331b886d2884edf86a885532bcc,completed,False,,,
rdfs_owlrl,3,10,721,EXT-Q02,semantic_schema,core,cloud,global,internal,single,cloud,1,4.972713,4.972713,3,,81bea9a8c2d4cf1237d7fb131249cc18ec4ca629eeabaadbd5f0b9b58d3e3333,completed,False,,,
rdfs_owlrl,3,10,721,EXT-Q03,policy_governance,core,cloud,global,internal,single,cloud,1,15.57071,15.57071,79,,d73ae3d5ddfcd345147bae778101c21ab13194fca3fa92ad08259d39931b66d5,completed,False,,,
rdfs_owlrl,3,10,721,EXT-Q04,policy_governance,core,cloud,global,internal,single,cloud,1,13.761216,13.761216,55,,fced7e97d29b215a8321753998b7519dc1825dacc4af090c67ffc54bee4479bc,completed,False,,,
rdfs_owlrl,3,10,721,EXT-Q05,semantic_schema,core,cloud,global,internal,single,cloud,1,17.059113,17.059113,17,,e0fc9190703b6a7b2695ddc448f5c7e54c4feeff2545477c3194ebfd8ccb1f0c,completed,False,,,
rdfs_owlrl,3,10,721,EXT-Q06,semantic_schema,core,cloud,global,internal,single,cloud,1,19.870226,19.870226,12,,1377568d225cfb45a1899c2ea951adf7ebda5ada4e188dbf5f114110484fa3ae,completed,False,,,
rdfs_owlrl,3,10,721,EXT-Q07,policy_governance,core,cloud,global,internal,single,cloud,1,9.256114,9.256114,67,,c3cf27e703656fdaa8295f23b31076c1afcb14a5022b1b47538e2961fe033646,completed,False,,,
rdfs_owlrl,3,10,721,EXT-Q08,policy_governance,core,cloud,global,internal,single,cloud,1,55.553656,55.553656,1089,,cb9e0103c9327f1c4691ec9d7612deebd04c0e73140f23e2a6209bb8af1efc51,completed,False,,,
rdfs_owlrl,3,10,721,EXT-Q09,policy_governance,core,cloud,global,internal,single,cloud,1,41.519971,41.519971,6,,68de07660e010156bf3f3ea01000180657c8e8fc155ac9a053c3a64dbc538102,completed,False,,,
rdfs_owlrl,3,10,721,EXT-Q10,policy_governance,core,cloud,global,internal,single,cloud,1,39.512981,39.512981,0,,e3b0c44298fc1c149afbf4c8996fb92427ae41e4649b934ca495991b7852b855,completed,False,,,
rdfs_owlrl,3,10,721,EXT-Q11,identity_consent,core,authorities,data_owner,confidential,set_union,edge1|edge2|edge3,3,28.484037,82.913606,35,,92ba472a78003ed0a569eac39f1122f2dd582fd6da2e027e514546b71b97a3e7,completed,False,,,
rdfs_owlrl,3,10,721,EXT-Q12,identity_consent,core,authorities,data_owner,confidential,set_union,edge1|edge2|edge3,3,29.092241,79.29694,38,,177758d5d94ea32b7ef3bef302cf0588e67db1b529a5f4930c73d92b17535bc9,completed,False,,,
rdfs_owlrl,3,10,721,EXT-Q13,identity_consent,core,authorities,data_owner,confidential,set_union,edge1|edge2|edge3,3,23.883629,68.488676,0,,e3b0c44298fc1c149afbf4c8996fb92427ae41e4649b934ca495991b7852b855,completed,False,,,
rdfs_owlrl,3,10,721,EXT-Q14,identity_consent,core,authorities,data_owner,confidential,set_union,edge1|edge2|edge3,3,24.372185,69.024917,0,,e3b0c44298fc1c149afbf4c8996fb92427ae41e4649b934ca495991b7852b855,completed,False,,,
rdfs_owlrl,3,10,721,EXT-Q15,identity_consent,core,authorities,data_owner,confidential,set_union,edge1|edge2|edge3,3,48.104704,136.946927,0,,e3b0c44298fc1c149afbf4c8996fb92427ae41e4649b934ca495991b7852b855,completed,False,,,
rdfs_owlrl,3,10,721,EXT-Q16,identity_consent,core,authorities,data_owner,confidential,set_union,edge1|edge2|edge3,3,18.334148,48.173777,0,,e3b0c44298fc1c149afbf4c8996fb92427ae41e4649b934ca495991b7852b855,completed,False,,,
rdfs_owlrl,3,10,721,EXT-Q17,identity_consent,core,authorities,data_owner,confidential,set_union,edge1|edge2|edge3,3,26.33174,70.211489,8,,3071bd3ad9cc1daac2632f317152a64e2d9d9e0d189068465ece1f8c3872334f,completed,False,,,
rdfs_owlrl,3,10,721,EXT-Q18,identity_consent,core,authorities,data_owner,confidential,set_union,edge1|edge2|edge3,3,28.936611,76.575567,0,,e3b0c44298fc1c149afbf4c8996fb92427ae41e4649b934ca495991b7852b855,completed,False,,,
rdfs_owlrl,3,10,721,EXT-Q19,identity_consent,core,authorities,data_owner,confidential,set_union,edge1|edge2|edge3,3,39.198796,110.846803,0,,e3b0c44298fc1c149afbf4c8996fb92427ae41e4649b934ca495991b7852b855,completed,False,,,
rdfs_owlrl,3,10,721,EXT-Q20,identity_consent,core,authorities,data_owner,confidential,set_union,edge1|edge2|edge3,3,13.020611,38.054238,0,,e3b0c44298fc1c149afbf4c8996fb92427ae41e4649b934ca495991b7852b855,completed,False,,,
rdfs_owlrl,3,10,721,EXT-Q21,identity_consent,core,authorities,data_owner,confidential,set_union,edge1|edge2|edge3,3,26.513056,73.736308,69,,e470cf117e15674f2b501e1b85b0e980f2f2238a5932233d053101e7748e48c4,completed,False,,,
rdfs_owlrl,3,10,721,EXT-Q22,security_identity,domain,authorities,data_owner,restricted,set_union,edge1|edge2|edge3,3,363.836,967.5536870000001,0,,e3b0c44298fc1c149afbf4c8996fb92427ae41e4649b934ca495991b7852b855,completed,False,,,
rdfs_owlrl,3,10,721,EXT-Q23,data_lifecycle,core,authorities,data_owner,confidential,set_union,edge1|edge2|edge3,3,26.220111,75.490421,3,,3955e7b96dea26719774b2d2a200be73c38cf84521f9352a6b96ed1af0a71d7a,completed,False,,,
rdfs_owlrl,3,10,721,EXT-Q24,data_lifecycle,core,authorities,data_owner,confidential,set_union,edge1|edge2|edge3,3,26.947704,76.587494,12,,a295d0d25f3946521e2044b9c67ada29717febdd873813974fee510e3f4ff52a,completed,False,,,
rdfs_owlrl,3,10,721,EXT-Q25,data_lifecycle,domain,authorities,data_owner,restricted,set_union,edge1|edge2|edge3,3,43.502167,123.396309,0,,e3b0c44298fc1c149afbf4c8996fb92427ae41e4649b934ca495991b7852b855,completed,False,,,
rdfs_owlrl,3,10,721,EXT-Q26,security_identity,core,authorities,data_owner,confidential,set_union,edge1|edge2|edge3,3,20.547852,58.655559999999994,14,,301d58db8e53bb19d51a1e9254a246aa00955e4c875a0168453a6d7b25c95df7,completed,False,,,
rdfs_owlrl,3,10,721,EXT-Q27,security_identity,core,authorities,data_owner,confidential,set_union,edge1|edge2|edge3,3,49.031593,121.93928600000001,0,,e3b0c44298fc1c149afbf4c8996fb92427ae41e4649b934ca495991b7852b855,completed,False,,,
rdfs_owlrl,3,10,721,EXT-Q28,security_identity,core,authorities,data_owner,confidential,set_union,edge1|edge2|edge3,3,19.011166,56.877505,0,,e3b0c44298fc1c149afbf4c8996fb92427ae41e4649b934ca495991b7852b855,completed,False,,,
rdfs_owlrl,3,10,721,EXT-Q29,security_identity,core,cloud,global,internal,single,cloud,1,3.884466,3.884466,1,,5e56d4b1c34d01016304a6e8bc0397a3d6e7898ce43942ff1b6aab07b06810f2,completed,False,,,
rdfs_owlrl,3,10,721,EXT-Q30,security_identity,core,cloud,global,internal,single,cloud,1,2.551219,2.551219,0,,e3b0c44298fc1c149afbf4c8996fb92427ae41e4649b934ca495991b7852b855,completed,False,,,
rdfs_owlrl,3,10,721,EXT-Q31,data_lifecycle,core,authorities,data_owner,confidential,set_union,edge1|edge2|edge3,3,19.359907,55.342502999999994,0,,e3b0c44298fc1c149afbf4c8996fb92427ae41e4649b934ca495991b7852b855,completed,False,,,
rdfs_owlrl,3,10,721,EXT-Q32,data_lifecycle,core,authorities,data_owner,confidential,set_union,edge1|edge2|edge3,3,11.63407,33.623866,0,,e3b0c44298fc1c149afbf4c8996fb92427ae41e4649b934ca495991b7852b855,completed,False,,,
rdfs_owlrl,3,10,721,EXT-Q33,data_lifecycle,core,authorities,data_owner,confidential,set_union,edge1|edge2|edge3,3,167.981722,211.056952,0,,e3b0c44298fc1c149afbf4c8996fb92427ae41e4649b934ca495991b7852b855,completed,False,,,
rdfs_owlrl,3,10,721,EXT-Q34,data_lifecycle,core,authorities,data_owner,confidential,set_union,edge1|edge2|edge3,3,18.94,55.322744,0,,e3b0c44298fc1c149afbf4c8996fb92427ae41e4649b934ca495991b7852b855,completed,False,,,
rdfs_owlrl,3,10,721,EXT-Q35,data_lifecycle,core,authorities,data_owner,confidential,set_union,edge1|edge2|edge3,3,16.439963,45.451721,16,,370fabce35bac59c55a67a27d2a800e45de2de8bb73a2ba8a556f0be10f29306,completed,False,,,
rdfs_owlrl,3,10,721,EXT-Q36,context_zones,core,authority_key:http://example.org/smartcity#UserA,data_owner,confidential,single,edge1,1,20.927926,20.927926,1,,b691a10c930fd32c789bb07f0f1fd7d606e3241b1fbe110ce3bb9c0f5b95cd37,completed,False,,,
rdfs_owlrl,3,10,721,EXT-Q37,context_zones,domain,authorities,data_owner,restricted,set_union,edge1|edge2|edge3,3,60.999277,179.66325899999998,0,,e3b0c44298fc1c149afbf4c8996fb92427ae41e4649b934ca495991b7852b855,completed,False,,,
rdfs_owlrl,3,10,721,EXT-Q38,context_zones,domain,authorities,data_owner,restricted,set_union,edge1|edge2|edge3,3,35.132044,104.300747,1,,d0d58146bc80e4e03947b8200631e8b89fdb27ee77b2a31daf4bee1a10c44367,completed,False,,,
rdfs_owlrl,3,10,721,EXT-Q39,context_zones,core,authority_key:http://example.org/smartcity#UserA,data_owner,confidential,single,edge1,1,15.064166,15.064166,5,,1ca154c8210da56b45e42825f86a318f53dc0325a456648a0db2cbcced59de18,completed,False,,,
rdfs_owlrl,3,10,721,EXT-Q40,trust,core,fog,regional,internal,single,fog,1,28.374481,28.374481,8,,668e8d3da023436e0b3b53c5f12489c55929c5346903d5c0b7b1b992f823f8df,completed,False,,,
rdfs_owlrl,3,10,721,EXT-Q41,trust,core,fog,regional,internal,single,fog,1,24.652481,24.652481,0,,e3b0c44298fc1c149afbf4c8996fb92427ae41e4649b934ca495991b7852b855,completed,False,,,
rdfs_owlrl,3,10,721,EXT-Q42,trust,core,fog,regional,internal,single,fog,1,19.996018,19.996018,5,,a936f8276a646c3f47213c62eb605f825d8fee770920c38f095ae922a5febc96,completed,False,,,
rdfs_owlrl,3,10,721,EXT-Q43,trust,core,fog,regional,internal,single,fog,1,31.129704,31.129704,8,,b194843fbc8955399d428ae6e4e9bb4101fe20226aa76f0f1491397c8ce797c2,completed,False,,,
rdfs_owlrl,3,10,721,EXT-Q44,trust,core,authorities,data_owner,confidential,set_union,edge1|edge2|edge3,3,24.691074,67.254913,10,,106b6808e582efd6a78626f18c7807191e7a08ebe629f87847227d80e6ce6f19,completed,False,,,
rdfs_owlrl,3,10,721,EXT-Q45,trust,core,authorities,data_owner,confidential,set_union,edge1|edge2|edge3,3,46.13176,137.387706,0,,e3b0c44298fc1c149afbf4c8996fb92427ae41e4649b934ca495991b7852b855,completed,False,,,
rdfs_owlrl,3,10,721,EXT-Q46,decision,core,authorities,data_owner,confidential,set_union,edge1|edge2|edge3,3,32.770777,86.21438500000001,11,,497649f7b7fb5bb312db17c133552fcb5363c177bcdf3a7d4da3f9e09d27ef3a,completed,False,,,
rdfs_owlrl,3,10,721,EXT-Q47,decision,core,authorities,data_owner,confidential,set_union,edge1|edge2|edge3,3,37.840092,94.643294,0,,e3b0c44298fc1c149afbf4c8996fb92427ae41e4649b934ca495991b7852b855,completed,False,,,
rdfs_owlrl,3,10,721,EXT-Q48,decision,core,authorities,data_owner,confidential,set_union,edge1|edge2|edge3,3,32.665444,93.852982,0,,e3b0c44298fc1c149afbf4c8996fb92427ae41e4649b934ca495991b7852b855,completed,False,,,
rdfs_owlrl,3,10,721,EXT-Q49,decision,core,authorities,data_owner,confidential,set_union,edge1|edge2|edge3,3,28.084685,77.796216,8,,61a1a998385e4071933469d06cffd5e2cd092016daefcdce08d2e38a8bf4d078,completed,False,,,
rdfs_owlrl,3,10,721,EXT-Q50,decision,core,authorities,data_owner,confidential,set_union,edge1|edge2|edge3,3,33.001389,98.890559,0,,e3b0c44298fc1c149afbf4c8996fb92427ae41e4649b934ca495991b7852b855,completed,False,,,
rdfs_owlrl,3,10,721,EXT-Q51,decision,core,authorities,data_owner,confidential,set_union,edge1|edge2|edge3,3,31.724685,79.360438,32,,d96e9e0968e2bb5a55d9ce98a9e9522d5cb6082d083dcb5d8b65c30d87614d48,completed,False,,,
rdfs_owlrl,3,10,721,EXT-Q52,decision,core,authorities,data_owner,confidential,set_union,edge1|edge2|edge3,3,29.816074,73.305933,32,,e4cc722951be46789eb75264501a53ba96774192510017491e856efc76f0aa19,completed,False,,,
rdfs_owlrl,3,10,721,EXT-Q53,decision,core,authorities,data_owner,confidential,set_union,edge1|edge2|edge3,3,50.569703,145.454966,0,,e3b0c44298fc1c149afbf4c8996fb92427ae41e4649b934ca495991b7852b855,completed,False,,,
rdfs_owlrl,3,10,721,EXT-Q54,decision,domain,authorities,data_owner,restricted,set_union,edge1|edge2|edge3,3,29.223037,81.31594100000001,0,,e3b0c44298fc1c149afbf4c8996fb92427ae41e4649b934ca495991b7852b855,completed,False,,,
rdfs_owlrl,3,10,721,EXT-Q55,decision,core,authorities,data_owner,confidential,set_union,edge1|edge2|edge3,3,21.155963,60.26319,8,,8c3e48566f94616cee569d9b5812ba30ec566c1adc22c2c92d13749c523df534,completed,False,,,
rdfs_owlrl,3,10,721,EXT-Q56,decision,core,authorities,data_owner,confidential,set_union,edge1|edge2|edge3,3,51.31887,147.66678199999998,0,,e3b0c44298fc1c149afbf4c8996fb92427ae41e4649b934ca495991b7852b855,completed,False,,,
rdfs_owlrl,3,10,721,EXT-Q57,decision,core,authorities,data_owner,confidential,set_union,edge1|edge2|edge3,3,18.952505,56.186949,7,,058d2944c03f01a48917edc20c871d5f86e2b184778cd894bf433e94a8ffca12,completed,False,,,
rdfs_owlrl,3,10,721,EXT-Q58,decision,core,authorities,data_owner,confidential,set_union,edge1|edge2|edge3,3,30.164833,88.61322,7,,5a003716962d1299d69dd1de460f6a48eb40b34fbbb1eeb486379f039621a795,completed,False,,,
rdfs_owlrl,3,10,721,EXT-Q59,adaptation,core,authorities,data_owner,confidential,set_union,edge1|edge2|edge3,3,73.591778,150.550419,46,,6d76048920e8bb121bc7b88947a49ba8133cedadb9c2c7dcfa1f864eb8cdb281,completed,False,,,
rdfs_owlrl,3,10,721,EXT-Q60,adaptation,core,authorities,data_owner,confidential,set_union,edge1|edge2|edge3,3,26.463333,77.479124,1,,285931564bf116179a45da920fdf958a3347ea1df763213bb7e2afba77c47d16,completed,False,,,
rdfs_owlrl,3,10,721,EXT-Q61,adaptation,core,authorities,data_owner,confidential,set_union,edge1|edge2|edge3,3,8.241426,23.906898,0,,e3b0c44298fc1c149afbf4c8996fb92427ae41e4649b934ca495991b7852b855,completed,False,,,
rdfs_owlrl,3,10,721,EXT-Q62,adaptation,core,authorities,data_owner,confidential,set_union,edge1|edge2|edge3,3,22.873297,66.154213,1,,3dafef0eca79c68f05b79939f40198bc13232639d500d3e9875bc263b0f00d4d,completed,False,,,
rdfs_owlrl,3,10,721,EXT-Q63,delegation,core,authorities,data_owner,confidential,set_union,edge1|edge2|edge3,3,24.638593,72.227104,1,,d4b4c3785ae985658dfc4a4433dd002e5aec5a2321080af4e85474c06a3404f5,completed,False,,,
rdfs_owlrl,3,10,721,EXT-Q64,delegation,core,authorities,data_owner,confidential,set_union,edge1|edge2|edge3,3,25.223444,67.162358,0,,e3b0c44298fc1c149afbf4c8996fb92427ae41e4649b934ca495991b7852b855,completed,False,,,
rdfs_owlrl,3,10,721,EXT-Q65,delegation,core,authorities,data_owner,confidential,set_union,edge1|edge2|edge3,3,12.812223,38.244109,0,,e3b0c44298fc1c149afbf4c8996fb92427ae41e4649b934ca495991b7852b855,completed,False,,,
rdfs_owlrl,3,10,721,EXT-Q66,federation,core,authorities,data_owner,confidential,set_union,edge1|edge2|edge3,3,25.973945,73.21549300000001,2,,1a9af60cfbb87dd79b68021c3d70e1ee6f230e648f1ad6360ef50fffd374b4df,completed,False,,,
rdfs_owlrl,3,10,721,EXT-Q67,federation,core,authorities,data_owner,confidential,set_union,edge1|edge2|edge3,3,39.291981,115.81919500000001,0,,e3b0c44298fc1c149afbf4c8996fb92427ae41e4649b934ca495991b7852b855,completed,False,,,
rdfs_owlrl,3,10,721,EXT-Q68,federation,core,authorities,data_owner,confidential,set_union,edge1|edge2|edge3,3,24.966296,73.919048,0,,e3b0c44298fc1c149afbf4c8996fb92427ae41e4649b934ca495991b7852b855,completed,False,,,
rdfs_owlrl,3,10,721,EXT-Q69,federation,core,authorities,data_owner,confidential,set_union,edge1|edge2|edge3,3,28.865074,82.595292,2,,8271d93912e320b11a3ca6d70e5061d5132abb26053b022198090871531d61eb,completed,False,,,
rdfs_owlrl,3,10,721,EXT-Q70,audit_temporal,core,authorities,data_owner,confidential,set_union,edge1|edge2|edge3,3,110.591741,182.026693,204,,01824916f48e90d6c6df066f2950c4d8a2e2d6f71ba4af556d43e8921ae41930,completed,False,,,
rdfs_owlrl,3,10,721,EXT-Q71,audit_temporal,core,authorities,data_owner,confidential,set_union,edge1|edge2|edge3,3,41.975741,111.553508,0,,e3b0c44298fc1c149afbf4c8996fb92427ae41e4649b934ca495991b7852b855,completed,False,,,
rdfs_owlrl,3,10,721,EXT-Q72,audit_temporal,core,authorities,data_owner,confidential,set_union,edge1|edge2|edge3,3,29.174037,81.45873499999999,0,,e3b0c44298fc1c149afbf4c8996fb92427ae41e4649b934ca495991b7852b855,completed,False,,,
rdfs_owlrl,3,10,721,EXT-Q73,audit_temporal,core,authorities,data_owner,confidential,set_union,edge1|edge2|edge3,3,98.452111,225.06902300000002,200,,46d1ef95936a63e101a14f7b06eb1eba304a1f4094308a8f63c177807c777af5,completed,False,,,
rdfs_owlrl,3,10,721,EXT-Q74,audit_temporal,core,authorities,data_owner,confidential,set_union,edge1|edge2|edge3,3,146.052593,346.81806900000004,0,,e3b0c44298fc1c149afbf4c8996fb92427ae41e4649b934ca495991b7852b855,completed,False,,,
rdfs_owlrl,3,10,721,EXT-Q75,validation,core,cloud,global,internal,single,cloud,1,17.814437,17.814437,74,,8dd432df42d733f2411b2aebc51682848ddadc97425c41088f0a99090f77f1c0,completed,False,,,
rdfs_owlrl,3,10,721,EXT-Q76,validation,core,cloud,global,internal,single,cloud,1,5.066633,5.066633,9,,50bf3d3f7f446e045722279f6d243ecc804cd2cf73b381d9c89f530b567855ea,completed,False,,,
rdfs_owlrl,3,10,721,EXT-Q77,validation,core,cloud,global,internal,single,cloud,1,15.645813,15.645813,6,,ba52fb52449a77784e328f0aaa19807ddd9156c7457ea722a8af2f2082dce9ad,completed,False,,,
rdfs_owlrl,3,10,721,EXT-Q78,policy_governance,core,cloud,global,internal,single,cloud,1,15.597713,15.597713,37,,dc49d089c1cfb621b31177ad5794c8ca7638f40689eba56af4f4ea2a38c683f1,completed,False,,,
rdfs_owlrl,3,10,721,EXT-Q79,policy_governance,core,cloud,global,internal,single,cloud,1,9.96224,9.96224,0,,e3b0c44298fc1c149afbf4c8996fb92427ae41e4649b934ca495991b7852b855,completed,False,,,
rdfs_owlrl,3,10,721,EXT-Q80,validation,core,cloud,global,internal,single,cloud,1,32.932273,32.932273,13,,7b81a06628b0ed47983abd578c902f47906271bc5a38f63144daa74510daf865,completed,False,,,
rdfs,1,100,7021,BASE-Q01,identity_consent,core,authorities,data_owner,confidential,set_union,edge1|edge2|edge3,3,41.263704,121.280569,104,,7a332083bdc04cec27394e5cf23941c792d1de0c41d27f4134d42e1cea73f268,completed,False,,,
rdfs,1,100,7021,BASE-Q02,topology,core,authority_key:http://example.org/smartcity#UserB,data_owner,confidential,single,edge2,1,22.676611,22.676611,11,,363f868a57a5e5f601b8d524b05460273fbf45427eb805af595f694133371b51,completed,False,,,
rdfs,1,100,7021,BASE-Q03,wellbeing,domain,authorities,data_owner,restricted,set_union,edge1|edge2|edge3,3,28.61374,83.995367,104,,0f2929f844a525d68830fa50f52519857f1dd010ded0bf5e04d4a24c86c05552,completed,False,,,
rdfs,1,100,7021,BASE-Q04,decision,core,authority_key:http://example.org/smartcity#UserB,data_owner,confidential,single,edge2,1,22.294796,22.294796,7,,cc222a87554e870ffae43cba023647670c0589b8ec1b4500dd1d797a399c3bf2,completed,False,,,
rdfs,1,100,7021,BASE-Q05,wellbeing,domain,authorities,data_owner,restricted,set_union,edge1|edge2|edge3,3,19.638,56.473911,5,,4b096b851fd9e6935d2e2e6c7bd57464c473db58008af4b34e60338033a84d23,completed,False,,,
rdfs,1,100,7021,BASE-Q06,identity_consent,core,cloud,global,internal,single,cloud,1,5.146692,5.146692,10,,f8aebcef3bdb5c68142d34426190fd6a36c4b31394471c9c7602e6c19e67ff84,completed,False,,,
rdfs,1,100,7021,BASE-Q07,observability,core,fog,regional,internal,single,fog,1,36.033482,36.033482,10,,86419d85b77be1282bde98480ecfa16f261a06d3180f063da4ea1bb1c119af67,completed,False,,,
rdfs,1,100,7021,BASE-Q08,observability,core,fog,regional,internal,single,fog,1,37.249833,37.249833,2,,6527f1e187dfa51f5dc78e109fe2d9fb47aed82a4ec8f897d1dda6ee6850aa0a,completed,False,,,
rdfs,1,100,7021,BASE-Q09,wellbeing,domain,authorities,data_owner,restricted,set_union,edge1|edge2|edge3,3,41.034314,118.529566,106,,2f052795c45af5c73a4ed56c6d53f566c3a6a97f8e256bd42d191c915baca6ff,completed,False,,,
rdfs,1,100,7021,BASE-Q10,observability,domain,authorities,data_owner,restricted,set_union,edge1|edge2|edge3,3,55.160611,160.649103,104,,e6e6be0bea1007e8a0a509db5dd6923dbe3b169736a394cf93f38246d8a7dca8,completed,False,,,
rdfs,1,100,7021,BASE-Q11,wellbeing,core,authority_key:http://example.org/smartcity#UserA,data_owner,confidential,single,edge1,1,14.567426,14.567426,1,,941d461ce01f2fa52ba95291e46e52524d75bd44e2b938eab7e81404936a8b7c,completed,False,,,
rdfs,1,100,7021,BASE-Q12,adaptation,core,authorities,data_owner,confidential,set_union,edge1|edge2|edge3,3,14.583833,43.194554,1,,ddcd6b8cd42f3d2e1f6aa052eeeca5d4423f9db85cdc91915481db3956dfffff,completed,False,,,
rdfs,1,100,7021,BASE-Q13,adaptation,core,authorities,data_owner,confidential,set_union,edge1|edge2|edge3,3,18.769204,54.576153,1,,25e56d4be1969d1d6de5386e2c3ff26456f8069edb7847a9dc7e32a9b09c8948,completed,False,,,
rdfs,1,100,7021,BASE-Q14,delegation,core,authority_key:http://example.org/smartcity#UserA,data_owner,confidential,single,edge1,1,16.752556,16.752556,1,,dcd8c3258e95549dde016df10cf22183c036214d75d30e686ca7ac2fb5ea3271,completed,False,,,
rdfs,1,100,7021,BASE-Q15,identity_consent,core,authorities,data_owner,confidential,set_union,edge1|edge2|edge3,3,11.757778,34.724866,1,,7ac55bded7c8d1294bfcac4ddeb28b5921a8083a19185e216bf5d1c0d62bd370,completed,False,,,
rdfs,1,100,7021,BASE-Q16,federation,core,authorities,data_owner,confidential,set_union,edge1|edge2|edge3,3,26.388814,74.891584,3,,550eeca87dc96402bbed090f1737eaacfb6b27d2290401797018cbcf303b8147,completed,False,,,
rdfs,1,100,7021,BASE-Q17,context_zones,domain,authorities,data_owner,restricted,set_union,edge1|edge2|edge3,3,18.462949,53.223006,1,,50b7b5a085e0802a1897953a959e0c9ea4c5f943dc26de55b2219ea7deac4b89,completed,False,,,
rdfs,1,100,7021,BASE-Q18,context_zones,core,authorities,data_owner,confidential,set_union,edge1|edge2|edge3,3,191.458408,212.224309,1,,200d4d55bb0d8b9374961d2df3fa99d83d8caf54dc79a7784bb84dd44b081eda,completed,False,,,
rdfs,1,100,7021,BASE-Q19,decision,core,fog,regional,internal,single,fog,1,34.506371,34.506371,5,,14ff5f393f619913b6627f132ac802eb3d0b2560e5619a0d995e34dac1f39b45,completed,False,,,
rdfs,1,100,7021,BASE-Q20,identity_consent,domain,authorities,data_owner,restricted,set_union,edge1|edge2|edge3,3,43.049556,124.819977,104,,80c72d53f7954de49ca8c6c413b59e0b475eda97cf0ca823b08155ca43c94d68,completed,False,,,
rdfs,1,100,7021,BASE-Q21,decision,core,authorities,data_owner,confidential,set_union,edge1|edge2|edge3,3,32.571408,85.169737,11,,7fc13e36a90de226eedecbd26ccd453be5ba11798c2c5af4a7d857a15cbb7e1e,completed,False,,,
rdfs,1,100,7021,BASE-Q22,adaptation,core,authorities,data_owner,confidential,set_union,edge1|edge2|edge3,3,24.648771,72.254752,3,,70205401426a8e8adbf4220710b3638c6a47af2e7e7264f0b771b1bcbb070e80,completed,False,,,
rdfs,1,100,7021,BASE-Q23,topology,core,authorities,data_owner,confidential,set_union,edge1|edge2|edge3,3,36.696907,107.17993200000001,101,,0bee89d20c1ee8a1d30f5f49705252478356280884ac29a85e9d22cae3d943b7,completed,False,,,
rdfs,1,100,7021,BASE-Q24,federation,core,authorities,data_owner,confidential,set_union,edge1|edge2|edge3,3,29.142222,80.142013,5,,0d4871d54d4eadbfa110f9223c2a6b641ea8c65326db34ade1288d5eab5ceb54,completed,False,,,
rdfs,1,100,7021,BASE-Q25,identity_consent,core,authorities,data_owner,confidential,set_union,edge1|edge2|edge3,3,13.954648,40.512573,1,,4591a69ecb6837fd65b28a9688ad10f0fb7b8ca54c1a6ac395ef142fc831cfbf,completed,False,,,
rdfs,1,100,7021,BASE-Q26,observability,core,fog,regional,internal,boolean_or,fog,1,5.796278,5.796278,1,True,35df7182aa6c75e0a1066245f679b81ec9ad05e9964a0684980a466c9cc63ac4,completed,False,,,
rdfs,1,100,7021,BASE-Q27,adaptation,core,authorities,data_owner,confidential,boolean_or,edge1|edge2|edge3,3,8.61463,25.706713999999998,1,True,35df7182aa6c75e0a1066245f679b81ec9ad05e9964a0684980a466c9cc63ac4,completed,False,,,
rdfs,1,100,7021,BASE-Q28,identity_consent,domain,authorities,data_owner,restricted,boolean_or,edge1|edge2|edge3,3,53.723166,143.200052,0,False,92b91e0dd8f69dcc43f3c56062f944147504cf0d80f20c98005fda34c727fd7e,completed,False,,,
rdfs,1,100,7021,BASE-Q29,topology,core,fog,regional,internal,boolean_or,fog,1,14.668296,14.668296,1,True,35df7182aa6c75e0a1066245f679b81ec9ad05e9964a0684980a466c9cc63ac4,completed,False,,,
rdfs,1,100,7021,BASE-Q30,federation,core,authorities,data_owner,confidential,boolean_or,edge1|edge2|edge3,3,6.816889,20.196713,1,True,35df7182aa6c75e0a1066245f679b81ec9ad05e9964a0684980a466c9cc63ac4,completed,False,,,
rdfs,1,100,7021,BASE-Q31,identity_consent,core,cloud,global,internal,single,cloud,1,4.767162,4.767162,3,,66874cf8756143b9365cd0ce258e694f4e2eaf6ea8e73bc6693fe83bc83ed3f4,completed,False,,,
rdfs,1,100,7021,BASE-Q32,decision,core,fog,regional,internal,single,fog,1,153.500333,153.500333,4,,b91031de6b6257d2428b9195175f3c860291b874d6603c50eb4713a1b65b2628,completed,False,,,
rdfs,1,100,7021,BASE-Q33,observability,core,authority_key:http://example.org/smartcity#UserB,data_owner,confidential,single,edge2,1,25.461222,25.461222,6,,c948862aeae8a7991e67a92cdd4493bfbfb9d01ab0d6a6296c3f1f31ee941004,completed,False,,,
rdfs,1,100,7021,BASE-Q34,topology,core,fog,regional,internal,single,fog,1,10.682315,10.682315,1,,7c66062f36ae31e8068455da76c0bb4f918e7f6b8ecee7cd8a7946f3b6047884,completed,False,,,
rdfs,1,100,7021,BASE-Q35,delegation,core,authorities,data_owner,confidential,set_union,edge1|edge2|edge3,3,57.152667,115.130462,180,,496f817f7c8ccec2b677b93877c2e54259f1052bee3fa9bbc330cf1af1a46630,completed,False,,,
rdfs,1,100,7021,EXT-Q01,semantic_schema,core,cloud,global,internal,single,cloud,1,12.708544,12.708544,6,,66d5edbbdc2282624ffec271a4a523a20fdc7331b886d2884edf86a885532bcc,completed,False,,,
rdfs,1,100,7021,EXT-Q02,semantic_schema,core,cloud,global,internal,single,cloud,1,5.924087,5.924087,3,,81bea9a8c2d4cf1237d7fb131249cc18ec4ca629eeabaadbd5f0b9b58d3e3333,completed,False,,,
rdfs,1,100,7021,EXT-Q03,policy_governance,core,cloud,global,internal,single,cloud,1,15.268902,15.268902,79,,d73ae3d5ddfcd345147bae778101c21ab13194fca3fa92ad08259d39931b66d5,completed,False,,,
rdfs,1,100,7021,EXT-Q04,policy_governance,core,cloud,global,internal,single,cloud,1,55.879501,55.879501,55,,fced7e97d29b215a8321753998b7519dc1825dacc4af090c67ffc54bee4479bc,completed,False,,,
rdfs,1,100,7021,EXT-Q05,semantic_schema,core,cloud,global,internal,single,cloud,1,17.469113,17.469113,17,,e0fc9190703b6a7b2695ddc448f5c7e54c4feeff2545477c3194ebfd8ccb1f0c,completed,False,,,
rdfs,1,100,7021,EXT-Q06,semantic_schema,core,cloud,global,internal,single,cloud,1,3.529432,3.529432,12,,1377568d225cfb45a1899c2ea951adf7ebda5ada4e188dbf5f114110484fa3ae,completed,False,,,
rdfs,1,100,7021,EXT-Q07,policy_governance,core,cloud,global,internal,single,cloud,1,11.022812,11.022812,67,,c3cf27e703656fdaa8295f23b31076c1afcb14a5022b1b47538e2961fe033646,completed,False,,,
rdfs,1,100,7021,EXT-Q08,policy_governance,core,cloud,global,internal,single,cloud,1,58.283109,58.283109,1089,,cb9e0103c9327f1c4691ec9d7612deebd04c0e73140f23e2a6209bb8af1efc51,completed,False,,,
rdfs,1,100,7021,EXT-Q09,policy_governance,core,cloud,global,internal,single,cloud,1,15.60094,15.60094,6,,68de07660e010156bf3f3ea01000180657c8e8fc155ac9a053c3a64dbc538102,completed,False,,,
rdfs,1,100,7021,EXT-Q10,policy_governance,core,cloud,global,internal,single,cloud,1,45.841759,45.841759,0,,e3b0c44298fc1c149afbf4c8996fb92427ae41e4649b934ca495991b7852b855,completed,False,,,
rdfs,1,100,7021,EXT-Q11,identity_consent,core,authorities,data_owner,confidential,set_union,edge1|edge2|edge3,3,42.194797,118.71503100000001,125,,d10f1a5cd8517d29f509a64e5fda02dd5a7dd6efad8bfa95a5d0644b462177b0,completed,False,,,
rdfs,1,100,7021,EXT-Q12,identity_consent,core,authorities,data_owner,confidential,set_union,edge1|edge2|edge3,3,42.152741,118.321845,128,,0444374ff467f047d001f046d64d1a86263d42f4d4185f8bd16178a3aac1262d,completed,False,,,
rdfs,1,100,7021,EXT-Q13,identity_consent,core,authorities,data_owner,confidential,set_union,edge1|edge2|edge3,3,44.321074,130.25190500000002,0,,e3b0c44298fc1c149afbf4c8996fb92427ae41e4649b934ca495991b7852b855,completed,False,,,
rdfs,1,100,7021,EXT-Q14,identity_consent,core,authorities,data_owner,confidential,set_union,edge1|edge2|edge3,3,44.935,131.309036,0,,e3b0c44298fc1c149afbf4c8996fb92427ae41e4649b934ca495991b7852b855,completed,False,,,
rdfs,1,100,7021,EXT-Q15,identity_consent,core,authorities,data_owner,confidential,set_union,edge1|edge2|edge3,3,117.52124,334.20419100000004,0,,e3b0c44298fc1c149afbf4c8996fb92427ae41e4649b934ca495991b7852b855,completed,False,,,
rdfs,1,100,7021,EXT-Q16,identity_consent,core,authorities,data_owner,confidential,set_union,edge1|edge2|edge3,3,52.777389,154.00919199999998,0,,e3b0c44298fc1c149afbf4c8996fb92427ae41e4649b934ca495991b7852b855,completed,False,,,
rdfs,1,100,7021,EXT-Q17,identity_consent,core,authorities,data_owner,confidential,set_union,edge1|edge2|edge3,3,29.54524,75.232547,8,,3071bd3ad9cc1daac2632f317152a64e2d9d9e0d189068465ece1f8c3872334f,completed,False,,,
rdfs,1,100,7021,EXT-Q18,identity_consent,core,authorities,data_owner,confidential,set_union,edge1|edge2|edge3,3,53.640518,150.08905900000002,0,,e3b0c44298fc1c149afbf4c8996fb92427ae41e4649b934ca495991b7852b855,completed,False,,,
rdfs,1,100,7021,EXT-Q19,identity_consent,core,authorities,data_owner,confidential,set_union,edge1|edge2|edge3,3,52.188315,149.301968,0,,e3b0c44298fc1c149afbf4c8996fb92427ae41e4649b934ca495991b7852b855,completed,False,,,
rdfs,1,100,7021,EXT-Q20,identity_consent,core,authorities,data_owner,confidential,set_union,edge1|edge2|edge3,3,13.008704,38.069701,0,,e3b0c44298fc1c149afbf4c8996fb92427ae41e4649b934ca495991b7852b855,completed,False,,,
rdfs,1,100,7021,EXT-Q21,identity_consent,core,authorities,data_owner,confidential,set_union,edge1|edge2|edge3,3,23.306019,67.279823,42,,5f5f842f77c77fd4daaf1aeead5ac66f83ba3baa3a0c30af7c9fc75f471e69cc,completed,False,,,
rdfs,1,100,7021,EXT-Q22,security_identity,domain,authorities,data_owner,restricted,set_union,edge1|edge2|edge3,3,312.045907,596.9613429999999,0,,e3b0c44298fc1c149afbf4c8996fb92427ae41e4649b934ca495991b7852b855,completed,False,,,
rdfs,1,100,7021,EXT-Q23,data_lifecycle,core,authorities,data_owner,confidential,set_union,edge1|edge2|edge3,3,26.020371,73.43353,3,,3955e7b96dea26719774b2d2a200be73c38cf84521f9352a6b96ed1af0a71d7a,completed,False,,,
rdfs,1,100,7021,EXT-Q24,data_lifecycle,core,authorities,data_owner,confidential,set_union,edge1|edge2|edge3,3,47.018704,136.892964,102,,9106f5862cc8600b6d5ae37435c36d2734394a0ad4470feea1fb4f9925aa6872,completed,False,,,
rdfs,1,100,7021,EXT-Q25,data_lifecycle,domain,authorities,data_owner,restricted,set_union,edge1|edge2|edge3,3,74.011093,215.250292,0,,e3b0c44298fc1c149afbf4c8996fb92427ae41e4649b934ca495991b7852b855,completed,False,,,
rdfs,1,100,7021,EXT-Q26,security_identity,core,authorities,data_owner,confidential,set_union,edge1|edge2|edge3,3,121.33137,212.26557400000002,104,,d032cc59f511f29f0ba5b4a8ec962dbd24952b8594d3e52130be63c2cf3e33dd,completed,False,,,
rdfs,1,100,7021,EXT-Q27,security_identity,core,authorities,data_owner,confidential,set_union,edge1|edge2|edge3,3,44.864908,118.316619,0,,e3b0c44298fc1c149afbf4c8996fb92427ae41e4649b934ca495991b7852b855,completed,False,,,
rdfs,1,100,7021,EXT-Q28,security_identity,core,authorities,data_owner,confidential,set_union,edge1|edge2|edge3,3,20.453241,57.929912,0,,e3b0c44298fc1c149afbf4c8996fb92427ae41e4649b934ca495991b7852b855,completed,False,,,
rdfs,1,100,7021,EXT-Q29,security_identity,core,cloud,global,internal,single,cloud,1,3.928735,3.928735,1,,5e56d4b1c34d01016304a6e8bc0397a3d6e7898ce43942ff1b6aab07b06810f2,completed,False,,,
rdfs,1,100,7021,EXT-Q30,security_identity,core,cloud,global,internal,single,cloud,1,2.987729,2.987729,0,,e3b0c44298fc1c149afbf4c8996fb92427ae41e4649b934ca495991b7852b855,completed,False,,,
rdfs,1,100,7021,EXT-Q31,data_lifecycle,core,authorities,data_owner,confidential,set_union,edge1|edge2|edge3,3,18.770203,55.736429,0,,e3b0c44298fc1c149afbf4c8996fb92427ae41e4649b934ca495991b7852b855,completed,False,,,
rdfs,1,100,7021,EXT-Q32,data_lifecycle,core,authorities,data_owner,confidential,set_union,edge1|edge2|edge3,3,11.452574,33.197809,0,,e3b0c44298fc1c149afbf4c8996fb92427ae41e4649b934ca495991b7852b855,completed,False,,,
rdfs,1,100,7021,EXT-Q33,data_lifecycle,core,authorities,data_owner,confidential,set_union,edge1|edge2|edge3,3,22.176833,65.550045,0,,e3b0c44298fc1c149afbf4c8996fb92427ae41e4649b934ca495991b7852b855,completed,False,,,
rdfs,1,100,7021,EXT-Q34,data_lifecycle,core,authorities,data_owner,confidential,set_union,edge1|edge2|edge3,3,18.945018,55.779560000000004,0,,e3b0c44298fc1c149afbf4c8996fb92427ae41e4649b934ca495991b7852b855,completed,False,,,
rdfs,1,100,7021,EXT-Q35,data_lifecycle,core,authorities,data_owner,confidential,set_union,edge1|edge2|edge3,3,22.531907,65.239118,106,,f68d3a56a8b372110adb0609644ee820cc2af42e928c009699efee64cbd66b70,completed,False,,,
rdfs,1,100,7021,EXT-Q36,context_zones,core,authority_key:http://example.org/smartcity#UserA,data_owner,confidential,single,edge1,1,21.584222,21.584222,1,,b691a10c930fd32c789bb07f0f1fd7d606e3241b1fbe110ce3bb9c0f5b95cd37,completed,False,,,
rdfs,1,100,7021,EXT-Q37,context_zones,domain,authorities,data_owner,restricted,set_union,edge1|edge2|edge3,3,63.735574,181.754963,0,,e3b0c44298fc1c149afbf4c8996fb92427ae41e4649b934ca495991b7852b855,completed,False,,,
rdfs,1,100,7021,EXT-Q38,context_zones,domain,authorities,data_owner,restricted,set_union,edge1|edge2|edge3,3,35.602082,106.228915,1,,d0d58146bc80e4e03947b8200631e8b89fdb27ee77b2a31daf4bee1a10c44367,completed,False,,,
rdfs,1,100,7021,EXT-Q39,context_zones,core,authority_key:http://example.org/smartcity#UserA,data_owner,confidential,single,edge1,1,15.25163,15.25163,5,,1ca154c8210da56b45e42825f86a318f53dc0325a456648a0db2cbcced59de18,completed,False,,,
rdfs,1,100,7021,EXT-Q40,trust,core,fog,regional,internal,single,fog,1,28.077926,28.077926,8,,668e8d3da023436e0b3b53c5f12489c55929c5346903d5c0b7b1b992f823f8df,completed,False,,,
rdfs,1,100,7021,EXT-Q41,trust,core,fog,regional,internal,single,fog,1,24.695222,24.695222,0,,e3b0c44298fc1c149afbf4c8996fb92427ae41e4649b934ca495991b7852b855,completed,False,,,
rdfs,1,100,7021,EXT-Q42,trust,core,fog,regional,internal,single,fog,1,20.197685,20.197685,5,,a936f8276a646c3f47213c62eb605f825d8fee770920c38f095ae922a5febc96,completed,False,,,
rdfs,1,100,7021,EXT-Q43,trust,core,fog,regional,internal,single,fog,1,31.738444,31.738444,8,,b194843fbc8955399d428ae6e4e9bb4101fe20226aa76f0f1491397c8ce797c2,completed,False,,,
rdfs,1,100,7021,EXT-Q44,trust,core,authorities,data_owner,confidential,set_union,edge1|edge2|edge3,3,28.265963,67.461653,10,,106b6808e582efd6a78626f18c7807191e7a08ebe629f87847227d80e6ce6f19,completed,False,,,
rdfs,1,100,7021,EXT-Q45,trust,core,authorities,data_owner,confidential,set_union,edge1|edge2|edge3,3,46.38963,137.25111199999998,0,,e3b0c44298fc1c149afbf4c8996fb92427ae41e4649b934ca495991b7852b855,completed,False,,,
rdfs,1,100,7021,EXT-Q46,decision,core,authorities,data_owner,confidential,set_union,edge1|edge2|edge3,3,38.320444,91.844792,11,,497649f7b7fb5bb312db17c133552fcb5363c177bcdf3a7d4da3f9e09d27ef3a,completed,False,,,
rdfs,1,100,7021,EXT-Q47,decision,core,authorities,data_owner,confidential,set_union,edge1|edge2|edge3,3,38.09037,95.707146,0,,e3b0c44298fc1c149afbf4c8996fb92427ae41e4649b934ca495991b7852b855,completed,False,,,
rdfs,1,100,7021,EXT-Q48,decision,core,authorities,data_owner,confidential,set_union,edge1|edge2|edge3,3,33.898574,95.585149,0,,e3b0c44298fc1c149afbf4c8996fb92427ae41e4649b934ca495991b7852b855,completed,False,,,
rdfs,1,100,7021,EXT-Q49,decision,core,authorities,data_owner,confidential,set_union,edge1|edge2|edge3,3,201.497438,254.341938,8,,61a1a998385e4071933469d06cffd5e2cd092016daefcdce08d2e38a8bf4d078,completed,False,,,
rdfs,1,100,7021,EXT-Q50,decision,core,authorities,data_owner,confidential,set_union,edge1|edge2|edge3,3,32.930148,98.439004,0,,e3b0c44298fc1c149afbf4c8996fb92427ae41e4649b934ca495991b7852b855,completed,False,,,
rdfs,1,100,7021,EXT-Q51,decision,core,authorities,data_owner,confidential,set_union,edge1|edge2|edge3,3,31.674018,78.507659,32,,d96e9e0968e2bb5a55d9ce98a9e9522d5cb6082d083dcb5d8b65c30d87614d48,completed,False,,,
rdfs,1,100,7021,EXT-Q52,decision,core,authorities,data_owner,confidential,set_union,edge1|edge2|edge3,3,29.598167,73.334991,32,,e4cc722951be46789eb75264501a53ba96774192510017491e856efc76f0aa19,completed,False,,,
rdfs,1,100,7021,EXT-Q53,decision,core,authorities,data_owner,confidential,set_union,edge1|edge2|edge3,3,51.338389,146.545152,0,,e3b0c44298fc1c149afbf4c8996fb92427ae41e4649b934ca495991b7852b855,completed,False,,,
rdfs,1,100,7021,EXT-Q54,decision,domain,authorities,data_owner,restricted,set_union,edge1|edge2|edge3,3,39.855833,113.31085999999999,0,,e3b0c44298fc1c149afbf4c8996fb92427ae41e4649b934ca495991b7852b855,completed,False,,,
rdfs,1,100,7021,EXT-Q55,decision,core,authorities,data_owner,confidential,set_union,edge1|edge2|edge3,3,21.377,60.645375,8,,8c3e48566f94616cee569d9b5812ba30ec566c1adc22c2c92d13749c523df534,completed,False,,,
rdfs,1,100,7021,EXT-Q56,decision,core,authorities,data_owner,confidential,set_union,edge1|edge2|edge3,3,51.084111,148.445523,0,,e3b0c44298fc1c149afbf4c8996fb92427ae41e4649b934ca495991b7852b855,completed,False,,,
rdfs,1,100,7021,EXT-Q57,decision,core,authorities,data_owner,confidential,set_union,edge1|edge2|edge3,3,19.488649,57.254543,7,,058d2944c03f01a48917edc20c871d5f86e2b184778cd894bf433e94a8ffca12,completed,False,,,
rdfs,1,100,7021,EXT-Q58,decision,core,authorities,data_owner,confidential,set_union,edge1|edge2|edge3,3,30.162148,88.405352,7,,5a003716962d1299d69dd1de460f6a48eb40b34fbbb1eeb486379f039621a795,completed,False,,,
rdfs,1,100,7021,EXT-Q59,adaptation,core,authorities,data_owner,confidential,set_union,edge1|edge2|edge3,3,67.453537,143.044973,35,,13174fdc62dcf1fb82964d21f2ae1d433999faabd3565ac32b4f7d156d1f54ee,completed,False,,,
rdfs,1,100,7021,EXT-Q60,adaptation,core,authorities,data_owner,confidential,set_union,edge1|edge2|edge3,3,26.972778,77.700699,1,,285931564bf116179a45da920fdf958a3347ea1df763213bb7e2afba77c47d16,completed,False,,,
rdfs,1,100,7021,EXT-Q61,adaptation,core,authorities,data_owner,confidential,set_union,edge1|edge2|edge3,3,7.979667,23.582435,0,,e3b0c44298fc1c149afbf4c8996fb92427ae41e4649b934ca495991b7852b855,completed,False,,,
rdfs,1,100,7021,EXT-Q62,adaptation,core,authorities,data_owner,confidential,set_union,edge1|edge2|edge3,3,22.407722,65.39936,1,,3dafef0eca79c68f05b79939f40198bc13232639d500d3e9875bc263b0f00d4d,completed,False,,,
rdfs,1,100,7021,EXT-Q63,delegation,core,authorities,data_owner,confidential,set_union,edge1|edge2|edge3,3,24.495056,71.466622,1,,d4b4c3785ae985658dfc4a4433dd002e5aec5a2321080af4e85474c06a3404f5,completed,False,,,
rdfs,1,100,7021,EXT-Q64,delegation,core,authorities,data_owner,confidential,set_union,edge1|edge2|edge3,3,21.572278,62.021248,0,,e3b0c44298fc1c149afbf4c8996fb92427ae41e4649b934ca495991b7852b855,completed,False,,,
rdfs,1,100,7021,EXT-Q65,delegation,core,authorities,data_owner,confidential,set_union,edge1|edge2|edge3,3,13.261852,38.636294,0,,e3b0c44298fc1c149afbf4c8996fb92427ae41e4649b934ca495991b7852b855,completed,False,,,
rdfs,1,100,7021,EXT-Q66,federation,core,authorities,data_owner,confidential,set_union,edge1|edge2|edge3,3,25.98987,72.835363,2,,1a9af60cfbb87dd79b68021c3d70e1ee6f230e648f1ad6360ef50fffd374b4df,completed,False,,,
rdfs,1,100,7021,EXT-Q67,federation,core,authorities,data_owner,confidential,set_union,edge1|edge2|edge3,3,39.696333,115.788029,0,,e3b0c44298fc1c149afbf4c8996fb92427ae41e4649b934ca495991b7852b855,completed,False,,,
rdfs,1,100,7021,EXT-Q68,federation,core,authorities,data_owner,confidential,set_union,edge1|edge2|edge3,3,24.903649,73.111457,0,,e3b0c44298fc1c149afbf4c8996fb92427ae41e4649b934ca495991b7852b855,completed,False,,,
rdfs,1,100,7021,EXT-Q69,federation,core,authorities,data_owner,confidential,set_union,edge1|edge2|edge3,3,28.178407,81.372514,2,,8271d93912e320b11a3ca6d70e5061d5132abb26053b022198090871531d61eb,completed,False,,,
rdfs,1,100,7021,EXT-Q70,audit_temporal,core,authorities,data_owner,confidential,set_union,edge1|edge2|edge3,3,109.92824,182.157229,204,,01824916f48e90d6c6df066f2950c4d8a2e2d6f71ba4af556d43e8921ae41930,completed,False,,,
rdfs,1,100,7021,EXT-Q71,audit_temporal,core,authorities,data_owner,confidential,set_union,edge1|edge2|edge3,3,42.095685,112.28471100000002,0,,e3b0c44298fc1c149afbf4c8996fb92427ae41e4649b934ca495991b7852b855,completed,False,,,
rdfs,1,100,7021,EXT-Q72,audit_temporal,core,authorities,data_owner,confidential,set_union,edge1|edge2|edge3,3,29.519463,81.901681,0,,e3b0c44298fc1c149afbf4c8996fb92427ae41e4649b934ca495991b7852b855,completed,False,,,
rdfs,1,100,7021,EXT-Q73,audit_temporal,core,authorities,data_owner,confidential,set_union,edge1|edge2|edge3,3,236.7095,623.784481,1010,,8063e96114d0974d3751ccec20b20889462cf9f199bff40c10b7b815850c2cba,completed,False,,,
rdfs,1,100,7021,EXT-Q74,audit_temporal,core,authorities,data_owner,confidential,set_union,edge1|edge2|edge3,3,290.076018,801.945003,0,,e3b0c44298fc1c149afbf4c8996fb92427ae41e4649b934ca495991b7852b855,completed,False,,,
rdfs,1,100,7021,EXT-Q75,validation,core,cloud,global,internal,single,cloud,1,28.447259,28.447259,74,,8dd432df42d733f2411b2aebc51682848ddadc97425c41088f0a99090f77f1c0,completed,False,,,
rdfs,1,100,7021,EXT-Q76,validation,core,cloud,global,internal,single,cloud,1,5.069429,5.069429,9,,50bf3d3f7f446e045722279f6d243ecc804cd2cf73b381d9c89f530b567855ea,completed,False,,,
rdfs,1,100,7021,EXT-Q77,validation,core,cloud,global,internal,single,cloud,1,10.156251,10.156251,6,,ba52fb52449a77784e328f0aaa19807ddd9156c7457ea722a8af2f2082dce9ad,completed,False,,,
rdfs,1,100,7021,EXT-Q78,policy_governance,core,cloud,global,internal,single,cloud,1,15.961638,15.961638,37,,dc49d089c1cfb621b31177ad5794c8ca7638f40689eba56af4f4ea2a38c683f1,completed,False,,,
rdfs,1,100,7021,EXT-Q79,policy_governance,core,cloud,global,internal,single,cloud,1,16.309715,16.309715,0,,e3b0c44298fc1c149afbf4c8996fb92427ae41e4649b934ca495991b7852b855,completed,False,,,
rdfs,1,100,7021,EXT-Q80,validation,core,cloud,global,internal,single,cloud,1,32.430535,32.430535,13,,7b81a06628b0ed47983abd578c902f47906271bc5a38f63144daa74510daf865,completed,False,,,
rdfs,2,100,7021,BASE-Q01,identity_consent,core,authorities,data_owner,confidential,set_union,edge1|edge2|edge3,3,42.43526,123.33008699999999,104,,7a332083bdc04cec27394e5cf23941c792d1de0c41d27f4134d42e1cea73f268,completed,False,,,
rdfs,2,100,7021,BASE-Q02,topology,core,authority_key:http://example.org/smartcity#UserB,data_owner,confidential,single,edge2,1,21.260796,21.260796,11,,363f868a57a5e5f601b8d524b05460273fbf45427eb805af595f694133371b51,completed,False,,,
rdfs,2,100,7021,BASE-Q03,wellbeing,domain,authorities,data_owner,restricted,set_union,edge1|edge2|edge3,3,27.994926,82.992571,104,,0f2929f844a525d68830fa50f52519857f1dd010ded0bf5e04d4a24c86c05552,completed,False,,,
rdfs,2,100,7021,BASE-Q04,decision,core,authority_key:http://example.org/smartcity#UserB,data_owner,confidential,single,edge2,1,21.819555,21.819555,7,,cc222a87554e870ffae43cba023647670c0589b8ec1b4500dd1d797a399c3bf2,completed,False,,,
rdfs,2,100,7021,BASE-Q05,wellbeing,domain,authorities,data_owner,restricted,set_union,edge1|edge2|edge3,3,19.691574,55.605633999999995,5,,4b096b851fd9e6935d2e2e6c7bd57464c473db58008af4b34e60338033a84d23,completed,False,,,
rdfs,2,100,7021,BASE-Q06,identity_consent,core,cloud,global,internal,single,cloud,1,4.840557,4.840557,10,,f8aebcef3bdb5c68142d34426190fd6a36c4b31394471c9c7602e6c19e67ff84,completed,False,,,
rdfs,2,100,7021,BASE-Q07,observability,core,fog,regional,internal,single,fog,1,35.782981,35.782981,10,,86419d85b77be1282bde98480ecfa16f261a06d3180f063da4ea1bb1c119af67,completed,False,,,
rdfs,2,100,7021,BASE-Q08,observability,core,fog,regional,internal,single,fog,1,37.698167,37.698167,2,,6527f1e187dfa51f5dc78e109fe2d9fb47aed82a4ec8f897d1dda6ee6850aa0a,completed,False,,,
rdfs,2,100,7021,BASE-Q09,wellbeing,domain,authorities,data_owner,restricted,set_union,edge1|edge2|edge3,3,41.02176,118.13379,106,,2f052795c45af5c73a4ed56c6d53f566c3a6a97f8e256bd42d191c915baca6ff,completed,False,,,
rdfs,2,100,7021,BASE-Q10,observability,domain,authorities,data_owner,restricted,set_union,edge1|edge2|edge3,3,200.850019,306.368789,104,,e6e6be0bea1007e8a0a509db5dd6923dbe3b169736a394cf93f38246d8a7dca8,completed,False,,,
rdfs,2,100,7021,BASE-Q11,wellbeing,core,authority_key:http://example.org/smartcity#UserA,data_owner,confidential,single,edge1,1,14.919518,14.919518,1,,941d461ce01f2fa52ba95291e46e52524d75bd44e2b938eab7e81404936a8b7c,completed,False,,,
rdfs,2,100,7021,BASE-Q12,adaptation,core,authorities,data_owner,confidential,set_union,edge1|edge2|edge3,3,14.577519,42.357,1,,ddcd6b8cd42f3d2e1f6aa052eeeca5d4423f9db85cdc91915481db3956dfffff,completed,False,,,
rdfs,2,100,7021,BASE-Q13,adaptation,core,authorities,data_owner,confidential,set_union,edge1|edge2|edge3,3,18.978686,54.263892999999996,1,,25e56d4be1969d1d6de5386e2c3ff26456f8069edb7847a9dc7e32a9b09c8948,completed,False,,,
rdfs,2,100,7021,BASE-Q14,delegation,core,authority_key:http://example.org/smartcity#UserA,data_owner,confidential,single,edge1,1,16.886888,16.886888,1,,dcd8c3258e95549dde016df10cf22183c036214d75d30e686ca7ac2fb5ea3271,completed,False,,,
rdfs,2,100,7021,BASE-Q15,identity_consent,core,authorities,data_owner,confidential,set_union,edge1|edge2|edge3,3,13.500092,36.682735,1,,7ac55bded7c8d1294bfcac4ddeb28b5921a8083a19185e216bf5d1c0d62bd370,completed,False,,,
rdfs,2,100,7021,BASE-Q16,federation,core,authorities,data_owner,confidential,set_union,edge1|edge2|edge3,3,26.40937,75.674159,3,,550eeca87dc96402bbed090f1737eaacfb6b27d2290401797018cbcf303b8147,completed,False,,,
rdfs,2,100,7021,BASE-Q17,context_zones,domain,authorities,data_owner,restricted,set_union,edge1|edge2|edge3,3,18.211338,54.362875,1,,50b7b5a085e0802a1897953a959e0c9ea4c5f943dc26de55b2219ea7deac4b89,completed,False,,,
rdfs,2,100,7021,BASE-Q18,context_zones,core,authorities,data_owner,confidential,set_union,edge1|edge2|edge3,3,10.475019,31.247051,1,,200d4d55bb0d8b9374961d2df3fa99d83d8caf54dc79a7784bb84dd44b081eda,completed,False,,,
rdfs,2,100,7021,BASE-Q19,decision,core,fog,regional,internal,single,fog,1,34.193685,34.193685,5,,14ff5f393f619913b6627f132ac802eb3d0b2560e5619a0d995e34dac1f39b45,completed,False,,,
rdfs,2,100,7021,BASE-Q20,identity_consent,domain,authorities,data_owner,restricted,set_union,edge1|edge2|edge3,3,42.821333,124.811588,104,,80c72d53f7954de49ca8c6c413b59e0b475eda97cf0ca823b08155ca43c94d68,completed,False,,,
rdfs,2,100,7021,BASE-Q21,decision,core,authorities,data_owner,confidential,set_union,edge1|edge2|edge3,3,36.694445,95.34984700000001,11,,7fc13e36a90de226eedecbd26ccd453be5ba11798c2c5af4a7d857a15cbb7e1e,completed,False,,,
rdfs,2,100,7021,BASE-Q22,adaptation,core,authorities,data_owner,confidential,set_union,edge1|edge2|edge3,3,24.018722,70.3614,3,,70205401426a8e8adbf4220710b3638c6a47af2e7e7264f0b771b1bcbb070e80,completed,False,,,
rdfs,2,100,7021,BASE-Q23,topology,core,authorities,data_owner,confidential,set_union,edge1|edge2|edge3,3,36.117426,106.55632200000001,101,,0bee89d20c1ee8a1d30f5f49705252478356280884ac29a85e9d22cae3d943b7,completed,False,,,
rdfs,2,100,7021,BASE-Q24,federation,core,authorities,data_owner,confidential,set_union,edge1|edge2|edge3,3,29.052334,80.285754,5,,0d4871d54d4eadbfa110f9223c2a6b641ea8c65326db34ade1288d5eab5ceb54,completed,False,,,
rdfs,2,100,7021,BASE-Q25,identity_consent,core,authorities,data_owner,confidential,set_union,edge1|edge2|edge3,3,13.530943,39.862536,1,,4591a69ecb6837fd65b28a9688ad10f0fb7b8ca54c1a6ac395ef142fc831cfbf,completed,False,,,
rdfs,2,100,7021,BASE-Q26,observability,core,fog,regional,internal,boolean_or,fog,1,5.946926,5.946926,1,True,35df7182aa6c75e0a1066245f679b81ec9ad05e9964a0684980a466c9cc63ac4,completed,False,,,
rdfs,2,100,7021,BASE-Q27,adaptation,core,authorities,data_owner,confidential,boolean_or,edge1|edge2|edge3,3,9.400963,26.237417999999998,1,True,35df7182aa6c75e0a1066245f679b81ec9ad05e9964a0684980a466c9cc63ac4,completed,False,,,
rdfs,2,100,7021,BASE-Q28,identity_consent,domain,authorities,data_owner,restricted,boolean_or,edge1|edge2|edge3,3,54.195426,142.086556,0,False,92b91e0dd8f69dcc43f3c56062f944147504cf0d80f20c98005fda34c727fd7e,completed,False,,,
rdfs,2,100,7021,BASE-Q29,topology,core,fog,regional,internal,boolean_or,fog,1,14.171407,14.171407,1,True,35df7182aa6c75e0a1066245f679b81ec9ad05e9964a0684980a466c9cc63ac4,completed,False,,,
rdfs,2,100,7021,BASE-Q30,federation,core,authorities,data_owner,confidential,boolean_or,edge1|edge2|edge3,3,6.697971,19.76749,1,True,35df7182aa6c75e0a1066245f679b81ec9ad05e9964a0684980a466c9cc63ac4,completed,False,,,
rdfs,2,100,7021,BASE-Q31,identity_consent,core,cloud,global,internal,single,cloud,1,9.126776,9.126776,3,,66874cf8756143b9365cd0ce258e694f4e2eaf6ea8e73bc6693fe83bc83ed3f4,completed,False,,,
rdfs,2,100,7021,BASE-Q32,decision,core,fog,regional,internal,single,fog,1,16.158871,16.158871,4,,b91031de6b6257d2428b9195175f3c860291b874d6603c50eb4713a1b65b2628,completed,False,,,
rdfs,2,100,7021,BASE-Q33,observability,core,authority_key:http://example.org/smartcity#UserB,data_owner,confidential,single,edge2,1,23.098055,23.098055,6,,c948862aeae8a7991e67a92cdd4493bfbfb9d01ab0d6a6296c3f1f31ee941004,completed,False,,,
rdfs,2,100,7021,BASE-Q34,topology,core,fog,regional,internal,single,fog,1,10.681352,10.681352,1,,7c66062f36ae31e8068455da76c0bb4f918e7f6b8ecee7cd8a7946f3b6047884,completed,False,,,
rdfs,2,100,7021,BASE-Q35,delegation,core,authorities,data_owner,confidential,set_union,edge1|edge2|edge3,3,56.910537,115.539221,180,,496f817f7c8ccec2b677b93877c2e54259f1052bee3fa9bbc330cf1af1a46630,completed,False,,,
rdfs,2,100,7021,EXT-Q01,semantic_schema,core,cloud,global,internal,single,cloud,1,7.061914,7.061914,6,,66d5edbbdc2282624ffec271a4a523a20fdc7331b886d2884edf86a885532bcc,completed,False,,,
rdfs,2,100,7021,EXT-Q02,semantic_schema,core,cloud,global,internal,single,cloud,1,6.542539,6.542539,3,,81bea9a8c2d4cf1237d7fb131249cc18ec4ca629eeabaadbd5f0b9b58d3e3333,completed,False,,,
rdfs,2,100,7021,EXT-Q03,policy_governance,core,cloud,global,internal,single,cloud,1,33.367936,33.367936,79,,d73ae3d5ddfcd345147bae778101c21ab13194fca3fa92ad08259d39931b66d5,completed,False,,,
rdfs,2,100,7021,EXT-Q04,policy_governance,core,cloud,global,internal,single,cloud,1,17.810757,17.810757,55,,fced7e97d29b215a8321753998b7519dc1825dacc4af090c67ffc54bee4479bc,completed,False,,,
rdfs,2,100,7021,EXT-Q05,semantic_schema,core,cloud,global,internal,single,cloud,1,28.027326,28.027326,17,,e0fc9190703b6a7b2695ddc448f5c7e54c4feeff2545477c3194ebfd8ccb1f0c,completed,False,,,
rdfs,2,100,7021,EXT-Q06,semantic_schema,core,cloud,global,internal,single,cloud,1,5.774221,5.774221,12,,1377568d225cfb45a1899c2ea951adf7ebda5ada4e188dbf5f114110484fa3ae,completed,False,,,
rdfs,2,100,7021,EXT-Q07,policy_governance,core,cloud,global,internal,single,cloud,1,10.369743,10.369743,67,,c3cf27e703656fdaa8295f23b31076c1afcb14a5022b1b47538e2961fe033646,completed,False,,,
rdfs,2,100,7021,EXT-Q08,policy_governance,core,cloud,global,internal,single,cloud,1,61.32856,61.32856,1089,,cb9e0103c9327f1c4691ec9d7612deebd04c0e73140f23e2a6209bb8af1efc51,completed,False,,,
rdfs,2,100,7021,EXT-Q09,policy_governance,core,cloud,global,internal,single,cloud,1,21.335979,21.335979,6,,68de07660e010156bf3f3ea01000180657c8e8fc155ac9a053c3a64dbc538102,completed,False,,,
rdfs,2,100,7021,EXT-Q10,policy_governance,core,cloud,global,internal,single,cloud,1,45.790381,45.790381,0,,e3b0c44298fc1c149afbf4c8996fb92427ae41e4649b934ca495991b7852b855,completed,False,,,
rdfs,2,100,7021,EXT-Q11,identity_consent,core,authorities,data_owner,confidential,set_union,edge1|edge2|edge3,3,42.162611,119.09651199999999,125,,d10f1a5cd8517d29f509a64e5fda02dd5a7dd6efad8bfa95a5d0644b462177b0,completed,False,,,
rdfs,2,100,7021,EXT-Q12,identity_consent,core,authorities,data_owner,confidential,set_union,edge1|edge2|edge3,3,42.274667,119.155475,128,,0444374ff467f047d001f046d64d1a86263d42f4d4185f8bd16178a3aac1262d,completed,False,,,
rdfs,2,100,7021,EXT-Q13,identity_consent,core,authorities,data_owner,confidential,set_union,edge1|edge2|edge3,3,45.597111,131.583405,0,,e3b0c44298fc1c149afbf4c8996fb92427ae41e4649b934ca495991b7852b855,completed,False,,,
rdfs,2,100,7021,EXT-Q14,identity_consent,core,authorities,data_owner,confidential,set_union,edge1|edge2|edge3,3,45.46563,131.827553,0,,e3b0c44298fc1c149afbf4c8996fb92427ae41e4649b934ca495991b7852b855,completed,False,,,
rdfs,2,100,7021,EXT-Q15,identity_consent,core,authorities,data_owner,confidential,set_union,edge1|edge2|edge3,3,122.524389,340.36704499999996,0,,e3b0c44298fc1c149afbf4c8996fb92427ae41e4649b934ca495991b7852b855,completed,False,,,
rdfs,2,100,7021,EXT-Q16,identity_consent,core,authorities,data_owner,confidential,set_union,edge1|edge2|edge3,3,52.782963,156.481563,0,,e3b0c44298fc1c149afbf4c8996fb92427ae41e4649b934ca495991b7852b855,completed,False,,,
rdfs,2,100,7021,EXT-Q17,identity_consent,core,authorities,data_owner,confidential,set_union,edge1|edge2|edge3,3,29.712444,76.670305,8,,3071bd3ad9cc1daac2632f317152a64e2d9d9e0d189068465ece1f8c3872334f,completed,False,,,
rdfs,2,100,7021,EXT-Q18,identity_consent,core,authorities,data_owner,confidential,set_union,edge1|edge2|edge3,3,53.591537,151.067856,0,,e3b0c44298fc1c149afbf4c8996fb92427ae41e4649b934ca495991b7852b855,completed,False,,,
rdfs,2,100,7021,EXT-Q19,identity_consent,core,authorities,data_owner,confidential,set_union,edge1|edge2|edge3,3,52.394963,150.147968,0,,e3b0c44298fc1c149afbf4c8996fb92427ae41e4649b934ca495991b7852b855,completed,False,,,
rdfs,2,100,7021,EXT-Q20,identity_consent,core,authorities,data_owner,confidential,set_union,edge1|edge2|edge3,3,13.048296,38.284367,0,,e3b0c44298fc1c149afbf4c8996fb92427ae41e4649b934ca495991b7852b855,completed,False,,,
rdfs,2,100,7021,EXT-Q21,identity_consent,core,authorities,data_owner,confidential,set_union,edge1|edge2|edge3,3,32.875574,78.377138,42,,5f5f842f77c77fd4daaf1aeead5ac66f83ba3baa3a0c30af7c9fc75f471e69cc,completed,False,,,
rdfs,2,100,7021,EXT-Q22,security_identity,domain,authorities,data_owner,restricted,set_union,edge1|edge2|edge3,3,331.049667,837.819848,0,,e3b0c44298fc1c149afbf4c8996fb92427ae41e4649b934ca495991b7852b855,completed,False,,,
rdfs,2,100,7021,EXT-Q23,data_lifecycle,core,authorities,data_owner,confidential,set_union,edge1|edge2|edge3,3,25.738925,72.621083,3,,3955e7b96dea26719774b2d2a200be73c38cf84521f9352a6b96ed1af0a71d7a,completed,False,,,
rdfs,2,100,7021,EXT-Q24,data_lifecycle,core,authorities,data_owner,confidential,set_union,edge1|edge2|edge3,3,47.685315,137.593426,102,,9106f5862cc8600b6d5ae37435c36d2734394a0ad4470feea1fb4f9925aa6872,completed,False,,,
rdfs,2,100,7021,EXT-Q25,data_lifecycle,domain,authorities,data_owner,restricted,set_union,edge1|edge2|edge3,3,73.75263,214.330403,0,,e3b0c44298fc1c149afbf4c8996fb92427ae41e4649b934ca495991b7852b855,completed,False,,,
rdfs,2,100,7021,EXT-Q26,security_identity,core,authorities,data_owner,confidential,set_union,edge1|edge2|edge3,3,46.993037,134.77248,104,,d032cc59f511f29f0ba5b4a8ec962dbd24952b8594d3e52130be63c2cf3e33dd,completed,False,,,
rdfs,2,100,7021,EXT-Q27,security_identity,core,authorities,data_owner,confidential,set_union,edge1|edge2|edge3,3,43.558592,114.158544,0,,e3b0c44298fc1c149afbf4c8996fb92427ae41e4649b934ca495991b7852b855,completed,False,,,
rdfs,2,100,7021,EXT-Q28,security_identity,core,authorities,data_owner,confidential,set_union,edge1|edge2|edge3,3,19.522228,57.430043,0,,e3b0c44298fc1c149afbf4c8996fb92427ae41e4649b934ca495991b7852b855,completed,False,,,
rdfs,2,100,7021,EXT-Q29,security_identity,core,cloud,global,internal,single,cloud,1,3.126104,3.126104,1,,5e56d4b1c34d01016304a6e8bc0397a3d6e7898ce43942ff1b6aab07b06810f2,completed,False,,,
rdfs,2,100,7021,EXT-Q30,security_identity,core,cloud,global,internal,single,cloud,1,3.768479,3.768479,0,,e3b0c44298fc1c149afbf4c8996fb92427ae41e4649b934ca495991b7852b855,completed,False,,,
rdfs,2,100,7021,EXT-Q31,data_lifecycle,core,authorities,data_owner,confidential,set_union,edge1|edge2|edge3,3,18.710555,55.002669999999995,0,,e3b0c44298fc1c149afbf4c8996fb92427ae41e4649b934ca495991b7852b855,completed,False,,,
rdfs,2,100,7021,EXT-Q32,data_lifecycle,core,authorities,data_owner,confidential,set_union,edge1|edge2|edge3,3,10.972185,32.689328,0,,e3b0c44298fc1c149afbf4c8996fb92427ae41e4649b934ca495991b7852b855,completed,False,,,
rdfs,2,100,7021,EXT-Q33,data_lifecycle,core,authorities,data_owner,confidential,set_union,edge1|edge2|edge3,3,21.996564,65.495379,0,,e3b0c44298fc1c149afbf4c8996fb92427ae41e4649b934ca495991b7852b855,completed,False,,,
rdfs,2,100,7021,EXT-Q34,data_lifecycle,core,authorities,data_owner,confidential,set_union,edge1|edge2|edge3,3,18.741685,55.445967,0,,e3b0c44298fc1c149afbf4c8996fb92427ae41e4649b934ca495991b7852b855,completed,False,,,
rdfs,2,100,7021,EXT-Q35,data_lifecycle,core,authorities,data_owner,confidential,set_union,edge1|edge2|edge3,3,22.515389,65.275286,106,,f68d3a56a8b372110adb0609644ee820cc2af42e928c009699efee64cbd66b70,completed,False,,,
rdfs,2,100,7021,EXT-Q36,context_zones,core,authority_key:http://example.org/smartcity#UserA,data_owner,confidential,single,edge1,1,22.14613,22.14613,1,,b691a10c930fd32c789bb07f0f1fd7d606e3241b1fbe110ce3bb9c0f5b95cd37,completed,False,,,
rdfs,2,100,7021,EXT-Q37,context_zones,domain,authorities,data_owner,restricted,set_union,edge1|edge2|edge3,3,66.340981,184.60483299999999,0,,e3b0c44298fc1c149afbf4c8996fb92427ae41e4649b934ca495991b7852b855,completed,False,,,
rdfs,2,100,7021,EXT-Q38,context_zones,domain,authorities,data_owner,restricted,set_union,edge1|edge2|edge3,3,35.832815,106.57222999999999,1,,d0d58146bc80e4e03947b8200631e8b89fdb27ee77b2a31daf4bee1a10c44367,completed,False,,,
rdfs,2,100,7021,EXT-Q39,context_zones,core,authority_key:http://example.org/smartcity#UserA,data_owner,confidential,single,edge1,1,15.327241,15.327241,5,,1ca154c8210da56b45e42825f86a318f53dc0325a456648a0db2cbcced59de18,completed,False,,,
rdfs,2,100,7021,EXT-Q40,trust,core,fog,regional,internal,single,fog,1,28.554296,28.554296,8,,668e8d3da023436e0b3b53c5f12489c55929c5346903d5c0b7b1b992f823f8df,completed,False,,,
rdfs,2,100,7021,EXT-Q41,trust,core,fog,regional,internal,single,fog,1,25.373334,25.373334,0,,e3b0c44298fc1c149afbf4c8996fb92427ae41e4649b934ca495991b7852b855,completed,False,,,
rdfs,2,100,7021,EXT-Q42,trust,core,fog,regional,internal,single,fog,1,19.769611,19.769611,5,,a936f8276a646c3f47213c62eb605f825d8fee770920c38f095ae922a5febc96,completed,False,,,
rdfs,2,100,7021,EXT-Q43,trust,core,fog,regional,internal,single,fog,1,31.832148,31.832148,8,,b194843fbc8955399d428ae6e4e9bb4101fe20226aa76f0f1491397c8ce797c2,completed,False,,,
rdfs,2,100,7021,EXT-Q44,trust,core,authorities,data_owner,confidential,set_union,edge1|edge2|edge3,3,28.273889,67.940487,10,,106b6808e582efd6a78626f18c7807191e7a08ebe629f87847227d80e6ce6f19,completed,False,,,
rdfs,2,100,7021,EXT-Q45,trust,core,authorities,data_owner,confidential,set_union,edge1|edge2|edge3,3,47.462889,139.391853,0,,e3b0c44298fc1c149afbf4c8996fb92427ae41e4649b934ca495991b7852b855,completed,False,,,
rdfs,2,100,7021,EXT-Q46,decision,core,authorities,data_owner,confidential,set_union,edge1|edge2|edge3,3,38.596389,93.442217,11,,497649f7b7fb5bb312db17c133552fcb5363c177bcdf3a7d4da3f9e09d27ef3a,completed,False,,,
rdfs,2,100,7021,EXT-Q47,decision,core,authorities,data_owner,confidential,set_union,edge1|edge2|edge3,3,38.059944,95.814777,0,,e3b0c44298fc1c149afbf4c8996fb92427ae41e4649b934ca495991b7852b855,completed,False,,,
rdfs,2,100,7021,EXT-Q48,decision,core,authorities,data_owner,confidential,set_union,edge1|edge2|edge3,3,33.448537,94.829446,0,,e3b0c44298fc1c149afbf4c8996fb92427ae41e4649b934ca495991b7852b855,completed,False,,,
rdfs,2,100,7021,EXT-Q49,decision,core,authorities,data_owner,confidential,set_union,edge1|edge2|edge3,3,37.409519,90.271828,8,,61a1a998385e4071933469d06cffd5e2cd092016daefcdce08d2e38a8bf4d078,completed,False,,,
rdfs,2,100,7021,EXT-Q50,decision,core,authorities,data_owner,confidential,set_union,edge1|edge2|edge3,3,33.123352,98.390596,0,,e3b0c44298fc1c149afbf4c8996fb92427ae41e4649b934ca495991b7852b855,completed,False,,,
rdfs,2,100,7021,EXT-Q51,decision,core,authorities,data_owner,confidential,set_union,edge1|edge2|edge3,3,31.389149,76.428307,32,,d96e9e0968e2bb5a55d9ce98a9e9522d5cb6082d083dcb5d8b65c30d87614d48,completed,False,,,
rdfs,2,100,7021,EXT-Q52,decision,core,authorities,data_owner,confidential,set_union,edge1|edge2|edge3,3,30.031814,73.915916,32,,e4cc722951be46789eb75264501a53ba96774192510017491e856efc76f0aa19,completed,False,,,
rdfs,2,100,7021,EXT-Q53,decision,core,authorities,data_owner,confidential,set_union,edge1|edge2|edge3,3,50.701463,145.861152,0,,e3b0c44298fc1c149afbf4c8996fb92427ae41e4649b934ca495991b7852b855,completed,False,,,
rdfs,2,100,7021,EXT-Q54,decision,domain,authorities,data_owner,restricted,set_union,edge1|edge2|edge3,3,38.103334,109.401378,0,,e3b0c44298fc1c149afbf4c8996fb92427ae41e4649b934ca495991b7852b855,completed,False,,,
rdfs,2,100,7021,EXT-Q55,decision,core,authorities,data_owner,confidential,set_union,edge1|edge2|edge3,3,20.8235,59.87084,8,,8c3e48566f94616cee569d9b5812ba30ec566c1adc22c2c92d13749c523df534,completed,False,,,
rdfs,2,100,7021,EXT-Q56,decision,core,authorities,data_owner,confidential,set_union,edge1|edge2|edge3,3,49.923229,147.049858,0,,e3b0c44298fc1c149afbf4c8996fb92427ae41e4649b934ca495991b7852b855,completed,False,,,
rdfs,2,100,7021,EXT-Q57,decision,core,authorities,data_owner,confidential,set_union,edge1|edge2|edge3,3,19.219518,56.655319,7,,058d2944c03f01a48917edc20c871d5f86e2b184778cd894bf433e94a8ffca12,completed,False,,,
rdfs,2,100,7021,EXT-Q58,decision,core,authorities,data_owner,confidential,set_union,edge1|edge2|edge3,3,30.036426,88.90255499999999,7,,5a003716962d1299d69dd1de460f6a48eb40b34fbbb1eeb486379f039621a795,completed,False,,,
rdfs,2,100,7021,EXT-Q59,adaptation,core,authorities,data_owner,confidential,set_union,edge1|edge2|edge3,3,67.317426,143.353214,35,,13174fdc62dcf1fb82964d21f2ae1d433999faabd3565ac32b4f7d156d1f54ee,completed,False,,,
rdfs,2,100,7021,EXT-Q60,adaptation,core,authorities,data_owner,confidential,set_union,edge1|edge2|edge3,3,27.227093,77.84105199999999,1,,285931564bf116179a45da920fdf958a3347ea1df763213bb7e2afba77c47d16,completed,False,,,
rdfs,2,100,7021,EXT-Q61,adaptation,core,authorities,data_owner,confidential,set_union,edge1|edge2|edge3,3,8.939,24.534731999999998,0,,e3b0c44298fc1c149afbf4c8996fb92427ae41e4649b934ca495991b7852b855,completed,False,,,
rdfs,2,100,7021,EXT-Q62,adaptation,core,authorities,data_owner,confidential,set_union,edge1|edge2|edge3,3,23.262389,66.953991,1,,3dafef0eca79c68f05b79939f40198bc13232639d500d3e9875bc263b0f00d4d,completed,False,,,
rdfs,2,100,7021,EXT-Q63,delegation,core,authorities,data_owner,confidential,set_union,edge1|edge2|edge3,3,24.533611,71.564233,1,,d4b4c3785ae985658dfc4a4433dd002e5aec5a2321080af4e85474c06a3404f5,completed,False,,,
rdfs,2,100,7021,EXT-Q64,delegation,core,authorities,data_owner,confidential,set_union,edge1|edge2|edge3,3,21.879908,64.153805,0,,e3b0c44298fc1c149afbf4c8996fb92427ae41e4649b934ca495991b7852b855,completed,False,,,
rdfs,2,100,7021,EXT-Q65,delegation,core,authorities,data_owner,confidential,set_union,edge1|edge2|edge3,3,13.676963,39.1957,0,,e3b0c44298fc1c149afbf4c8996fb92427ae41e4649b934ca495991b7852b855,completed,False,,,
rdfs,2,100,7021,EXT-Q66,federation,core,authorities,data_owner,confidential,set_union,edge1|edge2|edge3,3,25.953334,74.73860400000001,2,,1a9af60cfbb87dd79b68021c3d70e1ee6f230e648f1ad6360ef50fffd374b4df,completed,False,,,
rdfs,2,100,7021,EXT-Q67,federation,core,authorities,data_owner,confidential,set_union,edge1|edge2|edge3,3,39.422685,115.362454,0,,e3b0c44298fc1c149afbf4c8996fb92427ae41e4649b934ca495991b7852b855,completed,False,,,
rdfs,2,100,7021,EXT-Q68,federation,core,authorities,data_owner,confidential,set_union,edge1|edge2|edge3,3,24.98837,73.728215,0,,e3b0c44298fc1c149afbf4c8996fb92427ae41e4649b934ca495991b7852b855,completed,False,,,
rdfs,2,100,7021,EXT-Q69,federation,core,authorities,data_owner,confidential,set_union,edge1|edge2|edge3,3,29.565445,85.133442,2,,8271d93912e320b11a3ca6d70e5061d5132abb26053b022198090871531d61eb,completed,False,,,
rdfs,2,100,7021,EXT-Q70,audit_temporal,core,authorities,data_owner,confidential,set_union,edge1|edge2|edge3,3,110.530815,181.675802,204,,01824916f48e90d6c6df066f2950c4d8a2e2d6f71ba4af556d43e8921ae41930,completed,False,,,
rdfs,2,100,7021,EXT-Q71,audit_temporal,core,authorities,data_owner,confidential,set_union,edge1|edge2|edge3,3,42.086814,110.775432,0,,e3b0c44298fc1c149afbf4c8996fb92427ae41e4649b934ca495991b7852b855,completed,False,,,
rdfs,2,100,7021,EXT-Q72,audit_temporal,core,authorities,data_owner,confidential,set_union,edge1|edge2|edge3,3,29.968908,82.153607,0,,e3b0c44298fc1c149afbf4c8996fb92427ae41e4649b934ca495991b7852b855,completed,False,,,
rdfs,2,100,7021,EXT-Q73,audit_temporal,core,authorities,data_owner,confidential,set_union,edge1|edge2|edge3,3,205.680315,564.044057,1010,,8063e96114d0974d3751ccec20b20889462cf9f199bff40c10b7b815850c2cba,completed,False,,,
rdfs,2,100,7021,EXT-Q74,audit_temporal,core,authorities,data_owner,confidential,set_union,edge1|edge2|edge3,3,284.186667,784.520552,0,,e3b0c44298fc1c149afbf4c8996fb92427ae41e4649b934ca495991b7852b855,completed,False,,,
rdfs,2,100,7021,EXT-Q75,validation,core,cloud,global,internal,single,cloud,1,17.365839,17.365839,74,,8dd432df42d733f2411b2aebc51682848ddadc97425c41088f0a99090f77f1c0,completed,False,,,
rdfs,2,100,7021,EXT-Q76,validation,core,cloud,global,internal,single,cloud,1,6.894308,6.894308,9,,50bf3d3f7f446e045722279f6d243ecc804cd2cf73b381d9c89f530b567855ea,completed,False,,,
rdfs,2,100,7021,EXT-Q77,validation,core,cloud,global,internal,single,cloud,1,20.152014,20.152014,6,,ba52fb52449a77784e328f0aaa19807ddd9156c7457ea722a8af2f2082dce9ad,completed,False,,,
rdfs,2,100,7021,EXT-Q78,policy_governance,core,cloud,global,internal,single,cloud,1,16.921711,16.921711,37,,dc49d089c1cfb621b31177ad5794c8ca7638f40689eba56af4f4ea2a38c683f1,completed,False,,,
rdfs,2,100,7021,EXT-Q79,policy_governance,core,cloud,global,internal,single,cloud,1,13.218451,13.218451,0,,e3b0c44298fc1c149afbf4c8996fb92427ae41e4649b934ca495991b7852b855,completed,False,,,
rdfs,2,100,7021,EXT-Q80,validation,core,cloud,global,internal,single,cloud,1,32.099138,32.099138,13,,7b81a06628b0ed47983abd578c902f47906271bc5a38f63144daa74510daf865,completed,False,,,
rdfs,3,100,7021,BASE-Q01,identity_consent,core,authorities,data_owner,confidential,set_union,edge1|edge2|edge3,3,42.291074,123.93207000000001,104,,7a332083bdc04cec27394e5cf23941c792d1de0c41d27f4134d42e1cea73f268,completed,False,,,
rdfs,3,100,7021,BASE-Q02,topology,core,authority_key:http://example.org/smartcity#UserB,data_owner,confidential,single,edge2,1,21.266834,21.266834,11,,363f868a57a5e5f601b8d524b05460273fbf45427eb805af595f694133371b51,completed,False,,,
rdfs,3,100,7021,BASE-Q03,wellbeing,domain,authorities,data_owner,restricted,set_union,edge1|edge2|edge3,3,28.112426,83.83879400000001,104,,0f2929f844a525d68830fa50f52519857f1dd010ded0bf5e04d4a24c86c05552,completed,False,,,
rdfs,3,100,7021,BASE-Q04,decision,core,authority_key:http://example.org/smartcity#UserB,data_owner,confidential,single,edge2,1,21.770389,21.770389,7,,cc222a87554e870ffae43cba023647670c0589b8ec1b4500dd1d797a399c3bf2,completed,False,,,
rdfs,3,100,7021,BASE-Q05,wellbeing,domain,authorities,data_owner,restricted,set_union,edge1|edge2|edge3,3,19.627944,55.97817,5,,4b096b851fd9e6935d2e2e6c7bd57464c473db58008af4b34e60338033a84d23,completed,False,,,
rdfs,3,100,7021,BASE-Q06,identity_consent,core,cloud,global,internal,single,cloud,1,4.428141,4.428141,10,,f8aebcef3bdb5c68142d34426190fd6a36c4b31394471c9c7602e6c19e67ff84,completed,False,,,
rdfs,3,100,7021,BASE-Q07,observability,core,fog,regional,internal,single,fog,1,36.258629,36.258629,10,,86419d85b77be1282bde98480ecfa16f261a06d3180f063da4ea1bb1c119af67,completed,False,,,
rdfs,3,100,7021,BASE-Q08,observability,core,fog,regional,internal,single,fog,1,38.681556,38.681556,2,,6527f1e187dfa51f5dc78e109fe2d9fb47aed82a4ec8f897d1dda6ee6850aa0a,completed,False,,,
rdfs,3,100,7021,BASE-Q09,wellbeing,domain,authorities,data_owner,restricted,set_union,edge1|edge2|edge3,3,40.994685,118.639419,106,,2f052795c45af5c73a4ed56c6d53f566c3a6a97f8e256bd42d191c915baca6ff,completed,False,,,
rdfs,3,100,7021,BASE-Q10,observability,domain,authorities,data_owner,restricted,set_union,edge1|edge2|edge3,3,54.902592,160.569806,104,,e6e6be0bea1007e8a0a509db5dd6923dbe3b169736a394cf93f38246d8a7dca8,completed,False,,,
rdfs,3,100,7021,BASE-Q11,wellbeing,core,authority_key:http://example.org/smartcity#UserA,data_owner,confidential,single,edge1,1,14.79724,14.79724,1,,941d461ce01f2fa52ba95291e46e52524d75bd44e2b938eab7e81404936a8b7c,completed,False,,,
rdfs,3,100,7021,BASE-Q12,adaptation,core,authorities,data_owner,confidential,set_union,edge1|edge2|edge3,3,14.067203,41.927406,1,,ddcd6b8cd42f3d2e1f6aa052eeeca5d4423f9db85cdc91915481db3956dfffff,completed,False,,,
rdfs,3,100,7021,BASE-Q13,adaptation,core,authorities,data_owner,confidential,set_union,edge1|edge2|edge3,3,18.693296,53.958207,1,,25e56d4be1969d1d6de5386e2c3ff26456f8069edb7847a9dc7e32a9b09c8948,completed,False,,,
rdfs,3,100,7021,BASE-Q14,delegation,core,authority_key:http://example.org/smartcity#UserA,data_owner,confidential,single,edge1,1,16.843648,16.843648,1,,dcd8c3258e95549dde016df10cf22183c036214d75d30e686ca7ac2fb5ea3271,completed,False,,,
rdfs,3,100,7021,BASE-Q15,identity_consent,core,authorities,data_owner,confidential,set_union,edge1|edge2|edge3,3,12.2105,35.533701,1,,7ac55bded7c8d1294bfcac4ddeb28b5921a8083a19185e216bf5d1c0d62bd370,completed,False,,,
rdfs,3,100,7021,BASE-Q16,federation,core,authorities,data_owner,confidential,set_union,edge1|edge2|edge3,3,26.672889,75.864161,3,,550eeca87dc96402bbed090f1737eaacfb6b27d2290401797018cbcf303b8147,completed,False,,,
rdfs,3,100,7021,BASE-Q17,context_zones,domain,authorities,data_owner,restricted,set_union,edge1|edge2|edge3,3,18.391653,53.048097999999996,1,,50b7b5a085e0802a1897953a959e0c9ea4c5f943dc26de55b2219ea7deac4b89,completed,False,,,
rdfs,3,100,7021,BASE-Q18,context_zones,core,authorities,data_owner,confidential,set_union,edge1|edge2|edge3,3,10.428297,30.242939,1,,200d4d55bb0d8b9374961d2df3fa99d83d8caf54dc79a7784bb84dd44b081eda,completed,False,,,
rdfs,3,100,7021,BASE-Q19,decision,core,fog,regional,internal,single,fog,1,34.626944,34.626944,5,,14ff5f393f619913b6627f132ac802eb3d0b2560e5619a0d995e34dac1f39b45,completed,False,,,
rdfs,3,100,7021,BASE-Q20,identity_consent,domain,authorities,data_owner,restricted,set_union,edge1|edge2|edge3,3,42.797796,124.157551,104,,80c72d53f7954de49ca8c6c413b59e0b475eda97cf0ca823b08155ca43c94d68,completed,False,,,
rdfs,3,100,7021,BASE-Q21,decision,core,authorities,data_owner,confidential,set_union,edge1|edge2|edge3,3,33.709204,85.816013,11,,7fc13e36a90de226eedecbd26ccd453be5ba11798c2c5af4a7d857a15cbb7e1e,completed,False,,,
rdfs,3,100,7021,BASE-Q22,adaptation,core,authorities,data_owner,confidential,set_union,edge1|edge2|edge3,3,24.41513,70.95636300000001,3,,70205401426a8e8adbf4220710b3638c6a47af2e7e7264f0b771b1bcbb070e80,completed,False,,,
rdfs,3,100,7021,BASE-Q23,topology,core,authorities,data_owner,confidential,set_union,edge1|edge2|edge3,3,36.390685,107.33719199999999,101,,0bee89d20c1ee8a1d30f5f49705252478356280884ac29a85e9d22cae3d943b7,completed,False,,,
rdfs,3,100,7021,BASE-Q24,federation,core,authorities,data_owner,confidential,set_union,edge1|edge2|edge3,3,30.238333,82.04993999999999,5,,0d4871d54d4eadbfa110f9223c2a6b641ea8c65326db34ade1288d5eab5ceb54,completed,False,,,
rdfs,3,100,7021,BASE-Q25,identity_consent,core,authorities,data_owner,confidential,set_union,edge1|edge2|edge3,3,13.626665,40.100147,1,,4591a69ecb6837fd65b28a9688ad10f0fb7b8ca54c1a6ac395ef142fc831cfbf,completed,False,,,
rdfs,3,100,7021,BASE-Q26,observability,core,fog,regional,internal,boolean_or,fog,1,6.051519,6.051519,1,True,35df7182aa6c75e0a1066245f679b81ec9ad05e9964a0684980a466c9cc63ac4,completed,False,,,
rdfs,3,100,7021,BASE-Q27,adaptation,core,authorities,data_owner,confidential,boolean_or,edge1|edge2|edge3,3,8.572648,25.549954,1,True,35df7182aa6c75e0a1066245f679b81ec9ad05e9964a0684980a466c9cc63ac4,completed,False,,,
rdfs,3,100,7021,BASE-Q28,identity_consent,domain,authorities,data_owner,restricted,boolean_or,edge1|edge2|edge3,3,54.187093,140.050981,0,False,92b91e0dd8f69dcc43f3c56062f944147504cf0d80f20c98005fda34c727fd7e,completed,False,,,
rdfs,3,100,7021,BASE-Q29,topology,core,fog,regional,internal,boolean_or,fog,1,14.872185,14.872185,1,True,35df7182aa6c75e0a1066245f679b81ec9ad05e9964a0684980a466c9cc63ac4,completed,False,,,
rdfs,3,100,7021,BASE-Q30,federation,core,authorities,data_owner,confidential,boolean_or,edge1|edge2|edge3,3,7.476806,20.604028,1,True,35df7182aa6c75e0a1066245f679b81ec9ad05e9964a0684980a466c9cc63ac4,completed,False,,,
rdfs,3,100,7021,BASE-Q31,identity_consent,core,cloud,global,internal,single,cloud,1,11.341578,11.341578,3,,66874cf8756143b9365cd0ce258e694f4e2eaf6ea8e73bc6693fe83bc83ed3f4,completed,False,,,
rdfs,3,100,7021,BASE-Q32,decision,core,fog,regional,internal,single,fog,1,16.223796,16.223796,4,,b91031de6b6257d2428b9195175f3c860291b874d6603c50eb4713a1b65b2628,completed,False,,,
rdfs,3,100,7021,BASE-Q33,observability,core,authority_key:http://example.org/smartcity#UserB,data_owner,confidential,single,edge2,1,23.073407,23.073407,6,,c948862aeae8a7991e67a92cdd4493bfbfb9d01ab0d6a6296c3f1f31ee941004,completed,False,,,
rdfs,3,100,7021,BASE-Q34,topology,core,fog,regional,internal,single,fog,1,11.837519,11.837519,1,,7c66062f36ae31e8068455da76c0bb4f918e7f6b8ecee7cd8a7946f3b6047884,completed,False,,,
rdfs,3,100,7021,BASE-Q35,delegation,core,authorities,data_owner,confidential,set_union,edge1|edge2|edge3,3,57.156574,115.052628,180,,496f817f7c8ccec2b677b93877c2e54259f1052bee3fa9bbc330cf1af1a46630,completed,False,,,
rdfs,3,100,7021,EXT-Q01,semantic_schema,core,cloud,global,internal,single,cloud,1,6.900756,6.900756,6,,66d5edbbdc2282624ffec271a4a523a20fdc7331b886d2884edf86a885532bcc,completed,False,,,
rdfs,3,100,7021,EXT-Q02,semantic_schema,core,cloud,global,internal,single,cloud,1,5.05872,5.05872,3,,81bea9a8c2d4cf1237d7fb131249cc18ec4ca629eeabaadbd5f0b9b58d3e3333,completed,False,,,
rdfs,3,100,7021,EXT-Q03,policy_governance,core,cloud,global,internal,single,cloud,1,18.77105,18.77105,79,,d73ae3d5ddfcd345147bae778101c21ab13194fca3fa92ad08259d39931b66d5,completed,False,,,
rdfs,3,100,7021,EXT-Q04,policy_governance,core,cloud,global,internal,single,cloud,1,17.642361,17.642361,55,,fced7e97d29b215a8321753998b7519dc1825dacc4af090c67ffc54bee4479bc,completed,False,,,
rdfs,3,100,7021,EXT-Q05,semantic_schema,core,cloud,global,internal,single,cloud,1,17.39882,17.39882,17,,e0fc9190703b6a7b2695ddc448f5c7e54c4feeff2545477c3194ebfd8ccb1f0c,completed,False,,,
rdfs,3,100,7021,EXT-Q06,semantic_schema,core,cloud,global,internal,single,cloud,1,3.999987,3.999987,12,,1377568d225cfb45a1899c2ea951adf7ebda5ada4e188dbf5f114110484fa3ae,completed,False,,,
rdfs,3,100,7021,EXT-Q07,policy_governance,core,cloud,global,internal,single,cloud,1,9.159248,9.159248,67,,c3cf27e703656fdaa8295f23b31076c1afcb14a5022b1b47538e2961fe033646,completed,False,,,
rdfs,3,100,7021,EXT-Q08,policy_governance,core,cloud,global,internal,single,cloud,1,66.598605,66.598605,1089,,cb9e0103c9327f1c4691ec9d7612deebd04c0e73140f23e2a6209bb8af1efc51,completed,False,,,
rdfs,3,100,7021,EXT-Q09,policy_governance,core,cloud,global,internal,single,cloud,1,17.076374,17.076374,6,,68de07660e010156bf3f3ea01000180657c8e8fc155ac9a053c3a64dbc538102,completed,False,,,
rdfs,3,100,7021,EXT-Q10,policy_governance,core,cloud,global,internal,single,cloud,1,70.927498,70.927498,0,,e3b0c44298fc1c149afbf4c8996fb92427ae41e4649b934ca495991b7852b855,completed,False,,,
rdfs,3,100,7021,EXT-Q11,identity_consent,core,authorities,data_owner,confidential,set_union,edge1|edge2|edge3,3,42.070018,118.658344,125,,d10f1a5cd8517d29f509a64e5fda02dd5a7dd6efad8bfa95a5d0644b462177b0,completed,False,,,
rdfs,3,100,7021,EXT-Q12,identity_consent,core,authorities,data_owner,confidential,set_union,edge1|edge2|edge3,3,42.920278,119.140344,128,,0444374ff467f047d001f046d64d1a86263d42f4d4185f8bd16178a3aac1262d,completed,False,,,
rdfs,3,100,7021,EXT-Q13,identity_consent,core,authorities,data_owner,confidential,set_union,edge1|edge2|edge3,3,45.536537,131.452201,0,,e3b0c44298fc1c149afbf4c8996fb92427ae41e4649b934ca495991b7852b855,completed,False,,,
rdfs,3,100,7021,EXT-Q14,identity_consent,core,authorities,data_owner,confidential,set_union,edge1|edge2|edge3,3,44.61463,130.971962,0,,e3b0c44298fc1c149afbf4c8996fb92427ae41e4649b934ca495991b7852b855,completed,False,,,
rdfs,3,100,7021,EXT-Q15,identity_consent,core,authorities,data_owner,confidential,set_union,edge1|edge2|edge3,3,118.511444,335.20230300000003,0,,e3b0c44298fc1c149afbf4c8996fb92427ae41e4649b934ca495991b7852b855,completed,False,,,
rdfs,3,100,7021,EXT-Q16,identity_consent,core,authorities,data_owner,confidential,set_union,edge1|edge2|edge3,3,52.704852,153.917878,0,,e3b0c44298fc1c149afbf4c8996fb92427ae41e4649b934ca495991b7852b855,completed,False,,,
rdfs,3,100,7021,EXT-Q17,identity_consent,core,authorities,data_owner,confidential,set_union,edge1|edge2|edge3,3,28.942481,76.529604,8,,3071bd3ad9cc1daac2632f317152a64e2d9d9e0d189068465ece1f8c3872334f,completed,False,,,
rdfs,3,100,7021,EXT-Q18,identity_consent,core,authorities,data_owner,confidential,set_union,edge1|edge2|edge3,3,53.748463,152.185155,0,,e3b0c44298fc1c149afbf4c8996fb92427ae41e4649b934ca495991b7852b855,completed,False,,,
rdfs,3,100,7021,EXT-Q19,identity_consent,core,authorities,data_owner,confidential,set_union,edge1|edge2|edge3,3,52.239426,152.208508,0,,e3b0c44298fc1c149afbf4c8996fb92427ae41e4649b934ca495991b7852b855,completed,False,,,
rdfs,3,100,7021,EXT-Q20,identity_consent,core,authorities,data_owner,confidential,set_union,edge1|edge2|edge3,3,13.071055,38.570126,0,,e3b0c44298fc1c149afbf4c8996fb92427ae41e4649b934ca495991b7852b855,completed,False,,,
rdfs,3,100,7021,EXT-Q21,identity_consent,core,authorities,data_owner,confidential,set_union,edge1|edge2|edge3,3,23.740129,68.012731,42,,5f5f842f77c77fd4daaf1aeead5ac66f83ba3baa3a0c30af7c9fc75f471e69cc,completed,False,,,
rdfs,3,100,7021,EXT-Q22,security_identity,domain,authorities,data_owner,restricted,set_union,edge1|edge2|edge3,3,321.849573,766.354767,0,,e3b0c44298fc1c149afbf4c8996fb92427ae41e4649b934ca495991b7852b855,completed,False,,,
rdfs,3,100,7021,EXT-Q23,data_lifecycle,core,authorities,data_owner,confidential,set_union,edge1|edge2|edge3,3,26.478111,73.291104,3,,3955e7b96dea26719774b2d2a200be73c38cf84521f9352a6b96ed1af0a71d7a,completed,False,,,
rdfs,3,100,7021,EXT-Q24,data_lifecycle,core,authorities,data_owner,confidential,set_union,edge1|edge2|edge3,3,48.33913,139.731576,102,,9106f5862cc8600b6d5ae37435c36d2734394a0ad4470feea1fb4f9925aa6872,completed,False,,,
rdfs,3,100,7021,EXT-Q25,data_lifecycle,domain,authorities,data_owner,restricted,set_union,edge1|edge2|edge3,3,74.028185,214.420698,0,,e3b0c44298fc1c149afbf4c8996fb92427ae41e4649b934ca495991b7852b855,completed,False,,,
rdfs,3,100,7021,EXT-Q26,security_identity,core,authorities,data_owner,confidential,set_union,edge1|edge2|edge3,3,46.663778,135.922891,104,,d032cc59f511f29f0ba5b4a8ec962dbd24952b8594d3e52130be63c2cf3e33dd,completed,False,,,
rdfs,3,100,7021,EXT-Q27,security_identity,core,authorities,data_owner,confidential,set_union,edge1|edge2|edge3,3,43.747666,114.463099,0,,e3b0c44298fc1c149afbf4c8996fb92427ae41e4649b934ca495991b7852b855,completed,False,,,
rdfs,3,100,7021,EXT-Q28,security_identity,core,authorities,data_owner,confidential,set_union,edge1|edge2|edge3,3,19.51963,57.722004999999996,0,,e3b0c44298fc1c149afbf4c8996fb92427ae41e4649b934ca495991b7852b855,completed,False,,,
rdfs,3,100,7021,EXT-Q29,security_identity,core,cloud,global,internal,single,cloud,1,3.168331,3.168331,1,,5e56d4b1c34d01016304a6e8bc0397a3d6e7898ce43942ff1b6aab07b06810f2,completed,False,,,
rdfs,3,100,7021,EXT-Q30,security_identity,core,cloud,global,internal,single,cloud,1,2.616772,2.616772,0,,e3b0c44298fc1c149afbf4c8996fb92427ae41e4649b934ca495991b7852b855,completed,False,,,
rdfs,3,100,7021,EXT-Q31,data_lifecycle,core,authorities,data_owner,confidential,set_union,edge1|edge2|edge3,3,18.303833,54.200077,0,,e3b0c44298fc1c149afbf4c8996fb92427ae41e4649b934ca495991b7852b855,completed,False,,,
rdfs,3,100,7021,EXT-Q32,data_lifecycle,core,authorities,data_owner,confidential,set_union,edge1|edge2|edge3,3,11.262125,33.093847,0,,e3b0c44298fc1c149afbf4c8996fb92427ae41e4649b934ca495991b7852b855,completed,False,,,
rdfs,3,100,7021,EXT-Q33,data_lifecycle,core,authorities,data_owner,confidential,set_union,edge1|edge2|edge3,3,21.875138,65.381768,0,,e3b0c44298fc1c149afbf4c8996fb92427ae41e4649b934ca495991b7852b855,completed,False,,,
rdfs,3,100,7021,EXT-Q34,data_lifecycle,core,authorities,data_owner,confidential,set_union,edge1|edge2|edge3,3,18.643338,55.732764,0,,e3b0c44298fc1c149afbf4c8996fb92427ae41e4649b934ca495991b7852b855,completed,False,,,
rdfs,3,100,7021,EXT-Q35,data_lifecycle,core,authorities,data_owner,confidential,set_union,edge1|edge2|edge3,3,22.833037,66.206732,106,,f68d3a56a8b372110adb0609644ee820cc2af42e928c009699efee64cbd66b70,completed,False,,,
rdfs,3,100,7021,EXT-Q36,context_zones,core,authority_key:http://example.org/smartcity#UserA,data_owner,confidential,single,edge1,1,21.488889,21.488889,1,,b691a10c930fd32c789bb07f0f1fd7d606e3241b1fbe110ce3bb9c0f5b95cd37,completed,False,,,
rdfs,3,100,7021,EXT-Q37,context_zones,domain,authorities,data_owner,restricted,set_union,edge1|edge2|edge3,3,64.143352,182.950796,0,,e3b0c44298fc1c149afbf4c8996fb92427ae41e4649b934ca495991b7852b855,completed,False,,,
rdfs,3,100,7021,EXT-Q38,context_zones,domain,authorities,data_owner,restricted,set_union,edge1|edge2|edge3,3,35.665563,106.162507,1,,d0d58146bc80e4e03947b8200631e8b89fdb27ee77b2a31daf4bee1a10c44367,completed,False,,,
rdfs,3,100,7021,EXT-Q39,context_zones,core,authority_key:http://example.org/smartcity#UserA,data_owner,confidential,single,edge1,1,15.148352,15.148352,5,,1ca154c8210da56b45e42825f86a318f53dc0325a456648a0db2cbcced59de18,completed,False,,,
rdfs,3,100,7021,EXT-Q40,trust,core,fog,regional,internal,single,fog,1,29.302944,29.302944,8,,668e8d3da023436e0b3b53c5f12489c55929c5346903d5c0b7b1b992f823f8df,completed,False,,,
rdfs,3,100,7021,EXT-Q41,trust,core,fog,regional,internal,single,fog,1,24.689203,24.689203,0,,e3b0c44298fc1c149afbf4c8996fb92427ae41e4649b934ca495991b7852b855,completed,False,,,
rdfs,3,100,7021,EXT-Q42,trust,core,fog,regional,internal,single,fog,1,20.674204,20.674204,5,,a936f8276a646c3f47213c62eb605f825d8fee770920c38f095ae922a5febc96,completed,False,,,
rdfs,3,100,7021,EXT-Q43,trust,core,fog,regional,internal,single,fog,1,33.145426,33.145426,8,,b194843fbc8955399d428ae6e4e9bb4101fe20226aa76f0f1491397c8ce797c2,completed,False,,,
rdfs,3,100,7021,EXT-Q44,trust,core,authorities,data_owner,confidential,set_union,edge1|edge2|edge3,3,28.621204,67.859785,10,,106b6808e582efd6a78626f18c7807191e7a08ebe629f87847227d80e6ce6f19,completed,False,,,
rdfs,3,100,7021,EXT-Q45,trust,core,authorities,data_owner,confidential,set_union,edge1|edge2|edge3,3,47.397559,139.480336,0,,e3b0c44298fc1c149afbf4c8996fb92427ae41e4649b934ca495991b7852b855,completed,False,,,
rdfs,3,100,7021,EXT-Q46,decision,core,authorities,data_owner,confidential,set_union,edge1|edge2|edge3,3,38.63663,93.197256,11,,497649f7b7fb5bb312db17c133552fcb5363c177bcdf3a7d4da3f9e09d27ef3a,completed,False,,,
rdfs,3,100,7021,EXT-Q47,decision,core,authorities,data_owner,confidential,set_union,edge1|edge2|edge3,3,37.664648,95.387129,0,,e3b0c44298fc1c149afbf4c8996fb92427ae41e4649b934ca495991b7852b855,completed,False,,,
rdfs,3,100,7021,EXT-Q48,decision,core,authorities,data_owner,confidential,set_union,edge1|edge2|edge3,3,33.403019,94.477483,0,,e3b0c44298fc1c149afbf4c8996fb92427ae41e4649b934ca495991b7852b855,completed,False,,,
rdfs,3,100,7021,EXT-Q49,decision,core,authorities,data_owner,confidential,set_union,edge1|edge2|edge3,3,27.926908,77.332531,8,,61a1a998385e4071933469d06cffd5e2cd092016daefcdce08d2e38a8bf4d078,completed,False,,,
rdfs,3,100,7021,EXT-Q50,decision,core,authorities,data_owner,confidential,set_union,edge1|edge2|edge3,3,34.27563,100.214726,0,,e3b0c44298fc1c149afbf4c8996fb92427ae41e4649b934ca495991b7852b855,completed,False,,,
rdfs,3,100,7021,EXT-Q51,decision,core,authorities,data_owner,confidential,set_union,edge1|edge2|edge3,3,32.845018,78.97534300000001,32,,d96e9e0968e2bb5a55d9ce98a9e9522d5cb6082d083dcb5d8b65c30d87614d48,completed,False,,,
rdfs,3,100,7021,EXT-Q52,decision,core,authorities,data_owner,confidential,set_union,edge1|edge2|edge3,3,30.108648,74.586138,32,,e4cc722951be46789eb75264501a53ba96774192510017491e856efc76f0aa19,completed,False,,,
rdfs,3,100,7021,EXT-Q53,decision,core,authorities,data_owner,confidential,set_union,edge1|edge2|edge3,3,50.601426,145.836134,0,,e3b0c44298fc1c149afbf4c8996fb92427ae41e4649b934ca495991b7852b855,completed,False,,,
rdfs,3,100,7021,EXT-Q54,decision,domain,authorities,data_owner,restricted,set_union,edge1|edge2|edge3,3,37.910278,109.314322,0,,e3b0c44298fc1c149afbf4c8996fb92427ae41e4649b934ca495991b7852b855,completed,False,,,
rdfs,3,100,7021,EXT-Q55,decision,core,authorities,data_owner,confidential,set_union,edge1|edge2|edge3,3,20.886704,59.023931000000005,8,,8c3e48566f94616cee569d9b5812ba30ec566c1adc22c2c92d13749c523df534,completed,False,,,
rdfs,3,100,7021,EXT-Q56,decision,core,authorities,data_owner,confidential,set_union,edge1|edge2|edge3,3,49.539259,145.126745,0,,e3b0c44298fc1c149afbf4c8996fb92427ae41e4649b934ca495991b7852b855,completed,False,,,
rdfs,3,100,7021,EXT-Q57,decision,core,authorities,data_owner,confidential,set_union,edge1|edge2|edge3,3,19.118426,56.328542,7,,058d2944c03f01a48917edc20c871d5f86e2b184778cd894bf433e94a8ffca12,completed,False,,,
rdfs,3,100,7021,EXT-Q58,decision,core,authorities,data_owner,confidential,set_union,edge1|edge2|edge3,3,29.767519,88.065462,7,,5a003716962d1299d69dd1de460f6a48eb40b34fbbb1eeb486379f039621a795,completed,False,,,
rdfs,3,100,7021,EXT-Q59,adaptation,core,authorities,data_owner,confidential,set_union,edge1|edge2|edge3,3,67.789111,143.461935,35,,13174fdc62dcf1fb82964d21f2ae1d433999faabd3565ac32b4f7d156d1f54ee,completed,False,,,
rdfs,3,100,7021,EXT-Q60,adaptation,core,authorities,data_owner,confidential,set_union,edge1|edge2|edge3,3,27.28576,78.042568,1,,285931564bf116179a45da920fdf958a3347ea1df763213bb7e2afba77c47d16,completed,False,,,
rdfs,3,100,7021,EXT-Q61,adaptation,core,authorities,data_owner,confidential,set_union,edge1|edge2|edge3,3,8.046166,23.642509,0,,e3b0c44298fc1c149afbf4c8996fb92427ae41e4649b934ca495991b7852b855,completed,False,,,
rdfs,3,100,7021,EXT-Q62,adaptation,core,authorities,data_owner,confidential,set_union,edge1|edge2|edge3,3,23.169204,66.648879,1,,3dafef0eca79c68f05b79939f40198bc13232639d500d3e9875bc263b0f00d4d,completed,False,,,
rdfs,3,100,7021,EXT-Q63,delegation,core,authorities,data_owner,confidential,set_union,edge1|edge2|edge3,3,25.116444,72.10164,1,,d4b4c3785ae985658dfc4a4433dd002e5aec5a2321080af4e85474c06a3404f5,completed,False,,,
rdfs,3,100,7021,EXT-Q64,delegation,core,authorities,data_owner,confidential,set_union,edge1|edge2|edge3,3,21.75626,62.214323,0,,e3b0c44298fc1c149afbf4c8996fb92427ae41e4649b934ca495991b7852b855,completed,False,,,
rdfs,3,100,7021,EXT-Q65,delegation,core,authorities,data_owner,confidential,set_union,edge1|edge2|edge3,3,13.114313,38.64535,0,,e3b0c44298fc1c149afbf4c8996fb92427ae41e4649b934ca495991b7852b855,completed,False,,,
rdfs,3,100,7021,EXT-Q66,federation,core,authorities,data_owner,confidential,set_union,edge1|edge2|edge3,3,25.347796,73.448494,2,,1a9af60cfbb87dd79b68021c3d70e1ee6f230e648f1ad6360ef50fffd374b4df,completed,False,,,
rdfs,3,100,7021,EXT-Q67,federation,core,authorities,data_owner,confidential,set_union,edge1|edge2|edge3,3,39.414704,115.42490000000001,0,,e3b0c44298fc1c149afbf4c8996fb92427ae41e4649b934ca495991b7852b855,completed,False,,,
rdfs,3,100,7021,EXT-Q68,federation,core,authorities,data_owner,confidential,set_union,edge1|edge2|edge3,3,25.060389,73.519326,0,,e3b0c44298fc1c149afbf4c8996fb92427ae41e4649b934ca495991b7852b855,completed,False,,,
rdfs,3,100,7021,EXT-Q69,federation,core,authorities,data_owner,confidential,set_union,edge1|edge2|edge3,3,168.604062,223.989747,2,,8271d93912e320b11a3ca6d70e5061d5132abb26053b022198090871531d61eb,completed,False,,,
rdfs,3,100,7021,EXT-Q70,audit_temporal,core,authorities,data_owner,confidential,set_union,edge1|edge2|edge3,3,109.922574,180.90448800000001,204,,01824916f48e90d6c6df066f2950c4d8a2e2d6f71ba4af556d43e8921ae41930,completed,False,,,
rdfs,3,100,7021,EXT-Q71,audit_temporal,core,authorities,data_owner,confidential,set_union,edge1|edge2|edge3,3,43.332815,111.851006,0,,e3b0c44298fc1c149afbf4c8996fb92427ae41e4649b934ca495991b7852b855,completed,False,,,
rdfs,3,100,7021,EXT-Q72,audit_temporal,core,authorities,data_owner,confidential,set_union,edge1|edge2|edge3,3,31.276463,85.58296,0,,e3b0c44298fc1c149afbf4c8996fb92427ae41e4649b934ca495991b7852b855,completed,False,,,
rdfs,3,100,7021,EXT-Q73,audit_temporal,core,authorities,data_owner,confidential,set_union,edge1|edge2|edge3,3,205.844926,565.146501,1010,,8063e96114d0974d3751ccec20b20889462cf9f199bff40c10b7b815850c2cba,completed,False,,,
rdfs,3,100,7021,EXT-Q74,audit_temporal,core,authorities,data_owner,confidential,set_union,edge1|edge2|edge3,3,315.941506,851.22732,0,,e3b0c44298fc1c149afbf4c8996fb92427ae41e4649b934ca495991b7852b855,completed,False,,,
rdfs,3,100,7021,EXT-Q75,validation,core,cloud,global,internal,single,cloud,1,18.298113,18.298113,74,,8dd432df42d733f2411b2aebc51682848ddadc97425c41088f0a99090f77f1c0,completed,False,,,
rdfs,3,100,7021,EXT-Q76,validation,core,cloud,global,internal,single,cloud,1,5.318084,5.318084,9,,50bf3d3f7f446e045722279f6d243ecc804cd2cf73b381d9c89f530b567855ea,completed,False,,,
rdfs,3,100,7021,EXT-Q77,validation,core,cloud,global,internal,single,cloud,1,9.254212,9.254212,6,,ba52fb52449a77784e328f0aaa19807ddd9156c7457ea722a8af2f2082dce9ad,completed,False,,,
rdfs,3,100,7021,EXT-Q78,policy_governance,core,cloud,global,internal,single,cloud,1,19.457503,19.457503,37,,dc49d089c1cfb621b31177ad5794c8ca7638f40689eba56af4f4ea2a38c683f1,completed,False,,,
rdfs,3,100,7021,EXT-Q79,policy_governance,core,cloud,global,internal,single,cloud,1,12.925467,12.925467,0,,e3b0c44298fc1c149afbf4c8996fb92427ae41e4649b934ca495991b7852b855,completed,False,,,
rdfs,3,100,7021,EXT-Q80,validation,core,cloud,global,internal,single,cloud,1,32.226357,32.226357,13,,7b81a06628b0ed47983abd578c902f47906271bc5a38f63144daa74510daf865,completed,False,,,
owlrl,1,100,7021,BASE-Q01,identity_consent,core,authorities,data_owner,confidential,set_union,edge1|edge2|edge3,3,41.43474,122.40677099999999,104,,7a332083bdc04cec27394e5cf23941c792d1de0c41d27f4134d42e1cea73f268,completed,False,,,
owlrl,1,100,7021,BASE-Q02,topology,core,authority_key:http://example.org/smartcity#UserB,data_owner,confidential,single,edge2,1,22.946852,22.946852,11,,363f868a57a5e5f601b8d524b05460273fbf45427eb805af595f694133371b51,completed,False,,,
owlrl,1,100,7021,BASE-Q03,wellbeing,domain,authorities,data_owner,restricted,set_union,edge1|edge2|edge3,3,33.134222,97.403355,104,,0f2929f844a525d68830fa50f52519857f1dd010ded0bf5e04d4a24c86c05552,completed,False,,,
owlrl,1,100,7021,BASE-Q04,decision,core,authority_key:http://example.org/smartcity#UserB,data_owner,confidential,single,edge2,1,21.686166,21.686166,7,,cc222a87554e870ffae43cba023647670c0589b8ec1b4500dd1d797a399c3bf2,completed,False,,,
owlrl,1,100,7021,BASE-Q05,wellbeing,domain,authorities,data_owner,restricted,set_union,edge1|edge2|edge3,3,20.642444,56.647116000000004,5,,4b096b851fd9e6935d2e2e6c7bd57464c473db58008af4b34e60338033a84d23,completed,False,,,
owlrl,1,100,7021,BASE-Q06,identity_consent,core,cloud,global,internal,single,cloud,1,4.391602,4.391602,10,,f8aebcef3bdb5c68142d34426190fd6a36c4b31394471c9c7602e6c19e67ff84,completed,False,,,
owlrl,1,100,7021,BASE-Q07,observability,core,fog,regional,internal,single,fog,1,51.073648,51.073648,8,,ca2b51bfcca172872762ed97ca97be2a1dcd2b9c7281006f9eb3bccef56ed28e,completed,False,,,
owlrl,1,100,7021,BASE-Q08,observability,core,fog,regional,internal,single,fog,1,164.084741,164.084741,2,,6527f1e187dfa51f5dc78e109fe2d9fb47aed82a4ec8f897d1dda6ee6850aa0a,completed,False,,,
owlrl,1,100,7021,BASE-Q09,wellbeing,domain,authorities,data_owner,restricted,set_union,edge1|edge2|edge3,3,41.465703,118.07828799999999,106,,2f052795c45af5c73a4ed56c6d53f566c3a6a97f8e256bd42d191c915baca6ff,completed,False,,,
owlrl,1,100,7021,BASE-Q10,observability,domain,authorities,data_owner,restricted,set_union,edge1|edge2|edge3,3,55.475519,160.262289,104,,e6e6be0bea1007e8a0a509db5dd6923dbe3b169736a394cf93f38246d8a7dca8,completed,False,,,
owlrl,1,100,7021,BASE-Q11,wellbeing,core,authority_key:http://example.org/smartcity#UserA,data_owner,confidential,single,edge1,1,14.435278,14.435278,1,,941d461ce01f2fa52ba95291e46e52524d75bd44e2b938eab7e81404936a8b7c,completed,False,,,
owlrl,1,100,7021,BASE-Q12,adaptation,core,authorities,data_owner,confidential,set_union,edge1|edge2|edge3,3,14.519926,42.366684,1,,ddcd6b8cd42f3d2e1f6aa052eeeca5d4423f9db85cdc91915481db3956dfffff,completed,False,,,
owlrl,1,100,7021,BASE-Q13,adaptation,core,authorities,data_owner,confidential,set_union,edge1|edge2|edge3,3,18.356444,53.494744,1,,25e56d4be1969d1d6de5386e2c3ff26456f8069edb7847a9dc7e32a9b09c8948,completed,False,,,
owlrl,1,100,7021,BASE-Q14,delegation,core,authority_key:http://example.org/smartcity#UserA,data_owner,confidential,single,edge1,1,17.113722,17.113722,1,,dcd8c3258e95549dde016df10cf22183c036214d75d30e686ca7ac2fb5ea3271,completed,False,,,
owlrl,1,100,7021,BASE-Q15,identity_consent,core,authorities,data_owner,confidential,set_union,edge1|edge2|edge3,3,11.6715,34.173051,1,,7ac55bded7c8d1294bfcac4ddeb28b5921a8083a19185e216bf5d1c0d62bd370,completed,False,,,
owlrl,1,100,7021,BASE-Q16,federation,core,authorities,data_owner,confidential,set_union,edge1|edge2|edge3,3,26.953222,75.394992,3,,550eeca87dc96402bbed090f1737eaacfb6b27d2290401797018cbcf303b8147,completed,False,,,
owlrl,1,100,7021,BASE-Q17,context_zones,domain,authorities,data_owner,restricted,set_union,edge1|edge2|edge3,3,18.01856,52.524485999999996,1,,50b7b5a085e0802a1897953a959e0c9ea4c5f943dc26de55b2219ea7deac4b89,completed,False,,,
owlrl,1,100,7021,BASE-Q18,context_zones,core,authorities,data_owner,confidential,set_union,edge1|edge2|edge3,3,10.298018,30.555846000000003,1,,200d4d55bb0d8b9374961d2df3fa99d83d8caf54dc79a7784bb84dd44b081eda,completed,False,,,
owlrl,1,100,7021,BASE-Q19,decision,core,fog,regional,internal,single,fog,1,34.677371,34.677371,5,,14ff5f393f619913b6627f132ac802eb3d0b2560e5619a0d995e34dac1f39b45,completed,False,,,
owlrl,1,100,7021,BASE-Q20,identity_consent,domain,authorities,data_owner,restricted,set_union,edge1|edge2|edge3,3,42.42013,125.522423,104,,80c72d53f7954de49ca8c6c413b59e0b475eda97cf0ca823b08155ca43c94d68,completed,False,,,
owlrl,1,100,7021,BASE-Q21,decision,core,authorities,data_owner,confidential,set_union,edge1|edge2|edge3,3,31.294482,84.495126,11,,7fc13e36a90de226eedecbd26ccd453be5ba11798c2c5af4a7d857a15cbb7e1e,completed,False,,,
owlrl,1,100,7021,BASE-Q22,adaptation,core,authorities,data_owner,confidential,set_union,edge1|edge2|edge3,3,24.436963,71.566381,3,,70205401426a8e8adbf4220710b3638c6a47af2e7e7264f0b771b1bcbb070e80,completed,False,,,
owlrl,1,100,7021,BASE-Q23,topology,core,authorities,data_owner,confidential,set_union,edge1|edge2|edge3,3,47.102574,119.48784,101,,0bee89d20c1ee8a1d30f5f49705252478356280884ac29a85e9d22cae3d943b7,completed,False,,,
owlrl,1,100,7021,BASE-Q24,federation,core,authorities,data_owner,confidential,set_union,edge1|edge2|edge3,3,111.482982,163.402329,5,,0d4871d54d4eadbfa110f9223c2a6b641ea8c65326db34ade1288d5eab5ceb54,completed,False,,,
owlrl,1,100,7021,BASE-Q25,identity_consent,core,authorities,data_owner,confidential,set_union,edge1|edge2|edge3,3,14.171408,41.416795,1,,4591a69ecb6837fd65b28a9688ad10f0fb7b8ca54c1a6ac395ef142fc831cfbf,completed,False,,,
owlrl,1,100,7021,BASE-Q26,observability,core,fog,regional,internal,boolean_or,fog,1,8.4625,8.4625,1,True,35df7182aa6c75e0a1066245f679b81ec9ad05e9964a0684980a466c9cc63ac4,completed,False,,,
owlrl,1,100,7021,BASE-Q27,adaptation,core,authorities,data_owner,confidential,boolean_or,edge1|edge2|edge3,3,9.409667,26.670881,1,True,35df7182aa6c75e0a1066245f679b81ec9ad05e9964a0684980a466c9cc63ac4,completed,False,,,
owlrl,1,100,7021,BASE-Q28,identity_consent,domain,authorities,data_owner,restricted,boolean_or,edge1|edge2|edge3,3,67.487195,171.618806,0,False,92b91e0dd8f69dcc43f3c56062f944147504cf0d80f20c98005fda34c727fd7e,completed,False,,,
owlrl,1,100,7021,BASE-Q29,topology,core,fog,regional,internal,boolean_or,fog,1,14.208167,14.208167,1,True,35df7182aa6c75e0a1066245f679b81ec9ad05e9964a0684980a466c9cc63ac4,completed,False,,,
owlrl,1,100,7021,BASE-Q30,federation,core,authorities,data_owner,confidential,boolean_or,edge1|edge2|edge3,3,7.618926,20.750972,1,True,35df7182aa6c75e0a1066245f679b81ec9ad05e9964a0684980a466c9cc63ac4,completed,False,,,
owlrl,1,100,7021,BASE-Q31,identity_consent,core,cloud,global,internal,single,cloud,1,4.92081,4.92081,3,,66874cf8756143b9365cd0ce258e694f4e2eaf6ea8e73bc6693fe83bc83ed3f4,completed,False,,,
owlrl,1,100,7021,BASE-Q32,decision,core,fog,regional,internal,single,fog,1,17.674704,17.674704,4,,b91031de6b6257d2428b9195175f3c860291b874d6603c50eb4713a1b65b2628,completed,False,,,
owlrl,1,100,7021,BASE-Q33,observability,core,authority_key:http://example.org/smartcity#UserB,data_owner,confidential,single,edge2,1,23.508722,23.508722,6,,590b19873c6fa442afdadbc8ed5ebb9588a33006923bfed39c1b6215b8f0bb25,completed,False,,,
owlrl,1,100,7021,BASE-Q34,topology,core,fog,regional,internal,single,fog,1,16.548685,16.548685,1,,7c66062f36ae31e8068455da76c0bb4f918e7f6b8ecee7cd8a7946f3b6047884,completed,False,,,
owlrl,1,100,7021,BASE-Q35,delegation,core,authorities,data_owner,confidential,set_union,edge1|edge2|edge3,3,56.795722,115.633592,180,,56209ad42eb677718c0bba3e1f9fcee730c2c2912264ceea293e4ef01f23a56f,completed,False,,,
owlrl,1,100,7021,EXT-Q01,semantic_schema,core,cloud,global,internal,single,cloud,1,6.747058,6.747058,6,,66d5edbbdc2282624ffec271a4a523a20fdc7331b886d2884edf86a885532bcc,completed,False,,,
owlrl,1,100,7021,EXT-Q02,semantic_schema,core,cloud,global,internal,single,cloud,1,5.867458,5.867458,3,,81bea9a8c2d4cf1237d7fb131249cc18ec4ca629eeabaadbd5f0b9b58d3e3333,completed,False,,,
owlrl,1,100,7021,EXT-Q03,policy_governance,core,cloud,global,internal,single,cloud,1,18.953468,18.953468,79,,d73ae3d5ddfcd345147bae778101c21ab13194fca3fa92ad08259d39931b66d5,completed,False,,,
owlrl,1,100,7021,EXT-Q04,policy_governance,core,cloud,global,internal,single,cloud,1,21.343761,21.343761,55,,fced7e97d29b215a8321753998b7519dc1825dacc4af090c67ffc54bee4479bc,completed,False,,,
owlrl,1,100,7021,EXT-Q05,semantic_schema,core,cloud,global,internal,single,cloud,1,39.575017,39.575017,17,,e0fc9190703b6a7b2695ddc448f5c7e54c4feeff2545477c3194ebfd8ccb1f0c,completed,False,,,
owlrl,1,100,7021,EXT-Q06,semantic_schema,core,cloud,global,internal,single,cloud,1,4.810506,4.810506,12,,1377568d225cfb45a1899c2ea951adf7ebda5ada4e188dbf5f114110484fa3ae,completed,False,,,
owlrl,1,100,7021,EXT-Q07,policy_governance,core,cloud,global,internal,single,cloud,1,11.352433,11.352433,67,,c3cf27e703656fdaa8295f23b31076c1afcb14a5022b1b47538e2961fe033646,completed,False,,,
owlrl,1,100,7021,EXT-Q08,policy_governance,core,cloud,global,internal,single,cloud,1,64.630093,64.630093,1089,,cb9e0103c9327f1c4691ec9d7612deebd04c0e73140f23e2a6209bb8af1efc51,completed,False,,,
owlrl,1,100,7021,EXT-Q09,policy_governance,core,cloud,global,internal,single,cloud,1,14.070323,14.070323,6,,68de07660e010156bf3f3ea01000180657c8e8fc155ac9a053c3a64dbc538102,completed,False,,,
owlrl,1,100,7021,EXT-Q10,policy_governance,core,cloud,global,internal,single,cloud,1,40.038114,40.038114,0,,e3b0c44298fc1c149afbf4c8996fb92427ae41e4649b934ca495991b7852b855,completed,False,,,
owlrl,1,100,7021,EXT-Q11,identity_consent,core,authorities,data_owner,confidential,set_union,edge1|edge2|edge3,3,41.880555,118.512549,125,,d10f1a5cd8517d29f509a64e5fda02dd5a7dd6efad8bfa95a5d0644b462177b0,completed,False,,,
owlrl,1,100,7021,EXT-Q12,identity_consent,core,authorities,data_owner,confidential,set_union,edge1|edge2|edge3,3,42.358277,119.589882,128,,0444374ff467f047d001f046d64d1a86263d42f4d4185f8bd16178a3aac1262d,completed,False,,,
owlrl,1,100,7021,EXT-Q13,identity_consent,core,authorities,data_owner,confidential,set_union,edge1|edge2|edge3,3,44.369148,130.52401600000002,0,,e3b0c44298fc1c149afbf4c8996fb92427ae41e4649b934ca495991b7852b855,completed,False,,,
owlrl,1,100,7021,EXT-Q14,identity_consent,core,authorities,data_owner,confidential,set_union,edge1|edge2|edge3,3,44.971092,130.692849,0,,e3b0c44298fc1c149afbf4c8996fb92427ae41e4649b934ca495991b7852b855,completed,False,,,
owlrl,1,100,7021,EXT-Q15,identity_consent,core,authorities,data_owner,confidential,set_union,edge1|edge2|edge3,3,118.1545,335.454637,0,,e3b0c44298fc1c149afbf4c8996fb92427ae41e4649b934ca495991b7852b855,completed,False,,,
owlrl,1,100,7021,EXT-Q16,identity_consent,core,authorities,data_owner,confidential,set_union,edge1|edge2|edge3,3,53.200833,154.275415,0,,e3b0c44298fc1c149afbf4c8996fb92427ae41e4649b934ca495991b7852b855,completed,False,,,
owlrl,1,100,7021,EXT-Q17,identity_consent,core,authorities,data_owner,confidential,set_union,edge1|edge2|edge3,3,28.892462,75.15221299999999,8,,3071bd3ad9cc1daac2632f317152a64e2d9d9e0d189068465ece1f8c3872334f,completed,False,,,
owlrl,1,100,7021,EXT-Q18,identity_consent,core,authorities,data_owner,confidential,set_union,edge1|edge2|edge3,3,53.633203,150.593764,0,,e3b0c44298fc1c149afbf4c8996fb92427ae41e4649b934ca495991b7852b855,completed,False,,,
owlrl,1,100,7021,EXT-Q19,identity_consent,core,authorities,data_owner,confidential,set_union,edge1|edge2|edge3,3,52.174871,150.289784,0,,e3b0c44298fc1c149afbf4c8996fb92427ae41e4649b934ca495991b7852b855,completed,False,,,
owlrl,1,100,7021,EXT-Q20,identity_consent,core,authorities,data_owner,confidential,set_union,edge1|edge2|edge3,3,13.680148,38.666849,0,,e3b0c44298fc1c149afbf4c8996fb92427ae41e4649b934ca495991b7852b855,completed,False,,,
owlrl,1,100,7021,EXT-Q21,identity_consent,core,authorities,data_owner,confidential,set_union,edge1|edge2|edge3,3,24.904426,70.351362,58,,6e6d9e3db6cd7bbb93e0d6feafb155f966b98e945250ca473bf302c2a406fef9,completed,False,,,
owlrl,1,100,7021,EXT-Q22,security_identity,domain,authorities,data_owner,restricted,set_union,edge1|edge2|edge3,3,257.191785,485.356971,0,,e3b0c44298fc1c149afbf4c8996fb92427ae41e4649b934ca495991b7852b855,completed,False,,,
owlrl,1,100,7021,EXT-Q23,data_lifecycle,core,authorities,data_owner,confidential,set_union,edge1|edge2|edge3,3,30.151352,79.645122,3,,3955e7b96dea26719774b2d2a200be73c38cf84521f9352a6b96ed1af0a71d7a,completed,False,,,
owlrl,1,100,7021,EXT-Q24,data_lifecycle,core,authorities,data_owner,confidential,set_union,edge1|edge2|edge3,3,47.123259,136.670629,102,,9106f5862cc8600b6d5ae37435c36d2734394a0ad4470feea1fb4f9925aa6872,completed,False,,,
owlrl,1,100,7021,EXT-Q25,data_lifecycle,domain,authorities,data_owner,restricted,set_union,edge1|edge2|edge3,3,76.761204,219.44066300000003,0,,e3b0c44298fc1c149afbf4c8996fb92427ae41e4649b934ca495991b7852b855,completed,False,,,
owlrl,1,100,7021,EXT-Q26,security_identity,core,authorities,data_owner,confidential,set_union,edge1|edge2|edge3,3,46.675963,134.649184,104,,d032cc59f511f29f0ba5b4a8ec962dbd24952b8594d3e52130be63c2cf3e33dd,completed,False,,,
owlrl,1,100,7021,EXT-Q27,security_identity,core,authorities,data_owner,confidential,set_union,edge1|edge2|edge3,3,46.285982,117.21087800000001,0,,e3b0c44298fc1c149afbf4c8996fb92427ae41e4649b934ca495991b7852b855,completed,False,,,
owlrl,1,100,7021,EXT-Q28,security_identity,core,authorities,data_owner,confidential,set_union,edge1|edge2|edge3,3,23.829493,61.436827,0,,e3b0c44298fc1c149afbf4c8996fb92427ae41e4649b934ca495991b7852b855,completed,False,,,
owlrl,1,100,7021,EXT-Q29,security_identity,core,cloud,global,internal,single,cloud,1,3.78611,3.78611,1,,5e56d4b1c34d01016304a6e8bc0397a3d6e7898ce43942ff1b6aab07b06810f2,completed,False,,,
owlrl,1,100,7021,EXT-Q30,security_identity,core,cloud,global,internal,single,cloud,1,3.606002,3.606002,0,,e3b0c44298fc1c149afbf4c8996fb92427ae41e4649b934ca495991b7852b855,completed,False,,,
owlrl,1,100,7021,EXT-Q31,data_lifecycle,core,authorities,data_owner,confidential,set_union,edge1|edge2|edge3,3,18.254852,53.820411,0,,e3b0c44298fc1c149afbf4c8996fb92427ae41e4649b934ca495991b7852b855,completed,False,,,
owlrl,1,100,7021,EXT-Q32,data_lifecycle,core,authorities,data_owner,confidential,set_union,edge1|edge2|edge3,3,11.053592,32.945494,0,,e3b0c44298fc1c149afbf4c8996fb92427ae41e4649b934ca495991b7852b855,completed,False,,,
owlrl,1,100,7021,EXT-Q33,data_lifecycle,core,authorities,data_owner,confidential,set_union,edge1|edge2|edge3,3,166.847352,210.545193,0,,e3b0c44298fc1c149afbf4c8996fb92427ae41e4649b934ca495991b7852b855,completed,False,,,
owlrl,1,100,7021,EXT-Q34,data_lifecycle,core,authorities,data_owner,confidential,set_union,edge1|edge2|edge3,3,19.0995,55.707449,0,,e3b0c44298fc1c149afbf4c8996fb92427ae41e4649b934ca495991b7852b855,completed,False,,,
owlrl,1,100,7021,EXT-Q35,data_lifecycle,core,authorities,data_owner,confidential,set_union,edge1|edge2|edge3,3,23.193963,65.468341,106,,f68d3a56a8b372110adb0609644ee820cc2af42e928c009699efee64cbd66b70,completed,False,,,
owlrl,1,100,7021,EXT-Q36,context_zones,core,authority_key:http://example.org/smartcity#UserA,data_owner,confidential,single,edge1,1,21.744556,21.744556,1,,b691a10c930fd32c789bb07f0f1fd7d606e3241b1fbe110ce3bb9c0f5b95cd37,completed,False,,,
owlrl,1,100,7021,EXT-Q37,context_zones,domain,authorities,data_owner,restricted,set_union,edge1|edge2|edge3,3,63.982537,182.043703,0,,e3b0c44298fc1c149afbf4c8996fb92427ae41e4649b934ca495991b7852b855,completed,False,,,
owlrl,1,100,7021,EXT-Q38,context_zones,domain,authorities,data_owner,restricted,set_union,edge1|edge2|edge3,3,35.613433,105.96000699999999,1,,d0d58146bc80e4e03947b8200631e8b89fdb27ee77b2a31daf4bee1a10c44367,completed,False,,,
owlrl,1,100,7021,EXT-Q39,context_zones,core,authority_key:http://example.org/smartcity#UserA,data_owner,confidential,single,edge1,1,15.652019,15.652019,5,,1ca154c8210da56b45e42825f86a318f53dc0325a456648a0db2cbcced59de18,completed,False,,,
owlrl,1,100,7021,EXT-Q40,trust,core,fog,regional,internal,single,fog,1,27.867944,27.867944,8,,668e8d3da023436e0b3b53c5f12489c55929c5346903d5c0b7b1b992f823f8df,completed,False,,,
owlrl,1,100,7021,EXT-Q41,trust,core,fog,regional,internal,single,fog,1,25.408,25.408,0,,e3b0c44298fc1c149afbf4c8996fb92427ae41e4649b934ca495991b7852b855,completed,False,,,
owlrl,1,100,7021,EXT-Q42,trust,core,fog,regional,internal,single,fog,1,29.384648,29.384648,5,,a936f8276a646c3f47213c62eb605f825d8fee770920c38f095ae922a5febc96,completed,False,,,
owlrl,1,100,7021,EXT-Q43,trust,core,fog,regional,internal,single,fog,1,31.721111,31.721111,8,,b194843fbc8955399d428ae6e4e9bb4101fe20226aa76f0f1491397c8ce797c2,completed,False,,,
owlrl,1,100,7021,EXT-Q44,trust,core,authorities,data_owner,confidential,set_union,edge1|edge2|edge3,3,190.213482,233.02004399999998,10,,106b6808e582efd6a78626f18c7807191e7a08ebe629f87847227d80e6ce6f19,completed,False,,,
owlrl,1,100,7021,EXT-Q45,trust,core,authorities,data_owner,confidential,set_union,edge1|edge2|edge3,3,45.973482,135.937427,0,,e3b0c44298fc1c149afbf4c8996fb92427ae41e4649b934ca495991b7852b855,completed,False,,,
owlrl,1,100,7021,EXT-Q46,decision,core,authorities,data_owner,confidential,set_union,edge1|edge2|edge3,3,32.517278,85.32351399999999,11,,497649f7b7fb5bb312db17c133552fcb5363c177bcdf3a7d4da3f9e09d27ef3a,completed,False,,,
owlrl,1,100,7021,EXT-Q47,decision,core,authorities,data_owner,confidential,set_union,edge1|edge2|edge3,3,37.764204,95.562704,0,,e3b0c44298fc1c149afbf4c8996fb92427ae41e4649b934ca495991b7852b855,completed,False,,,
owlrl,1,100,7021,EXT-Q48,decision,core,authorities,data_owner,confidential,set_union,edge1|edge2|edge3,3,33.328334,96.852596,0,,e3b0c44298fc1c149afbf4c8996fb92427ae41e4649b934ca495991b7852b855,completed,False,,,
owlrl,1,100,7021,EXT-Q49,decision,core,authorities,data_owner,confidential,set_union,edge1|edge2|edge3,3,28.169425,80.940811,8,,61a1a998385e4071933469d06cffd5e2cd092016daefcdce08d2e38a8bf4d078,completed,False,,,
owlrl,1,100,7021,EXT-Q50,decision,core,authorities,data_owner,confidential,set_union,edge1|edge2|edge3,3,33.279222,98.29142999999999,0,,e3b0c44298fc1c149afbf4c8996fb92427ae41e4649b934ca495991b7852b855,completed,False,,,
owlrl,1,100,7021,EXT-Q51,decision,core,authorities,data_owner,confidential,set_union,edge1|edge2|edge3,3,31.978611,83.269935,32,,d96e9e0968e2bb5a55d9ce98a9e9522d5cb6082d083dcb5d8b65c30d87614d48,completed,False,,,
owlrl,1,100,7021,EXT-Q52,decision,core,authorities,data_owner,confidential,set_union,edge1|edge2|edge3,3,30.80787,75.274786,32,,e4cc722951be46789eb75264501a53ba96774192510017491e856efc76f0aa19,completed,False,,,
owlrl,1,100,7021,EXT-Q53,decision,core,authorities,data_owner,confidential,set_union,edge1|edge2|edge3,3,50.651796,148.405282,0,,e3b0c44298fc1c149afbf4c8996fb92427ae41e4649b934ca495991b7852b855,completed,False,,,
owlrl,1,100,7021,EXT-Q54,decision,domain,authorities,data_owner,restricted,set_union,edge1|edge2|edge3,3,38.781019,110.489824,0,,e3b0c44298fc1c149afbf4c8996fb92427ae41e4649b934ca495991b7852b855,completed,False,,,
owlrl,1,100,7021,EXT-Q55,decision,core,authorities,data_owner,confidential,set_union,edge1|edge2|edge3,3,21.281537,59.447745999999995,8,,8c3e48566f94616cee569d9b5812ba30ec566c1adc22c2c92d13749c523df534,completed,False,,,
owlrl,1,100,7021,EXT-Q56,decision,core,authorities,data_owner,confidential,set_union,edge1|edge2|edge3,3,49.731722,145.74926399999998,0,,e3b0c44298fc1c149afbf4c8996fb92427ae41e4649b934ca495991b7852b855,completed,False,,,
owlrl,1,100,7021,EXT-Q57,decision,core,authorities,data_owner,confidential,set_union,edge1|edge2|edge3,3,19.228129,56.789541,7,,058d2944c03f01a48917edc20c871d5f86e2b184778cd894bf433e94a8ffca12,completed,False,,,
owlrl,1,100,7021,EXT-Q58,decision,core,authorities,data_owner,confidential,set_union,edge1|edge2|edge3,3,29.577092,88.383666,7,,5a003716962d1299d69dd1de460f6a48eb40b34fbbb1eeb486379f039621a795,completed,False,,,
owlrl,1,100,7021,EXT-Q59,adaptation,core,authorities,data_owner,confidential,set_union,edge1|edge2|edge3,3,67.377314,143.26888,35,,a67f4df76b0ad2595fa03a50ef968560610616068e1b79b7d520849c791090ca,completed,False,,,
owlrl,1,100,7021,EXT-Q60,adaptation,core,authorities,data_owner,confidential,set_union,edge1|edge2|edge3,3,26.685759,77.746846,1,,285931564bf116179a45da920fdf958a3347ea1df763213bb7e2afba77c47d16,completed,False,,,
owlrl,1,100,7021,EXT-Q61,adaptation,core,authorities,data_owner,confidential,set_union,edge1|edge2|edge3,3,8.000703,23.574305,0,,e3b0c44298fc1c149afbf4c8996fb92427ae41e4649b934ca495991b7852b855,completed,False,,,
owlrl,1,100,7021,EXT-Q62,adaptation,core,authorities,data_owner,confidential,set_union,edge1|edge2|edge3,3,23.128074,67.047509,1,,3dafef0eca79c68f05b79939f40198bc13232639d500d3e9875bc263b0f00d4d,completed,False,,,
owlrl,1,100,7021,EXT-Q63,delegation,core,authorities,data_owner,confidential,set_union,edge1|edge2|edge3,3,25.032667,72.459845,1,,d4b4c3785ae985658dfc4a4433dd002e5aec5a2321080af4e85474c06a3404f5,completed,False,,,
owlrl,1,100,7021,EXT-Q64,delegation,core,authorities,data_owner,confidential,set_union,edge1|edge2|edge3,3,21.407685,61.989378,0,,e3b0c44298fc1c149afbf4c8996fb92427ae41e4649b934ca495991b7852b855,completed,False,,,
owlrl,1,100,7021,EXT-Q65,delegation,core,authorities,data_owner,confidential,set_union,edge1|edge2|edge3,3,13.301389,39.093682,0,,e3b0c44298fc1c149afbf4c8996fb92427ae41e4649b934ca495991b7852b855,completed,False,,,
owlrl,1,100,7021,EXT-Q66,federation,core,authorities,data_owner,confidential,set_union,edge1|edge2|edge3,3,26.01087,73.23984300000001,2,,1a9af60cfbb87dd79b68021c3d70e1ee6f230e648f1ad6360ef50fffd374b4df,completed,False,,,
owlrl,1,100,7021,EXT-Q67,federation,core,authorities,data_owner,confidential,set_union,edge1|edge2|edge3,3,40.126661,117.63292,0,,e3b0c44298fc1c149afbf4c8996fb92427ae41e4649b934ca495991b7852b855,completed,False,,,
owlrl,1,100,7021,EXT-Q68,federation,core,authorities,data_owner,confidential,set_union,edge1|edge2|edge3,3,25.269223,73.977345,0,,e3b0c44298fc1c149afbf4c8996fb92427ae41e4649b934ca495991b7852b855,completed,False,,,
owlrl,1,100,7021,EXT-Q69,federation,core,authorities,data_owner,confidential,set_union,edge1|edge2|edge3,3,28.683074,82.281867,2,,8271d93912e320b11a3ca6d70e5061d5132abb26053b022198090871531d61eb,completed,False,,,
owlrl,1,100,7021,EXT-Q70,audit_temporal,core,authorities,data_owner,confidential,set_union,edge1|edge2|edge3,3,110.477148,181.907803,204,,01824916f48e90d6c6df066f2950c4d8a2e2d6f71ba4af556d43e8921ae41930,completed,False,,,
owlrl,1,100,7021,EXT-Q71,audit_temporal,core,authorities,data_owner,confidential,set_union,edge1|edge2|edge3,3,42.877611,119.41522800000001,0,,e3b0c44298fc1c149afbf4c8996fb92427ae41e4649b934ca495991b7852b855,completed,False,,,
owlrl,1,100,7021,EXT-Q72,audit_temporal,core,authorities,data_owner,confidential,set_union,edge1|edge2|edge3,3,29.114111,81.030198,0,,e3b0c44298fc1c149afbf4c8996fb92427ae41e4649b934ca495991b7852b855,completed,False,,,
owlrl,1,100,7021,EXT-Q73,audit_temporal,core,authorities,data_owner,confidential,set_union,edge1|edge2|edge3,3,276.021111,757.4884079999999,1010,,8063e96114d0974d3751ccec20b20889462cf9f199bff40c10b7b815850c2cba,completed,False,,,
owlrl,1,100,7021,EXT-Q74,audit_temporal,core,authorities,data_owner,confidential,set_union,edge1|edge2|edge3,3,388.901426,1068.4094420000001,0,,e3b0c44298fc1c149afbf4c8996fb92427ae41e4649b934ca495991b7852b855,completed,False,,,
owlrl,1,100,7021,EXT-Q75,validation,core,cloud,global,internal,single,cloud,1,18.476455,18.476455,74,,8dd432df42d733f2411b2aebc51682848ddadc97425c41088f0a99090f77f1c0,completed,False,,,
owlrl,1,100,7021,EXT-Q76,validation,core,cloud,global,internal,single,cloud,1,7.429093,7.429093,9,,50bf3d3f7f446e045722279f6d243ecc804cd2cf73b381d9c89f530b567855ea,completed,False,,,
owlrl,1,100,7021,EXT-Q77,validation,core,cloud,global,internal,single,cloud,1,13.316184,13.316184,6,,ba52fb52449a77784e328f0aaa19807ddd9156c7457ea722a8af2f2082dce9ad,completed,False,,,
owlrl,1,100,7021,EXT-Q78,policy_governance,core,cloud,global,internal,single,cloud,1,26.324795,26.324795,37,,dc49d089c1cfb621b31177ad5794c8ca7638f40689eba56af4f4ea2a38c683f1,completed,False,,,
owlrl,1,100,7021,EXT-Q79,policy_governance,core,cloud,global,internal,single,cloud,1,13.368757,13.368757,0,,e3b0c44298fc1c149afbf4c8996fb92427ae41e4649b934ca495991b7852b855,completed,False,,,
owlrl,1,100,7021,EXT-Q80,validation,core,cloud,global,internal,single,cloud,1,31.958872,31.958872,13,,7b81a06628b0ed47983abd578c902f47906271bc5a38f63144daa74510daf865,completed,False,,,
owlrl,2,100,7021,BASE-Q01,identity_consent,core,authorities,data_owner,confidential,set_union,edge1|edge2|edge3,3,41.138259,122.958033,104,,7a332083bdc04cec27394e5cf23941c792d1de0c41d27f4134d42e1cea73f268,completed,False,,,
owlrl,2,100,7021,BASE-Q02,topology,core,authority_key:http://example.org/smartcity#UserB,data_owner,confidential,single,edge2,1,22.385445,22.385445,11,,363f868a57a5e5f601b8d524b05460273fbf45427eb805af595f694133371b51,completed,False,,,
owlrl,2,100,7021,BASE-Q03,wellbeing,domain,authorities,data_owner,restricted,set_union,edge1|edge2|edge3,3,32.528556,95.705985,104,,0f2929f844a525d68830fa50f52519857f1dd010ded0bf5e04d4a24c86c05552,completed,False,,,
owlrl,2,100,7021,BASE-Q04,decision,core,authority_key:http://example.org/smartcity#UserB,data_owner,confidential,single,edge2,1,21.915777,21.915777,7,,cc222a87554e870ffae43cba023647670c0589b8ec1b4500dd1d797a399c3bf2,completed,False,,,
owlrl,2,100,7021,BASE-Q05,wellbeing,domain,authorities,data_owner,restricted,set_union,edge1|edge2|edge3,3,20.22276,56.601523,5,,4b096b851fd9e6935d2e2e6c7bd57464c473db58008af4b34e60338033a84d23,completed,False,,,
owlrl,2,100,7021,BASE-Q06,identity_consent,core,cloud,global,internal,single,cloud,1,3.88378,3.88378,10,,f8aebcef3bdb5c68142d34426190fd6a36c4b31394471c9c7602e6c19e67ff84,completed,False,,,
owlrl,2,100,7021,BASE-Q07,observability,core,fog,regional,internal,single,fog,1,54.558241,54.558241,8,,ca2b51bfcca172872762ed97ca97be2a1dcd2b9c7281006f9eb3bccef56ed28e,completed,False,,,
owlrl,2,100,7021,BASE-Q08,observability,core,fog,regional,internal,single,fog,1,37.587092,37.587092,2,,6527f1e187dfa51f5dc78e109fe2d9fb47aed82a4ec8f897d1dda6ee6850aa0a,completed,False,,,
owlrl,2,100,7021,BASE-Q09,wellbeing,domain,authorities,data_owner,restricted,set_union,edge1|edge2|edge3,3,41.152426,119.06703,106,,2f052795c45af5c73a4ed56c6d53f566c3a6a97f8e256bd42d191c915baca6ff,completed,False,,,
owlrl,2,100,7021,BASE-Q10,observability,domain,authorities,data_owner,restricted,set_union,edge1|edge2|edge3,3,55.047111,160.476622,104,,e6e6be0bea1007e8a0a509db5dd6923dbe3b169736a394cf93f38246d8a7dca8,completed,False,,,
owlrl,2,100,7021,BASE-Q11,wellbeing,core,authority_key:http://example.org/smartcity#UserA,data_owner,confidential,single,edge1,1,14.377556,14.377556,1,,941d461ce01f2fa52ba95291e46e52524d75bd44e2b938eab7e81404936a8b7c,completed,False,,,
owlrl,2,100,7021,BASE-Q12,adaptation,core,authorities,data_owner,confidential,set_union,edge1|edge2|edge3,3,14.613796,42.98174,1,,ddcd6b8cd42f3d2e1f6aa052eeeca5d4423f9db85cdc91915481db3956dfffff,completed,False,,,
owlrl,2,100,7021,BASE-Q13,adaptation,core,authorities,data_owner,confidential,set_union,edge1|edge2|edge3,3,18.768982,54.64819,1,,25e56d4be1969d1d6de5386e2c3ff26456f8069edb7847a9dc7e32a9b09c8948,completed,False,,,
owlrl,2,100,7021,BASE-Q14,delegation,core,authority_key:http://example.org/smartcity#UserA,data_owner,confidential,single,edge1,1,16.779056,16.779056,1,,dcd8c3258e95549dde016df10cf22183c036214d75d30e686ca7ac2fb5ea3271,completed,False,,,
owlrl,2,100,7021,BASE-Q15,identity_consent,core,authorities,data_owner,confidential,set_union,edge1|edge2|edge3,3,12.185019,34.910718,1,,7ac55bded7c8d1294bfcac4ddeb28b5921a8083a19185e216bf5d1c0d62bd370,completed,False,,,
owlrl,2,100,7021,BASE-Q16,federation,core,authorities,data_owner,confidential,set_union,edge1|edge2|edge3,3,26.211759,74.388233,3,,550eeca87dc96402bbed090f1737eaacfb6b27d2290401797018cbcf303b8147,completed,False,,,
owlrl,2,100,7021,BASE-Q17,context_zones,domain,authorities,data_owner,restricted,set_union,edge1|edge2|edge3,3,19.094006,53.316764000000006,1,,50b7b5a085e0802a1897953a959e0c9ea4c5f943dc26de55b2219ea7deac4b89,completed,False,,,
owlrl,2,100,7021,BASE-Q18,context_zones,core,authorities,data_owner,confidential,set_union,edge1|edge2|edge3,3,12.983852,34.076828,1,,200d4d55bb0d8b9374961d2df3fa99d83d8caf54dc79a7784bb84dd44b081eda,completed,False,,,
owlrl,2,100,7021,BASE-Q19,decision,core,fog,regional,internal,single,fog,1,176.415814,176.415814,5,,14ff5f393f619913b6627f132ac802eb3d0b2560e5619a0d995e34dac1f39b45,completed,False,,,
owlrl,2,100,7021,BASE-Q20,identity_consent,domain,authorities,data_owner,restricted,set_union,edge1|edge2|edge3,3,42.89963,124.875441,104,,80c72d53f7954de49ca8c6c413b59e0b475eda97cf0ca823b08155ca43c94d68,completed,False,,,
owlrl,2,100,7021,BASE-Q21,decision,core,authorities,data_owner,confidential,set_union,edge1|edge2|edge3,3,32.13487,84.785235,11,,7fc13e36a90de226eedecbd26ccd453be5ba11798c2c5af4a7d857a15cbb7e1e,completed,False,,,
owlrl,2,100,7021,BASE-Q22,adaptation,core,authorities,data_owner,confidential,set_union,edge1|edge2|edge3,3,23.984814,70.864991,3,,70205401426a8e8adbf4220710b3638c6a47af2e7e7264f0b771b1bcbb070e80,completed,False,,,
owlrl,2,100,7021,BASE-Q23,topology,core,authorities,data_owner,confidential,set_union,edge1|edge2|edge3,3,37.16363,108.499342,101,,0bee89d20c1ee8a1d30f5f49705252478356280884ac29a85e9d22cae3d943b7,completed,False,,,
owlrl,2,100,7021,BASE-Q24,federation,core,authorities,data_owner,confidential,set_union,edge1|edge2|edge3,3,29.255815,80.349606,5,,0d4871d54d4eadbfa110f9223c2a6b641ea8c65326db34ade1288d5eab5ceb54,completed,False,,,
owlrl,2,100,7021,BASE-Q25,identity_consent,core,authorities,data_owner,confidential,set_union,edge1|edge2|edge3,3,13.639963,40.502387999999996,1,,4591a69ecb6837fd65b28a9688ad10f0fb7b8ca54c1a6ac395ef142fc831cfbf,completed,False,,,
owlrl,2,100,7021,BASE-Q26,observability,core,fog,regional,internal,boolean_or,fog,1,9.112408,9.112408,1,True,35df7182aa6c75e0a1066245f679b81ec9ad05e9964a0684980a466c9cc63ac4,completed,False,,,
owlrl,2,100,7021,BASE-Q27,adaptation,core,authorities,data_owner,confidential,boolean_or,edge1|edge2|edge3,3,9.204407,26.262566,1,True,35df7182aa6c75e0a1066245f679b81ec9ad05e9964a0684980a466c9cc63ac4,completed,False,,,
owlrl,2,100,7021,BASE-Q28,identity_consent,domain,authorities,data_owner,restricted,boolean_or,edge1|edge2|edge3,3,61.466407,146.83422,0,False,92b91e0dd8f69dcc43f3c56062f944147504cf0d80f20c98005fda34c727fd7e,completed,False,,,
owlrl,2,100,7021,BASE-Q29,topology,core,fog,regional,internal,boolean_or,fog,1,14.108055,14.108055,1,True,35df7182aa6c75e0a1066245f679b81ec9ad05e9964a0684980a466c9cc63ac4,completed,False,,,
owlrl,2,100,7021,BASE-Q30,federation,core,authorities,data_owner,confidential,boolean_or,edge1|edge2|edge3,3,6.74025,19.794083999999998,1,True,35df7182aa6c75e0a1066245f679b81ec9ad05e9964a0684980a466c9cc63ac4,completed,False,,,
owlrl,2,100,7021,BASE-Q31,identity_consent,core,cloud,global,internal,single,cloud,1,4.616166,4.616166,3,,66874cf8756143b9365cd0ce258e694f4e2eaf6ea8e73bc6693fe83bc83ed3f4,completed,False,,,
owlrl,2,100,7021,BASE-Q32,decision,core,fog,regional,internal,single,fog,1,16.977796,16.977796,4,,b91031de6b6257d2428b9195175f3c860291b874d6603c50eb4713a1b65b2628,completed,False,,,
owlrl,2,100,7021,BASE-Q33,observability,core,authority_key:http://example.org/smartcity#UserB,data_owner,confidential,single,edge2,1,23.62387,23.62387,6,,590b19873c6fa442afdadbc8ed5ebb9588a33006923bfed39c1b6215b8f0bb25,completed,False,,,
owlrl,2,100,7021,BASE-Q34,topology,core,fog,regional,internal,single,fog,1,10.818519,10.818519,1,,7c66062f36ae31e8068455da76c0bb4f918e7f6b8ecee7cd8a7946f3b6047884,completed,False,,,
owlrl,2,100,7021,BASE-Q35,delegation,core,authorities,data_owner,confidential,set_union,edge1|edge2|edge3,3,57.219592,115.193276,180,,56209ad42eb677718c0bba3e1f9fcee730c2c2912264ceea293e4ef01f23a56f,completed,False,,,
owlrl,2,100,7021,EXT-Q01,semantic_schema,core,cloud,global,internal,single,cloud,1,7.821962,7.821962,6,,66d5edbbdc2282624ffec271a4a523a20fdc7331b886d2884edf86a885532bcc,completed,False,,,
owlrl,2,100,7021,EXT-Q02,semantic_schema,core,cloud,global,internal,single,cloud,1,5.129714,5.129714,3,,81bea9a8c2d4cf1237d7fb131249cc18ec4ca629eeabaadbd5f0b9b58d3e3333,completed,False,,,
owlrl,2,100,7021,EXT-Q03,policy_governance,core,cloud,global,internal,single,cloud,1,15.372144,15.372144,79,,d73ae3d5ddfcd345147bae778101c21ab13194fca3fa92ad08259d39931b66d5,completed,False,,,
owlrl,2,100,7021,EXT-Q04,policy_governance,core,cloud,global,internal,single,cloud,1,16.218669,16.218669,55,,fced7e97d29b215a8321753998b7519dc1825dacc4af090c67ffc54bee4479bc,completed,False,,,
owlrl,2,100,7021,EXT-Q05,semantic_schema,core,cloud,global,internal,single,cloud,1,16.745926,16.745926,17,,e0fc9190703b6a7b2695ddc448f5c7e54c4feeff2545477c3194ebfd8ccb1f0c,completed,False,,,
owlrl,2,100,7021,EXT-Q06,semantic_schema,core,cloud,global,internal,single,cloud,1,18.030894,18.030894,12,,1377568d225cfb45a1899c2ea951adf7ebda5ada4e188dbf5f114110484fa3ae,completed,False,,,
owlrl,2,100,7021,EXT-Q07,policy_governance,core,cloud,global,internal,single,cloud,1,9.363349,9.363349,67,,c3cf27e703656fdaa8295f23b31076c1afcb14a5022b1b47538e2961fe033646,completed,False,,,
owlrl,2,100,7021,EXT-Q08,policy_governance,core,cloud,global,internal,single,cloud,1,56.933668,56.933668,1089,,cb9e0103c9327f1c4691ec9d7612deebd04c0e73140f23e2a6209bb8af1efc51,completed,False,,,
owlrl,2,100,7021,EXT-Q09,policy_governance,core,cloud,global,internal,single,cloud,1,14.520473,14.520473,6,,68de07660e010156bf3f3ea01000180657c8e8fc155ac9a053c3a64dbc538102,completed,False,,,
owlrl,2,100,7021,EXT-Q10,policy_governance,core,cloud,global,internal,single,cloud,1,39.756031,39.756031,0,,e3b0c44298fc1c149afbf4c8996fb92427ae41e4649b934ca495991b7852b855,completed,False,,,
owlrl,2,100,7021,EXT-Q11,identity_consent,core,authorities,data_owner,confidential,set_union,edge1|edge2|edge3,3,42.146685,119.494197,125,,d10f1a5cd8517d29f509a64e5fda02dd5a7dd6efad8bfa95a5d0644b462177b0,completed,False,,,
owlrl,2,100,7021,EXT-Q12,identity_consent,core,authorities,data_owner,confidential,set_union,edge1|edge2|edge3,3,42.075389,119.01116,128,,0444374ff467f047d001f046d64d1a86263d42f4d4185f8bd16178a3aac1262d,completed,False,,,
owlrl,2,100,7021,EXT-Q13,identity_consent,core,authorities,data_owner,confidential,set_union,edge1|edge2|edge3,3,187.727679,275.139364,0,,e3b0c44298fc1c149afbf4c8996fb92427ae41e4649b934ca495991b7852b855,completed,False,,,
owlrl,2,100,7021,EXT-Q14,identity_consent,core,authorities,data_owner,confidential,set_union,edge1|edge2|edge3,3,44.507315,130.154831,0,,e3b0c44298fc1c149afbf4c8996fb92427ae41e4649b934ca495991b7852b855,completed,False,,,
owlrl,2,100,7021,EXT-Q15,identity_consent,core,authorities,data_owner,confidential,set_union,edge1|edge2|edge3,3,117.706685,334.40897,0,,e3b0c44298fc1c149afbf4c8996fb92427ae41e4649b934ca495991b7852b855,completed,False,,,
owlrl,2,100,7021,EXT-Q16,identity_consent,core,authorities,data_owner,confidential,set_union,edge1|edge2|edge3,3,52.863871,154.263082,0,,e3b0c44298fc1c149afbf4c8996fb92427ae41e4649b934ca495991b7852b855,completed,False,,,
owlrl,2,100,7021,EXT-Q17,identity_consent,core,authorities,data_owner,confidential,set_union,edge1|edge2|edge3,3,29.408092,75.94797299999999,8,,3071bd3ad9cc1daac2632f317152a64e2d9d9e0d189068465ece1f8c3872334f,completed,False,,,
owlrl,2,100,7021,EXT-Q18,identity_consent,core,authorities,data_owner,confidential,set_union,edge1|edge2|edge3,3,52.990685,149.842654,0,,e3b0c44298fc1c149afbf4c8996fb92427ae41e4649b934ca495991b7852b855,completed,False,,,
owlrl,2,100,7021,EXT-Q19,identity_consent,core,authorities,data_owner,confidential,set_union,edge1|edge2|edge3,3,65.001315,167.05078500000002,0,,e3b0c44298fc1c149afbf4c8996fb92427ae41e4649b934ca495991b7852b855,completed,False,,,
owlrl,2,100,7021,EXT-Q20,identity_consent,core,authorities,data_owner,confidential,set_union,edge1|edge2|edge3,3,13.100982,38.580979,0,,e3b0c44298fc1c149afbf4c8996fb92427ae41e4649b934ca495991b7852b855,completed,False,,,
owlrl,2,100,7021,EXT-Q21,identity_consent,core,authorities,data_owner,confidential,set_union,edge1|edge2|edge3,3,24.904908,70.103713,58,,6e6d9e3db6cd7bbb93e0d6feafb155f966b98e945250ca473bf302c2a406fef9,completed,False,,,
owlrl,2,100,7021,EXT-Q22,security_identity,domain,authorities,data_owner,restricted,set_union,edge1|edge2|edge3,3,117.381759,335.128764,0,,e3b0c44298fc1c149afbf4c8996fb92427ae41e4649b934ca495991b7852b855,completed,False,,,
owlrl,2,100,7021,EXT-Q23,data_lifecycle,core,authorities,data_owner,confidential,set_union,edge1|edge2|edge3,3,25.942203,72.019103,3,,3955e7b96dea26719774b2d2a200be73c38cf84521f9352a6b96ed1af0a71d7a,completed,False,,,
owlrl,2,100,7021,EXT-Q24,data_lifecycle,core,authorities,data_owner,confidential,set_union,edge1|edge2|edge3,3,47.508629,137.565648,102,,9106f5862cc8600b6d5ae37435c36d2734394a0ad4470feea1fb4f9925aa6872,completed,False,,,
owlrl,2,100,7021,EXT-Q25,data_lifecycle,domain,authorities,data_owner,restricted,set_union,edge1|edge2|edge3,3,75.267055,217.670754,0,,e3b0c44298fc1c149afbf4c8996fb92427ae41e4649b934ca495991b7852b855,completed,False,,,
owlrl,2,100,7021,EXT-Q26,security_identity,core,authorities,data_owner,confidential,set_union,edge1|edge2|edge3,3,47.230389,135.154851,104,,d032cc59f511f29f0ba5b4a8ec962dbd24952b8594d3e52130be63c2cf3e33dd,completed,False,,,
owlrl,2,100,7021,EXT-Q27,security_identity,core,authorities,data_owner,confidential,set_union,edge1|edge2|edge3,3,46.563925,117.020544,0,,e3b0c44298fc1c149afbf4c8996fb92427ae41e4649b934ca495991b7852b855,completed,False,,,
owlrl,2,100,7021,EXT-Q28,security_identity,core,authorities,data_owner,confidential,set_union,edge1|edge2|edge3,3,197.177722,235.262023,0,,e3b0c44298fc1c149afbf4c8996fb92427ae41e4649b934ca495991b7852b855,completed,False,,,
owlrl,2,100,7021,EXT-Q29,security_identity,core,cloud,global,internal,single,cloud,1,3.510014,3.510014,1,,5e56d4b1c34d01016304a6e8bc0397a3d6e7898ce43942ff1b6aab07b06810f2,completed,False,,,
owlrl,2,100,7021,EXT-Q30,security_identity,core,cloud,global,internal,single,cloud,1,2.696507,2.696507,0,,e3b0c44298fc1c149afbf4c8996fb92427ae41e4649b934ca495991b7852b855,completed,False,,,
owlrl,2,100,7021,EXT-Q31,data_lifecycle,core,authorities,data_owner,confidential,set_union,edge1|edge2|edge3,3,18.793019,55.070967,0,,e3b0c44298fc1c149afbf4c8996fb92427ae41e4649b934ca495991b7852b855,completed,False,,,
owlrl,2,100,7021,EXT-Q32,data_lifecycle,core,authorities,data_owner,confidential,set_union,edge1|edge2|edge3,3,11.016315,32.847403,0,,e3b0c44298fc1c149afbf4c8996fb92427ae41e4649b934ca495991b7852b855,completed,False,,,
owlrl,2,100,7021,EXT-Q33,data_lifecycle,core,authorities,data_owner,confidential,set_union,edge1|edge2|edge3,3,21.908981,65.124636,0,,e3b0c44298fc1c149afbf4c8996fb92427ae41e4649b934ca495991b7852b855,completed,False,,,
owlrl,2,100,7021,EXT-Q34,data_lifecycle,core,authorities,data_owner,confidential,set_union,edge1|edge2|edge3,3,18.861945,55.852987,0,,e3b0c44298fc1c149afbf4c8996fb92427ae41e4649b934ca495991b7852b855,completed,False,,,
owlrl,2,100,7021,EXT-Q35,data_lifecycle,core,authorities,data_owner,confidential,set_union,edge1|edge2|edge3,3,22.475611,65.414137,106,,f68d3a56a8b372110adb0609644ee820cc2af42e928c009699efee64cbd66b70,completed,False,,,
owlrl,2,100,7021,EXT-Q36,context_zones,core,authority_key:http://example.org/smartcity#UserA,data_owner,confidential,single,edge1,1,21.563537,21.563537,1,,b691a10c930fd32c789bb07f0f1fd7d606e3241b1fbe110ce3bb9c0f5b95cd37,completed,False,,,
owlrl,2,100,7021,EXT-Q37,context_zones,domain,authorities,data_owner,restricted,set_union,edge1|edge2|edge3,3,63.879963,183.164019,0,,e3b0c44298fc1c149afbf4c8996fb92427ae41e4649b934ca495991b7852b855,completed,False,,,
owlrl,2,100,7021,EXT-Q38,context_zones,domain,authorities,data_owner,restricted,set_union,edge1|edge2|edge3,3,35.64424,106.43750700000001,1,,d0d58146bc80e4e03947b8200631e8b89fdb27ee77b2a31daf4bee1a10c44367,completed,False,,,
owlrl,2,100,7021,EXT-Q39,context_zones,core,authority_key:http://example.org/smartcity#UserA,data_owner,confidential,single,edge1,1,15.20413,15.20413,5,,1ca154c8210da56b45e42825f86a318f53dc0325a456648a0db2cbcced59de18,completed,False,,,
owlrl,2,100,7021,EXT-Q40,trust,core,fog,regional,internal,single,fog,1,28.51463,28.51463,8,,668e8d3da023436e0b3b53c5f12489c55929c5346903d5c0b7b1b992f823f8df,completed,False,,,
owlrl,2,100,7021,EXT-Q41,trust,core,fog,regional,internal,single,fog,1,26.173963,26.173963,0,,e3b0c44298fc1c149afbf4c8996fb92427ae41e4649b934ca495991b7852b855,completed,False,,,
owlrl,2,100,7021,EXT-Q42,trust,core,fog,regional,internal,single,fog,1,19.758093,19.758093,5,,a936f8276a646c3f47213c62eb605f825d8fee770920c38f095ae922a5febc96,completed,False,,,
owlrl,2,100,7021,EXT-Q43,trust,core,fog,regional,internal,single,fog,1,31.276871,31.276871,8,,b194843fbc8955399d428ae6e4e9bb4101fe20226aa76f0f1491397c8ce797c2,completed,False,,,
owlrl,2,100,7021,EXT-Q44,trust,core,authorities,data_owner,confidential,set_union,edge1|edge2|edge3,3,23.123278,62.092488,10,,106b6808e582efd6a78626f18c7807191e7a08ebe629f87847227d80e6ce6f19,completed,False,,,
owlrl,2,100,7021,EXT-Q45,trust,core,authorities,data_owner,confidential,set_union,edge1|edge2|edge3,3,208.000833,299.09094600000003,0,,e3b0c44298fc1c149afbf4c8996fb92427ae41e4649b934ca495991b7852b855,completed,False,,,
owlrl,2,100,7021,EXT-Q46,decision,core,authorities,data_owner,confidential,set_union,edge1|edge2|edge3,3,32.863666,91.22547700000001,11,,497649f7b7fb5bb312db17c133552fcb5363c177bcdf3a7d4da3f9e09d27ef3a,completed,False,,,
owlrl,2,100,7021,EXT-Q47,decision,core,authorities,data_owner,confidential,set_union,edge1|edge2|edge3,3,38.489963,106.556983,0,,e3b0c44298fc1c149afbf4c8996fb92427ae41e4649b934ca495991b7852b855,completed,False,,,
owlrl,2,100,7021,EXT-Q48,decision,core,authorities,data_owner,confidential,set_union,edge1|edge2|edge3,3,33.880672,97.934857,0,,e3b0c44298fc1c149afbf4c8996fb92427ae41e4649b934ca495991b7852b855,completed,False,,,
owlrl,2,100,7021,EXT-Q49,decision,core,authorities,data_owner,confidential,set_union,edge1|edge2|edge3,3,27.965815,78.232754,8,,61a1a998385e4071933469d06cffd5e2cd092016daefcdce08d2e38a8bf4d078,completed,False,,,
owlrl,2,100,7021,EXT-Q50,decision,core,authorities,data_owner,confidential,set_union,edge1|edge2|edge3,3,33.114537,98.72991099999999,0,,e3b0c44298fc1c149afbf4c8996fb92427ae41e4649b934ca495991b7852b855,completed,False,,,
owlrl,2,100,7021,EXT-Q51,decision,core,authorities,data_owner,confidential,set_union,edge1|edge2|edge3,3,31.523685,77.937695,32,,d96e9e0968e2bb5a55d9ce98a9e9522d5cb6082d083dcb5d8b65c30d87614d48,completed,False,,,
owlrl,2,100,7021,EXT-Q52,decision,core,authorities,data_owner,confidential,set_union,edge1|edge2|edge3,3,31.329037,74.5296,32,,e4cc722951be46789eb75264501a53ba96774192510017491e856efc76f0aa19,completed,False,,,
owlrl,2,100,7021,EXT-Q53,decision,core,authorities,data_owner,confidential,set_union,edge1|edge2|edge3,3,50.690685,148.459893,0,,e3b0c44298fc1c149afbf4c8996fb92427ae41e4649b934ca495991b7852b855,completed,False,,,
owlrl,2,100,7021,EXT-Q54,decision,domain,authorities,data_owner,restricted,set_union,edge1|edge2|edge3,3,37.687778,109.553785,0,,e3b0c44298fc1c149afbf4c8996fb92427ae41e4649b934ca495991b7852b855,completed,False,,,
owlrl,2,100,7021,EXT-Q55,decision,core,authorities,data_owner,confidential,set_union,edge1|edge2|edge3,3,20.610963,59.260858,8,,8c3e48566f94616cee569d9b5812ba30ec566c1adc22c2c92d13749c523df534,completed,False,,,
owlrl,2,100,7021,EXT-Q56,decision,core,authorities,data_owner,confidential,set_union,edge1|edge2|edge3,3,123.376611,219.794746,0,,e3b0c44298fc1c149afbf4c8996fb92427ae41e4649b934ca495991b7852b855,completed,False,,,
owlrl,2,100,7021,EXT-Q57,decision,core,authorities,data_owner,confidential,set_union,edge1|edge2|edge3,3,19.264648,56.693505,7,,058d2944c03f01a48917edc20c871d5f86e2b184778cd894bf433e94a8ffca12,completed,False,,,
owlrl,2,100,7021,EXT-Q58,decision,core,authorities,data_owner,confidential,set_union,edge1|edge2|edge3,3,30.058777,88.843092,7,,5a003716962d1299d69dd1de460f6a48eb40b34fbbb1eeb486379f039621a795,completed,False,,,
owlrl,2,100,7021,EXT-Q59,adaptation,core,authorities,data_owner,confidential,set_union,edge1|edge2|edge3,3,67.506852,143.26297399999999,35,,a67f4df76b0ad2595fa03a50ef968560610616068e1b79b7d520849c791090ca,completed,False,,,
owlrl,2,100,7021,EXT-Q60,adaptation,core,authorities,data_owner,confidential,set_union,edge1|edge2|edge3,3,27.127944,77.685828,1,,285931564bf116179a45da920fdf958a3347ea1df763213bb7e2afba77c47d16,completed,False,,,
owlrl,2,100,7021,EXT-Q61,adaptation,core,authorities,data_owner,confidential,set_union,edge1|edge2|edge3,3,7.978574,23.573509,0,,e3b0c44298fc1c149afbf4c8996fb92427ae41e4649b934ca495991b7852b855,completed,False,,,
owlrl,2,100,7021,EXT-Q62,adaptation,core,authorities,data_owner,confidential,set_union,edge1|edge2|edge3,3,22.481444,65.36536,1,,3dafef0eca79c68f05b79939f40198bc13232639d500d3e9875bc263b0f00d4d,completed,False,,,
owlrl,2,100,7021,EXT-Q63,delegation,core,authorities,data_owner,confidential,set_union,edge1|edge2|edge3,3,24.530444,71.909751,1,,d4b4c3785ae985658dfc4a4433dd002e5aec5a2321080af4e85474c06a3404f5,completed,False,,,
owlrl,2,100,7021,EXT-Q64,delegation,core,authorities,data_owner,confidential,set_union,edge1|edge2|edge3,3,21.606759,62.777988,0,,e3b0c44298fc1c149afbf4c8996fb92427ae41e4649b934ca495991b7852b855,completed,False,,,
owlrl,2,100,7021,EXT-Q65,delegation,core,authorities,data_owner,confidential,set_union,edge1|edge2|edge3,3,13.209129,38.570256,0,,e3b0c44298fc1c149afbf4c8996fb92427ae41e4649b934ca495991b7852b855,completed,False,,,
owlrl,2,100,7021,EXT-Q66,federation,core,authorities,data_owner,confidential,set_union,edge1|edge2|edge3,3,31.251463,81.03482600000001,2,,1a9af60cfbb87dd79b68021c3d70e1ee6f230e648f1ad6360ef50fffd374b4df,completed,False,,,
owlrl,2,100,7021,EXT-Q67,federation,core,authorities,data_owner,confidential,set_union,edge1|edge2|edge3,3,42.618074,121.91032899999999,0,,e3b0c44298fc1c149afbf4c8996fb92427ae41e4649b934ca495991b7852b855,completed,False,,,
owlrl,2,100,7021,EXT-Q68,federation,core,authorities,data_owner,confidential,set_union,edge1|edge2|edge3,3,24.844,73.546381,0,,e3b0c44298fc1c149afbf4c8996fb92427ae41e4649b934ca495991b7852b855,completed,False,,,
owlrl,2,100,7021,EXT-Q69,federation,core,authorities,data_owner,confidential,set_union,edge1|edge2|edge3,3,28.171111,81.278477,2,,8271d93912e320b11a3ca6d70e5061d5132abb26053b022198090871531d61eb,completed,False,,,
owlrl,2,100,7021,EXT-Q70,audit_temporal,core,authorities,data_owner,confidential,set_union,edge1|edge2|edge3,3,110.389407,180.946266,204,,01824916f48e90d6c6df066f2950c4d8a2e2d6f71ba4af556d43e8921ae41930,completed,False,,,
owlrl,2,100,7021,EXT-Q71,audit_temporal,core,authorities,data_owner,confidential,set_union,edge1|edge2|edge3,3,42.292852,110.597894,0,,e3b0c44298fc1c149afbf4c8996fb92427ae41e4649b934ca495991b7852b855,completed,False,,,
owlrl,2,100,7021,EXT-Q72,audit_temporal,core,authorities,data_owner,confidential,set_union,edge1|edge2|edge3,3,114.847167,170.251219,0,,e3b0c44298fc1c149afbf4c8996fb92427ae41e4649b934ca495991b7852b855,completed,False,,,
owlrl,2,100,7021,EXT-Q73,audit_temporal,core,authorities,data_owner,confidential,set_union,edge1|edge2|edge3,3,312.631631,835.571668,1010,,8063e96114d0974d3751ccec20b20889462cf9f199bff40c10b7b815850c2cba,completed,False,,,
owlrl,2,100,7021,EXT-Q74,audit_temporal,core,authorities,data_owner,confidential,set_union,edge1|edge2|edge3,3,381.499351,1060.403369,0,,e3b0c44298fc1c149afbf4c8996fb92427ae41e4649b934ca495991b7852b855,completed,False,,,
owlrl,2,100,7021,EXT-Q75,validation,core,cloud,global,internal,single,cloud,1,18.04686,18.04686,74,,8dd432df42d733f2411b2aebc51682848ddadc97425c41088f0a99090f77f1c0,completed,False,,,
owlrl,2,100,7021,EXT-Q76,validation,core,cloud,global,internal,single,cloud,1,29.727722,29.727722,9,,50bf3d3f7f446e045722279f6d243ecc804cd2cf73b381d9c89f530b567855ea,completed,False,,,
owlrl,2,100,7021,EXT-Q77,validation,core,cloud,global,internal,single,cloud,1,13.801485,13.801485,6,,ba52fb52449a77784e328f0aaa19807ddd9156c7457ea722a8af2f2082dce9ad,completed,False,,,
owlrl,2,100,7021,EXT-Q78,policy_governance,core,cloud,global,internal,single,cloud,1,12.462234,12.462234,37,,dc49d089c1cfb621b31177ad5794c8ca7638f40689eba56af4f4ea2a38c683f1,completed,False,,,
owlrl,2,100,7021,EXT-Q79,policy_governance,core,cloud,global,internal,single,cloud,1,10.040422,10.040422,0,,e3b0c44298fc1c149afbf4c8996fb92427ae41e4649b934ca495991b7852b855,completed,False,,,
owlrl,2,100,7021,EXT-Q80,validation,core,cloud,global,internal,single,cloud,1,32.220721,32.220721,13,,7b81a06628b0ed47983abd578c902f47906271bc5a38f63144daa74510daf865,completed,False,,,
owlrl,3,100,7021,BASE-Q01,identity_consent,core,authorities,data_owner,confidential,set_union,edge1|edge2|edge3,3,42.140686,123.266145,104,,7a332083bdc04cec27394e5cf23941c792d1de0c41d27f4134d42e1cea73f268,completed,False,,,
owlrl,3,100,7021,BASE-Q02,topology,core,authority_key:http://example.org/smartcity#UserB,data_owner,confidential,single,edge2,1,22.403814,22.403814,11,,363f868a57a5e5f601b8d524b05460273fbf45427eb805af595f694133371b51,completed,False,,,
owlrl,3,100,7021,BASE-Q03,wellbeing,domain,authorities,data_owner,restricted,set_union,edge1|edge2|edge3,3,33.284018,96.699448,104,,0f2929f844a525d68830fa50f52519857f1dd010ded0bf5e04d4a24c86c05552,completed,False,,,
owlrl,3,100,7021,BASE-Q04,decision,core,authority_key:http://example.org/smartcity#UserB,data_owner,confidential,single,edge2,1,22.315908,22.315908,7,,cc222a87554e870ffae43cba023647670c0589b8ec1b4500dd1d797a399c3bf2,completed,False,,,
owlrl,3,100,7021,BASE-Q05,wellbeing,domain,authorities,data_owner,restricted,set_union,edge1|edge2|edge3,3,20.131241,57.058283,5,,4b096b851fd9e6935d2e2e6c7bd57464c473db58008af4b34e60338033a84d23,completed,False,,,
owlrl,3,100,7021,BASE-Q06,identity_consent,core,cloud,global,internal,single,cloud,1,5.706158,5.706158,10,,f8aebcef3bdb5c68142d34426190fd6a36c4b31394471c9c7602e6c19e67ff84,completed,False,,,
owlrl,3,100,7021,BASE-Q07,observability,core,fog,regional,internal,single,fog,1,55.247666,55.247666,8,,ca2b51bfcca172872762ed97ca97be2a1dcd2b9c7281006f9eb3bccef56ed28e,completed,False,,,
owlrl,3,100,7021,BASE-Q08,observability,core,fog,regional,internal,single,fog,1,37.248685,37.248685,2,,6527f1e187dfa51f5dc78e109fe2d9fb47aed82a4ec8f897d1dda6ee6850aa0a,completed,False,,,
owlrl,3,100,7021,BASE-Q09,wellbeing,domain,authorities,data_owner,restricted,set_union,edge1|edge2|edge3,3,40.556704,117.71773300000001,106,,2f052795c45af5c73a4ed56c6d53f566c3a6a97f8e256bd42d191c915baca6ff,completed,False,,,
owlrl,3,100,7021,BASE-Q10,observability,domain,authorities,data_owner,restricted,set_union,edge1|edge2|edge3,3,54.646926,159.847788,104,,e6e6be0bea1007e8a0a509db5dd6923dbe3b169736a394cf93f38246d8a7dca8,completed,False,,,
owlrl,3,100,7021,BASE-Q11,wellbeing,core,authority_key:http://example.org/smartcity#UserA,data_owner,confidential,single,edge1,1,15.000518,15.000518,1,,941d461ce01f2fa52ba95291e46e52524d75bd44e2b938eab7e81404936a8b7c,completed,False,,,
owlrl,3,100,7021,BASE-Q12,adaptation,core,authorities,data_owner,confidential,set_union,edge1|edge2|edge3,3,14.452778,42.520907,1,,ddcd6b8cd42f3d2e1f6aa052eeeca5d4423f9db85cdc91915481db3956dfffff,completed,False,,,
owlrl,3,100,7021,BASE-Q13,adaptation,core,authorities,data_owner,confidential,set_union,edge1|edge2|edge3,3,18.423574,53.62806,1,,25e56d4be1969d1d6de5386e2c3ff26456f8069edb7847a9dc7e32a9b09c8948,completed,False,,,
owlrl,3,100,7021,BASE-Q14,delegation,core,authority_key:http://example.org/smartcity#UserA,data_owner,confidential,single,edge1,1,17.296889,17.296889,1,,dcd8c3258e95549dde016df10cf22183c036214d75d30e686ca7ac2fb5ea3271,completed,False,,,
owlrl,3,100,7021,BASE-Q15,identity_consent,core,authorities,data_owner,confidential,set_union,edge1|edge2|edge3,3,11.636518,34.41505,1,,7ac55bded7c8d1294bfcac4ddeb28b5921a8083a19185e216bf5d1c0d62bd370,completed,False,,,
owlrl,3,100,7021,BASE-Q16,federation,core,authorities,data_owner,confidential,set_union,edge1|edge2|edge3,3,26.628241,75.560919,3,,550eeca87dc96402bbed090f1737eaacfb6b27d2290401797018cbcf303b8147,completed,False,,,
owlrl,3,100,7021,BASE-Q17,context_zones,domain,authorities,data_owner,restricted,set_union,edge1|edge2|edge3,3,19.296302,54.248653000000004,1,,50b7b5a085e0802a1897953a959e0c9ea4c5f943dc26de55b2219ea7deac4b89,completed,False,,,
owlrl,3,100,7021,BASE-Q18,context_zones,core,authorities,data_owner,confidential,set_union,edge1|edge2|edge3,3,10.320389,30.271068,1,,200d4d55bb0d8b9374961d2df3fa99d83d8caf54dc79a7784bb84dd44b081eda,completed,False,,,
owlrl,3,100,7021,BASE-Q19,decision,core,fog,regional,internal,single,fog,1,35.277019,35.277019,5,,14ff5f393f619913b6627f132ac802eb3d0b2560e5619a0d995e34dac1f39b45,completed,False,,,
owlrl,3,100,7021,BASE-Q20,identity_consent,domain,authorities,data_owner,restricted,set_union,edge1|edge2|edge3,3,42.144167,125.087293,104,,80c72d53f7954de49ca8c6c413b59e0b475eda97cf0ca823b08155ca43c94d68,completed,False,,,
owlrl,3,100,7021,BASE-Q21,decision,core,authorities,data_owner,confidential,set_union,edge1|edge2|edge3,3,31.329686,83.508034,11,,7fc13e36a90de226eedecbd26ccd453be5ba11798c2c5af4a7d857a15cbb7e1e,completed,False,,,
owlrl,3,100,7021,BASE-Q22,adaptation,core,authorities,data_owner,confidential,set_union,edge1|edge2|edge3,3,24.494796,71.406603,3,,70205401426a8e8adbf4220710b3638c6a47af2e7e7264f0b771b1bcbb070e80,completed,False,,,
owlrl,3,100,7021,BASE-Q23,topology,core,authorities,data_owner,confidential,set_union,edge1|edge2|edge3,3,37.358722,107.67284000000001,101,,0bee89d20c1ee8a1d30f5f49705252478356280884ac29a85e9d22cae3d943b7,completed,False,,,
owlrl,3,100,7021,BASE-Q24,federation,core,authorities,data_owner,confidential,set_union,edge1|edge2|edge3,3,29.937592,80.447105,5,,0d4871d54d4eadbfa110f9223c2a6b641ea8c65326db34ade1288d5eab5ceb54,completed,False,,,
owlrl,3,100,7021,BASE-Q25,identity_consent,core,authorities,data_owner,confidential,set_union,edge1|edge2|edge3,3,13.64737,40.203813,1,,4591a69ecb6837fd65b28a9688ad10f0fb7b8ca54c1a6ac395ef142fc831cfbf,completed,False,,,
owlrl,3,100,7021,BASE-Q26,observability,core,fog,regional,internal,boolean_or,fog,1,9.041315,9.041315,1,True,35df7182aa6c75e0a1066245f679b81ec9ad05e9964a0684980a466c9cc63ac4,completed,False,,,
owlrl,3,100,7021,BASE-Q27,adaptation,core,authorities,data_owner,confidential,boolean_or,edge1|edge2|edge3,3,8.714074,25.795751,1,True,35df7182aa6c75e0a1066245f679b81ec9ad05e9964a0684980a466c9cc63ac4,completed,False,,,
owlrl,3,100,7021,BASE-Q28,identity_consent,domain,authorities,data_owner,restricted,boolean_or,edge1|edge2|edge3,3,61.417334,147.29357299999998,0,False,92b91e0dd8f69dcc43f3c56062f944147504cf0d80f20c98005fda34c727fd7e,completed,False,,,
owlrl,3,100,7021,BASE-Q29,topology,core,fog,regional,internal,boolean_or,fog,1,14.151723,14.151723,1,True,35df7182aa6c75e0a1066245f679b81ec9ad05e9964a0684980a466c9cc63ac4,completed,False,,,
owlrl,3,100,7021,BASE-Q30,federation,core,authorities,data_owner,confidential,boolean_or,edge1|edge2|edge3,3,7.031703,20.349692,1,True,35df7182aa6c75e0a1066245f679b81ec9ad05e9964a0684980a466c9cc63ac4,completed,False,,,
owlrl,3,100,7021,BASE-Q31,identity_consent,core,cloud,global,internal,single,cloud,1,4.948514,4.948514,3,,66874cf8756143b9365cd0ce258e694f4e2eaf6ea8e73bc6693fe83bc83ed3f4,completed,False,,,
owlrl,3,100,7021,BASE-Q32,decision,core,fog,regional,internal,single,fog,1,17.616352,17.616352,4,,b91031de6b6257d2428b9195175f3c860291b874d6603c50eb4713a1b65b2628,completed,False,,,
owlrl,3,100,7021,BASE-Q33,observability,core,authority_key:http://example.org/smartcity#UserB,data_owner,confidential,single,edge2,1,24.352204,24.352204,6,,590b19873c6fa442afdadbc8ed5ebb9588a33006923bfed39c1b6215b8f0bb25,completed,False,,,
owlrl,3,100,7021,BASE-Q34,topology,core,fog,regional,internal,single,fog,1,16.914018,16.914018,1,,7c66062f36ae31e8068455da76c0bb4f918e7f6b8ecee7cd8a7946f3b6047884,completed,False,,,
owlrl,3,100,7021,BASE-Q35,delegation,core,authorities,data_owner,confidential,set_union,edge1|edge2|edge3,3,56.658574,114.64833200000001,180,,56209ad42eb677718c0bba3e1f9fcee730c2c2912264ceea293e4ef01f23a56f,completed,False,,,
owlrl,3,100,7021,EXT-Q01,semantic_schema,core,cloud,global,internal,single,cloud,1,21.972256,21.972256,6,,66d5edbbdc2282624ffec271a4a523a20fdc7331b886d2884edf86a885532bcc,completed,False,,,
owlrl,3,100,7021,EXT-Q02,semantic_schema,core,cloud,global,internal,single,cloud,1,5.303091,5.303091,3,,81bea9a8c2d4cf1237d7fb131249cc18ec4ca629eeabaadbd5f0b9b58d3e3333,completed,False,,,
owlrl,3,100,7021,EXT-Q03,policy_governance,core,cloud,global,internal,single,cloud,1,15.527661,15.527661,79,,d73ae3d5ddfcd345147bae778101c21ab13194fca3fa92ad08259d39931b66d5,completed,False,,,
owlrl,3,100,7021,EXT-Q04,policy_governance,core,cloud,global,internal,single,cloud,1,14.346778,14.346778,55,,fced7e97d29b215a8321753998b7519dc1825dacc4af090c67ffc54bee4479bc,completed,False,,,
owlrl,3,100,7021,EXT-Q05,semantic_schema,core,cloud,global,internal,single,cloud,1,17.129698,17.129698,17,,e0fc9190703b6a7b2695ddc448f5c7e54c4feeff2545477c3194ebfd8ccb1f0c,completed,False,,,
owlrl,3,100,7021,EXT-Q06,semantic_schema,core,cloud,global,internal,single,cloud,1,3.554866,3.554866,12,,1377568d225cfb45a1899c2ea951adf7ebda5ada4e188dbf5f114110484fa3ae,completed,False,,,
owlrl,3,100,7021,EXT-Q07,policy_governance,core,cloud,global,internal,single,cloud,1,9.319419,9.319419,67,,c3cf27e703656fdaa8295f23b31076c1afcb14a5022b1b47538e2961fe033646,completed,False,,,
owlrl,3,100,7021,EXT-Q08,policy_governance,core,cloud,global,internal,single,cloud,1,56.573031,56.573031,1089,,cb9e0103c9327f1c4691ec9d7612deebd04c0e73140f23e2a6209bb8af1efc51,completed,False,,,
owlrl,3,100,7021,EXT-Q09,policy_governance,core,cloud,global,internal,single,cloud,1,14.840004,14.840004,6,,68de07660e010156bf3f3ea01000180657c8e8fc155ac9a053c3a64dbc538102,completed,False,,,
owlrl,3,100,7021,EXT-Q10,policy_governance,core,cloud,global,internal,single,cloud,1,42.801557,42.801557,0,,e3b0c44298fc1c149afbf4c8996fb92427ae41e4649b934ca495991b7852b855,completed,False,,,
owlrl,3,100,7021,EXT-Q11,identity_consent,core,authorities,data_owner,confidential,set_union,edge1|edge2|edge3,3,41.660611,118.391957,125,,d10f1a5cd8517d29f509a64e5fda02dd5a7dd6efad8bfa95a5d0644b462177b0,completed,False,,,
owlrl,3,100,7021,EXT-Q12,identity_consent,core,authorities,data_owner,confidential,set_union,edge1|edge2|edge3,3,42.616519,119.003141,128,,0444374ff467f047d001f046d64d1a86263d42f4d4185f8bd16178a3aac1262d,completed,False,,,
owlrl,3,100,7021,EXT-Q13,identity_consent,core,authorities,data_owner,confidential,set_union,edge1|edge2|edge3,3,44.942148,130.915369,0,,e3b0c44298fc1c149afbf4c8996fb92427ae41e4649b934ca495991b7852b855,completed,False,,,
owlrl,3,100,7021,EXT-Q14,identity_consent,core,authorities,data_owner,confidential,set_union,edge1|edge2|edge3,3,44.577111,131.13646,0,,e3b0c44298fc1c149afbf4c8996fb92427ae41e4649b934ca495991b7852b855,completed,False,,,
owlrl,3,100,7021,EXT-Q15,identity_consent,core,authorities,data_owner,confidential,set_union,edge1|edge2|edge3,3,117.926482,334.104562,0,,e3b0c44298fc1c149afbf4c8996fb92427ae41e4649b934ca495991b7852b855,completed,False,,,
owlrl,3,100,7021,EXT-Q16,identity_consent,core,authorities,data_owner,confidential,set_union,edge1|edge2|edge3,3,53.353111,154.498377,0,,e3b0c44298fc1c149afbf4c8996fb92427ae41e4649b934ca495991b7852b855,completed,False,,,
owlrl,3,100,7021,EXT-Q17,identity_consent,core,authorities,data_owner,confidential,set_union,edge1|edge2|edge3,3,29.113537,74.756103,8,,3071bd3ad9cc1daac2632f317152a64e2d9d9e0d189068465ece1f8c3872334f,completed,False,,,
owlrl,3,100,7021,EXT-Q18,identity_consent,core,authorities,data_owner,confidential,set_union,edge1|edge2|edge3,3,53.697796,149.665468,0,,e3b0c44298fc1c149afbf4c8996fb92427ae41e4649b934ca495991b7852b855,completed,False,,,
owlrl,3,100,7021,EXT-Q19,identity_consent,core,authorities,data_owner,confidential,set_union,edge1|edge2|edge3,3,52.178889,151.419858,0,,e3b0c44298fc1c149afbf4c8996fb92427ae41e4649b934ca495991b7852b855,completed,False,,,
owlrl,3,100,7021,EXT-Q20,identity_consent,core,authorities,data_owner,confidential,set_union,edge1|edge2|edge3,3,13.492259,38.388442,0,,e3b0c44298fc1c149afbf4c8996fb92427ae41e4649b934ca495991b7852b855,completed,False,,,
owlrl,3,100,7021,EXT-Q21,identity_consent,core,authorities,data_owner,confidential,set_union,edge1|edge2|edge3,3,24.796018,71.92278999999999,58,,6e6d9e3db6cd7bbb93e0d6feafb155f966b98e945250ca473bf302c2a406fef9,completed,False,,,
owlrl,3,100,7021,EXT-Q22,security_identity,domain,authorities,data_owner,restricted,set_union,edge1|edge2|edge3,3,308.633018,688.764497,0,,e3b0c44298fc1c149afbf4c8996fb92427ae41e4649b934ca495991b7852b855,completed,False,,,
owlrl,3,100,7021,EXT-Q23,data_lifecycle,core,authorities,data_owner,confidential,set_union,edge1|edge2|edge3,3,26.105426,72.51651000000001,3,,3955e7b96dea26719774b2d2a200be73c38cf84521f9352a6b96ed1af0a71d7a,completed,False,,,
owlrl,3,100,7021,EXT-Q24,data_lifecycle,core,authorities,data_owner,confidential,set_union,edge1|edge2|edge3,3,47.067666,137.295666,102,,9106f5862cc8600b6d5ae37435c36d2734394a0ad4470feea1fb4f9925aa6872,completed,False,,,
owlrl,3,100,7021,EXT-Q25,data_lifecycle,domain,authorities,data_owner,restricted,set_union,edge1|edge2|edge3,3,76.643203,221.64155,0,,e3b0c44298fc1c149afbf4c8996fb92427ae41e4649b934ca495991b7852b855,completed,False,,,
owlrl,3,100,7021,EXT-Q26,security_identity,core,authorities,data_owner,confidential,set_union,edge1|edge2|edge3,3,46.801685,135.267518,104,,d032cc59f511f29f0ba5b4a8ec962dbd24952b8594d3e52130be63c2cf3e33dd,completed,False,,,
owlrl,3,100,7021,EXT-Q27,security_identity,core,authorities,data_owner,confidential,set_union,edge1|edge2|edge3,3,46.13287,116.979914,0,,e3b0c44298fc1c149afbf4c8996fb92427ae41e4649b934ca495991b7852b855,completed,False,,,
owlrl,3,100,7021,EXT-Q28,security_identity,core,authorities,data_owner,confidential,set_union,edge1|edge2|edge3,3,19.022777,56.168948,0,,e3b0c44298fc1c149afbf4c8996fb92427ae41e4649b934ca495991b7852b855,completed,False,,,
owlrl,3,100,7021,EXT-Q29,security_identity,core,cloud,global,internal,single,cloud,1,3.107222,3.107222,1,,5e56d4b1c34d01016304a6e8bc0397a3d6e7898ce43942ff1b6aab07b06810f2,completed,False,,,
owlrl,3,100,7021,EXT-Q30,security_identity,core,cloud,global,internal,single,cloud,1,2.504798,2.504798,0,,e3b0c44298fc1c149afbf4c8996fb92427ae41e4649b934ca495991b7852b855,completed,False,,,
owlrl,3,100,7021,EXT-Q31,data_lifecycle,core,authorities,data_owner,confidential,set_union,edge1|edge2|edge3,3,18.1985,53.672671,0,,e3b0c44298fc1c149afbf4c8996fb92427ae41e4649b934ca495991b7852b855,completed,False,,,
owlrl,3,100,7021,EXT-Q32,data_lifecycle,core,authorities,data_owner,confidential,set_union,edge1|edge2|edge3,3,11.347482,33.331069,0,,e3b0c44298fc1c149afbf4c8996fb92427ae41e4649b934ca495991b7852b855,completed,False,,,
owlrl,3,100,7021,EXT-Q33,data_lifecycle,core,authorities,data_owner,confidential,set_union,edge1|edge2|edge3,3,22.391166,65.796637,0,,e3b0c44298fc1c149afbf4c8996fb92427ae41e4649b934ca495991b7852b855,completed,False,,,
owlrl,3,100,7021,EXT-Q34,data_lifecycle,core,authorities,data_owner,confidential,set_union,edge1|edge2|edge3,3,18.929982,55.811579,0,,e3b0c44298fc1c149afbf4c8996fb92427ae41e4649b934ca495991b7852b855,completed,False,,,
owlrl,3,100,7021,EXT-Q35,data_lifecycle,core,authorities,data_owner,confidential,set_union,edge1|edge2|edge3,3,22.419222,64.687192,106,,f68d3a56a8b372110adb0609644ee820cc2af42e928c009699efee64cbd66b70,completed,False,,,
owlrl,3,100,7021,EXT-Q36,context_zones,core,authority_key:http://example.org/smartcity#UserA,data_owner,confidential,single,edge1,1,21.226852,21.226852,1,,b691a10c930fd32c789bb07f0f1fd7d606e3241b1fbe110ce3bb9c0f5b95cd37,completed,False,,,
owlrl,3,100,7021,EXT-Q37,context_zones,domain,authorities,data_owner,restricted,set_union,edge1|edge2|edge3,3,64.013018,181.923406,0,,e3b0c44298fc1c149afbf4c8996fb92427ae41e4649b934ca495991b7852b855,completed,False,,,
owlrl,3,100,7021,EXT-Q38,context_zones,domain,authorities,data_owner,restricted,set_union,edge1|edge2|edge3,3,35.750148,106.489433,1,,d0d58146bc80e4e03947b8200631e8b89fdb27ee77b2a31daf4bee1a10c44367,completed,False,,,
owlrl,3,100,7021,EXT-Q39,context_zones,core,authority_key:http://example.org/smartcity#UserA,data_owner,confidential,single,edge1,1,15.269111,15.269111,5,,1ca154c8210da56b45e42825f86a318f53dc0325a456648a0db2cbcced59de18,completed,False,,,
owlrl,3,100,7021,EXT-Q40,trust,core,fog,regional,internal,single,fog,1,28.655778,28.655778,8,,668e8d3da023436e0b3b53c5f12489c55929c5346903d5c0b7b1b992f823f8df,completed,False,,,
owlrl,3,100,7021,EXT-Q41,trust,core,fog,regional,internal,single,fog,1,25.663611,25.663611,0,,e3b0c44298fc1c149afbf4c8996fb92427ae41e4649b934ca495991b7852b855,completed,False,,,
owlrl,3,100,7021,EXT-Q42,trust,core,fog,regional,internal,single,fog,1,20.175315,20.175315,5,,a936f8276a646c3f47213c62eb605f825d8fee770920c38f095ae922a5febc96,completed,False,,,
owlrl,3,100,7021,EXT-Q43,trust,core,fog,regional,internal,single,fog,1,32.20587,32.20587,8,,b194843fbc8955399d428ae6e4e9bb4101fe20226aa76f0f1491397c8ce797c2,completed,False,,,
owlrl,3,100,7021,EXT-Q44,trust,core,authorities,data_owner,confidential,set_union,edge1|edge2|edge3,3,23.407574,62.934469,10,,106b6808e582efd6a78626f18c7807191e7a08ebe629f87847227d80e6ce6f19,completed,False,,,
owlrl,3,100,7021,EXT-Q45,trust,core,authorities,data_owner,confidential,set_union,edge1|edge2|edge3,3,46.717074,137.527149,0,,e3b0c44298fc1c149afbf4c8996fb92427ae41e4649b934ca495991b7852b855,completed,False,,,
owlrl,3,100,7021,EXT-Q46,decision,core,authorities,data_owner,confidential,set_union,edge1|edge2|edge3,3,32.503648,86.074292,11,,497649f7b7fb5bb312db17c133552fcb5363c177bcdf3a7d4da3f9e09d27ef3a,completed,False,,,
owlrl,3,100,7021,EXT-Q47,decision,core,authorities,data_owner,confidential,set_union,edge1|edge2|edge3,3,37.995889,95.753481,0,,e3b0c44298fc1c149afbf4c8996fb92427ae41e4649b934ca495991b7852b855,completed,False,,,
owlrl,3,100,7021,EXT-Q48,decision,core,authorities,data_owner,confidential,set_union,edge1|edge2|edge3,3,33.250963,96.361818,0,,e3b0c44298fc1c149afbf4c8996fb92427ae41e4649b934ca495991b7852b855,completed,False,,,
owlrl,3,100,7021,EXT-Q49,decision,core,authorities,data_owner,confidential,set_union,edge1|edge2|edge3,3,27.956833,78.611513,8,,61a1a998385e4071933469d06cffd5e2cd092016daefcdce08d2e38a8bf4d078,completed,False,,,
owlrl,3,100,7021,EXT-Q50,decision,core,authorities,data_owner,confidential,set_union,edge1|edge2|edge3,3,32.854,98.266559,0,,e3b0c44298fc1c149afbf4c8996fb92427ae41e4649b934ca495991b7852b855,completed,False,,,
owlrl,3,100,7021,EXT-Q51,decision,core,authorities,data_owner,confidential,set_union,edge1|edge2|edge3,3,31.805055,77.69163900000001,32,,d96e9e0968e2bb5a55d9ce98a9e9522d5cb6082d083dcb5d8b65c30d87614d48,completed,False,,,
owlrl,3,100,7021,EXT-Q52,decision,core,authorities,data_owner,confidential,set_union,edge1|edge2|edge3,3,30.399074,73.747083,32,,e4cc722951be46789eb75264501a53ba96774192510017491e856efc76f0aa19,completed,False,,,
owlrl,3,100,7021,EXT-Q53,decision,core,authorities,data_owner,confidential,set_union,edge1|edge2|edge3,3,50.649407,147.81253999999998,0,,e3b0c44298fc1c149afbf4c8996fb92427ae41e4649b934ca495991b7852b855,completed,False,,,
owlrl,3,100,7021,EXT-Q54,decision,domain,authorities,data_owner,restricted,set_union,edge1|edge2|edge3,3,38.160833,109.018228,0,,e3b0c44298fc1c149afbf4c8996fb92427ae41e4649b934ca495991b7852b855,completed,False,,,
owlrl,3,100,7021,EXT-Q55,decision,core,authorities,data_owner,confidential,set_union,edge1|edge2|edge3,3,21.034537,59.193246,8,,8c3e48566f94616cee569d9b5812ba30ec566c1adc22c2c92d13749c523df534,completed,False,,,
owlrl,3,100,7021,EXT-Q56,decision,core,authorities,data_owner,confidential,set_union,edge1|edge2|edge3,3,49.660481,145.884005,0,,e3b0c44298fc1c149afbf4c8996fb92427ae41e4649b934ca495991b7852b855,completed,False,,,
owlrl,3,100,7021,EXT-Q57,decision,core,authorities,data_owner,confidential,set_union,edge1|edge2|edge3,3,18.938209,56.082024000000004,7,,058d2944c03f01a48917edc20c871d5f86e2b184778cd894bf433e94a8ffca12,completed,False,,,
owlrl,3,100,7021,EXT-Q58,decision,core,authorities,data_owner,confidential,set_union,edge1|edge2|edge3,3,29.832667,88.10701900000001,7,,5a003716962d1299d69dd1de460f6a48eb40b34fbbb1eeb486379f039621a795,completed,False,,,
owlrl,3,100,7021,EXT-Q59,adaptation,core,authorities,data_owner,confidential,set_union,edge1|edge2|edge3,3,67.234889,142.610233,35,,a67f4df76b0ad2595fa03a50ef968560610616068e1b79b7d520849c791090ca,completed,False,,,
owlrl,3,100,7021,EXT-Q60,adaptation,core,authorities,data_owner,confidential,set_union,edge1|edge2|edge3,3,28.782925,81.06224,1,,285931564bf116179a45da920fdf958a3347ea1df763213bb7e2afba77c47d16,completed,False,,,
owlrl,3,100,7021,EXT-Q61,adaptation,core,authorities,data_owner,confidential,set_union,edge1|edge2|edge3,3,8.390066,24.26614,0,,e3b0c44298fc1c149afbf4c8996fb92427ae41e4649b934ca495991b7852b855,completed,False,,,
owlrl,3,100,7021,EXT-Q62,adaptation,core,authorities,data_owner,confidential,set_union,edge1|edge2|edge3,3,22.96024,66.539211,1,,3dafef0eca79c68f05b79939f40198bc13232639d500d3e9875bc263b0f00d4d,completed,False,,,
owlrl,3,100,7021,EXT-Q63,delegation,core,authorities,data_owner,confidential,set_union,edge1|edge2|edge3,3,24.850444,71.946417,1,,d4b4c3785ae985658dfc4a4433dd002e5aec5a2321080af4e85474c06a3404f5,completed,False,,,
owlrl,3,100,7021,EXT-Q64,delegation,core,authorities,data_owner,confidential,set_union,edge1|edge2|edge3,3,21.22363,61.148229,0,,e3b0c44298fc1c149afbf4c8996fb92427ae41e4649b934ca495991b7852b855,completed,False,,,
owlrl,3,100,7021,EXT-Q65,delegation,core,authorities,data_owner,confidential,set_union,edge1|edge2|edge3,3,12.836463,38.121923,0,,e3b0c44298fc1c149afbf4c8996fb92427ae41e4649b934ca495991b7852b855,completed,False,,,
owlrl,3,100,7021,EXT-Q66,federation,core,authorities,data_owner,confidential,set_union,edge1|edge2|edge3,3,25.500592,72.527713,2,,1a9af60cfbb87dd79b68021c3d70e1ee6f230e648f1ad6360ef50fffd374b4df,completed,False,,,
owlrl,3,100,7021,EXT-Q67,federation,core,authorities,data_owner,confidential,set_union,edge1|edge2|edge3,3,39.749611,117.54466,0,,e3b0c44298fc1c149afbf4c8996fb92427ae41e4649b934ca495991b7852b855,completed,False,,,
owlrl,3,100,7021,EXT-Q68,federation,core,authorities,data_owner,confidential,set_union,edge1|edge2|edge3,3,25.884814,74.921289,0,,e3b0c44298fc1c149afbf4c8996fb92427ae41e4649b934ca495991b7852b855,completed,False,,,
owlrl,3,100,7021,EXT-Q69,federation,core,authorities,data_owner,confidential,set_union,edge1|edge2|edge3,3,28.633203,81.928347,2,,8271d93912e320b11a3ca6d70e5061d5132abb26053b022198090871531d61eb,completed,False,,,
owlrl,3,100,7021,EXT-Q70,audit_temporal,core,authorities,data_owner,confidential,set_union,edge1|edge2|edge3,3,109.914871,180.857914,204,,01824916f48e90d6c6df066f2950c4d8a2e2d6f71ba4af556d43e8921ae41930,completed,False,,,
owlrl,3,100,7021,EXT-Q71,audit_temporal,core,authorities,data_owner,confidential,set_union,edge1|edge2|edge3,3,41.894037,110.72809899999999,0,,e3b0c44298fc1c149afbf4c8996fb92427ae41e4649b934ca495991b7852b855,completed,False,,,
owlrl,3,100,7021,EXT-Q72,audit_temporal,core,authorities,data_owner,confidential,set_union,edge1|edge2|edge3,3,29.100463,81.830588,0,,e3b0c44298fc1c149afbf4c8996fb92427ae41e4649b934ca495991b7852b855,completed,False,,,
owlrl,3,100,7021,EXT-Q73,audit_temporal,core,authorities,data_owner,confidential,set_union,edge1|edge2|edge3,3,276.331889,756.597854,1010,,8063e96114d0974d3751ccec20b20889462cf9f199bff40c10b7b815850c2cba,completed,False,,,
owlrl,3,100,7021,EXT-Q74,audit_temporal,core,authorities,data_owner,confidential,set_union,edge1|edge2|edge3,3,387.826574,1066.841572,0,,e3b0c44298fc1c149afbf4c8996fb92427ae41e4649b934ca495991b7852b855,completed,False,,,
owlrl,3,100,7021,EXT-Q75,validation,core,cloud,global,internal,single,cloud,1,17.771986,17.771986,74,,8dd432df42d733f2411b2aebc51682848ddadc97425c41088f0a99090f77f1c0,completed,False,,,
owlrl,3,100,7021,EXT-Q76,validation,core,cloud,global,internal,single,cloud,1,23.671283,23.671283,9,,50bf3d3f7f446e045722279f6d243ecc804cd2cf73b381d9c89f530b567855ea,completed,False,,,
owlrl,3,100,7021,EXT-Q77,validation,core,cloud,global,internal,single,cloud,1,10.555542,10.555542,6,,ba52fb52449a77784e328f0aaa19807ddd9156c7457ea722a8af2f2082dce9ad,completed,False,,,
owlrl,3,100,7021,EXT-Q78,policy_governance,core,cloud,global,internal,single,cloud,1,12.623052,12.623052,37,,dc49d089c1cfb621b31177ad5794c8ca7638f40689eba56af4f4ea2a38c683f1,completed,False,,,
owlrl,3,100,7021,EXT-Q79,policy_governance,core,cloud,global,internal,single,cloud,1,10.28322,10.28322,0,,e3b0c44298fc1c149afbf4c8996fb92427ae41e4649b934ca495991b7852b855,completed,False,,,
owlrl,3,100,7021,EXT-Q80,validation,core,cloud,global,internal,single,cloud,1,32.061245,32.061245,13,,7b81a06628b0ed47983abd578c902f47906271bc5a38f63144daa74510daf865,completed,False,,,
rdfs_owlrl,1,100,7021,BASE-Q01,identity_consent,core,authorities,data_owner,confidential,set_union,edge1|edge2|edge3,3,197.5755,282.959998,104,,7a332083bdc04cec27394e5cf23941c792d1de0c41d27f4134d42e1cea73f268,completed,False,,,
rdfs_owlrl,1,100,7021,BASE-Q02,topology,core,authority_key:http://example.org/smartcity#UserB,data_owner,confidential,single,edge2,1,24.405815,24.405815,11,,363f868a57a5e5f601b8d524b05460273fbf45427eb805af595f694133371b51,completed,False,,,
rdfs_owlrl,1,100,7021,BASE-Q03,wellbeing,domain,authorities,data_owner,restricted,set_union,edge1|edge2|edge3,3,33.20287,97.808651,104,,0f2929f844a525d68830fa50f52519857f1dd010ded0bf5e04d4a24c86c05552,completed,False,,,
rdfs_owlrl,1,100,7021,BASE-Q04,decision,core,authority_key:http://example.org/smartcity#UserB,data_owner,confidential,single,edge2,1,22.199815,22.199815,7,,cc222a87554e870ffae43cba023647670c0589b8ec1b4500dd1d797a399c3bf2,completed,False,,,
rdfs_owlrl,1,100,7021,BASE-Q05,wellbeing,domain,authorities,data_owner,restricted,set_union,edge1|edge2|edge3,3,20.357352,56.236504999999994,5,,4b096b851fd9e6935d2e2e6c7bd57464c473db58008af4b34e60338033a84d23,completed,False,,,
rdfs_owlrl,1,100,7021,BASE-Q06,identity_consent,core,cloud,global,internal,single,cloud,1,3.845703,3.845703,10,,f8aebcef3bdb5c68142d34426190fd6a36c4b31394471c9c7602e6c19e67ff84,completed,False,,,
rdfs_owlrl,1,100,7021,BASE-Q07,observability,core,fog,regional,internal,single,fog,1,55.080222,55.080222,8,,ca2b51bfcca172872762ed97ca97be2a1dcd2b9c7281006f9eb3bccef56ed28e,completed,False,,,
rdfs_owlrl,1,100,7021,BASE-Q08,observability,core,fog,regional,internal,single,fog,1,37.318204,37.318204,2,,6527f1e187dfa51f5dc78e109fe2d9fb47aed82a4ec8f897d1dda6ee6850aa0a,completed,False,,,
rdfs_owlrl,1,100,7021,BASE-Q09,wellbeing,domain,authorities,data_owner,restricted,set_union,edge1|edge2|edge3,3,40.742445,117.89299199999999,106,,2f052795c45af5c73a4ed56c6d53f566c3a6a97f8e256bd42d191c915baca6ff,completed,False,,,
rdfs_owlrl,1,100,7021,BASE-Q10,observability,domain,authorities,data_owner,restricted,set_union,edge1|edge2|edge3,3,54.803926,160.397585,104,,e6e6be0bea1007e8a0a509db5dd6923dbe3b169736a394cf93f38246d8a7dca8,completed,False,,,
rdfs_owlrl,1,100,7021,BASE-Q11,wellbeing,core,authority_key:http://example.org/smartcity#UserA,data_owner,confidential,single,edge1,1,14.786574,14.786574,1,,941d461ce01f2fa52ba95291e46e52524d75bd44e2b938eab7e81404936a8b7c,completed,False,,,
rdfs_owlrl,1,100,7021,BASE-Q12,adaptation,core,authorities,data_owner,confidential,set_union,edge1|edge2|edge3,3,14.095166,41.963518,1,,ddcd6b8cd42f3d2e1f6aa052eeeca5d4423f9db85cdc91915481db3956dfffff,completed,False,,,
rdfs_owlrl,1,100,7021,BASE-Q13,adaptation,core,authorities,data_owner,confidential,set_union,edge1|edge2|edge3,3,18.458833,53.923466,1,,25e56d4be1969d1d6de5386e2c3ff26456f8069edb7847a9dc7e32a9b09c8948,completed,False,,,
rdfs_owlrl,1,100,7021,BASE-Q14,delegation,core,authority_key:http://example.org/smartcity#UserA,data_owner,confidential,single,edge1,1,17.194074,17.194074,1,,dcd8c3258e95549dde016df10cf22183c036214d75d30e686ca7ac2fb5ea3271,completed,False,,,
rdfs_owlrl,1,100,7021,BASE-Q15,identity_consent,core,authorities,data_owner,confidential,set_union,edge1|edge2|edge3,3,12.177741,34.919163,1,,7ac55bded7c8d1294bfcac4ddeb28b5921a8083a19185e216bf5d1c0d62bd370,completed,False,,,
rdfs_owlrl,1,100,7021,BASE-Q16,federation,core,authorities,data_owner,confidential,set_union,edge1|edge2|edge3,3,26.814704,74.93710300000001,3,,550eeca87dc96402bbed090f1737eaacfb6b27d2290401797018cbcf303b8147,completed,False,,,
rdfs_owlrl,1,100,7021,BASE-Q17,context_zones,domain,authorities,data_owner,restricted,set_union,edge1|edge2|edge3,3,18.134653,52.938320000000004,1,,50b7b5a085e0802a1897953a959e0c9ea4c5f943dc26de55b2219ea7deac4b89,completed,False,,,
rdfs_owlrl,1,100,7021,BASE-Q18,context_zones,core,authorities,data_owner,confidential,set_union,edge1|edge2|edge3,3,10.30629,30.466735,1,,200d4d55bb0d8b9374961d2df3fa99d83d8caf54dc79a7784bb84dd44b081eda,completed,False,,,
rdfs_owlrl,1,100,7021,BASE-Q19,decision,core,fog,regional,internal,single,fog,1,35.087648,35.087648,5,,14ff5f393f619913b6627f132ac802eb3d0b2560e5619a0d995e34dac1f39b45,completed,False,,,
rdfs_owlrl,1,100,7021,BASE-Q20,identity_consent,domain,authorities,data_owner,restricted,set_union,edge1|edge2|edge3,3,42.48224,124.05705,104,,80c72d53f7954de49ca8c6c413b59e0b475eda97cf0ca823b08155ca43c94d68,completed,False,,,
rdfs_owlrl,1,100,7021,BASE-Q21,decision,core,authorities,data_owner,confidential,set_union,edge1|edge2|edge3,3,32.359722,85.068847,11,,7fc13e36a90de226eedecbd26ccd453be5ba11798c2c5af4a7d857a15cbb7e1e,completed,False,,,
rdfs_owlrl,1,100,7021,BASE-Q22,adaptation,core,authorities,data_owner,confidential,set_union,edge1|edge2|edge3,3,25.016605,72.218476,3,,70205401426a8e8adbf4220710b3638c6a47af2e7e7264f0b771b1bcbb070e80,completed,False,,,
rdfs_owlrl,1,100,7021,BASE-Q23,topology,core,authorities,data_owner,confidential,set_union,edge1|edge2|edge3,3,36.451685,107.832193,101,,0bee89d20c1ee8a1d30f5f49705252478356280884ac29a85e9d22cae3d943b7,completed,False,,,
rdfs_owlrl,1,100,7021,BASE-Q24,federation,core,authorities,data_owner,confidential,set_union,edge1|edge2|edge3,3,30.687352,81.86229,5,,0d4871d54d4eadbfa110f9223c2a6b641ea8c65326db34ade1288d5eab5ceb54,completed,False,,,
rdfs_owlrl,1,100,7021,BASE-Q25,identity_consent,core,authorities,data_owner,confidential,set_union,edge1|edge2|edge3,3,14.504704,41.511203,1,,4591a69ecb6837fd65b28a9688ad10f0fb7b8ca54c1a6ac395ef142fc831cfbf,completed,False,,,
rdfs_owlrl,1,100,7021,BASE-Q26,observability,core,fog,regional,internal,boolean_or,fog,1,9.053389,9.053389,1,True,35df7182aa6c75e0a1066245f679b81ec9ad05e9964a0684980a466c9cc63ac4,completed,False,,,
rdfs_owlrl,1,100,7021,BASE-Q27,adaptation,core,authorities,data_owner,confidential,boolean_or,edge1|edge2|edge3,3,8.947166,25.800288,1,True,35df7182aa6c75e0a1066245f679b81ec9ad05e9964a0684980a466c9cc63ac4,completed,False,,,
rdfs_owlrl,1,100,7021,BASE-Q28,identity_consent,domain,authorities,data_owner,restricted,boolean_or,edge1|edge2|edge3,3,65.891093,151.741647,0,False,92b91e0dd8f69dcc43f3c56062f944147504cf0d80f20c98005fda34c727fd7e,completed,False,,,
rdfs_owlrl,1,100,7021,BASE-Q29,topology,core,fog,regional,internal,boolean_or,fog,1,14.623055,14.623055,1,True,35df7182aa6c75e0a1066245f679b81ec9ad05e9964a0684980a466c9cc63ac4,completed,False,,,
rdfs_owlrl,1,100,7021,BASE-Q30,federation,core,authorities,data_owner,confidential,boolean_or,edge1|edge2|edge3,3,7.255342,21.027656999999998,1,True,35df7182aa6c75e0a1066245f679b81ec9ad05e9964a0684980a466c9cc63ac4,completed,False,,,
rdfs_owlrl,1,100,7021,BASE-Q31,identity_consent,core,cloud,global,internal,single,cloud,1,4.684813,4.684813,3,,66874cf8756143b9365cd0ce258e694f4e2eaf6ea8e73bc6693fe83bc83ed3f4,completed,False,,,
rdfs_owlrl,1,100,7021,BASE-Q32,decision,core,fog,regional,internal,single,fog,1,16.120741,16.120741,4,,b91031de6b6257d2428b9195175f3c860291b874d6603c50eb4713a1b65b2628,completed,False,,,
rdfs_owlrl,1,100,7021,BASE-Q33,observability,core,authority_key:http://example.org/smartcity#UserB,data_owner,confidential,single,edge2,1,24.724389,24.724389,6,,590b19873c6fa442afdadbc8ed5ebb9588a33006923bfed39c1b6215b8f0bb25,completed,False,,,
rdfs_owlrl,1,100,7021,BASE-Q34,topology,core,fog,regional,internal,single,fog,1,17.177796,17.177796,1,,7c66062f36ae31e8068455da76c0bb4f918e7f6b8ecee7cd8a7946f3b6047884,completed,False,,,
rdfs_owlrl,1,100,7021,BASE-Q35,delegation,core,authorities,data_owner,confidential,set_union,edge1|edge2|edge3,3,62.747223,122.664853,223,,3ba95108702ca49a42a1e72048de1f35e44f82ca800d0df0555dfd01224572cd,completed,False,,,
rdfs_owlrl,1,100,7021,EXT-Q01,semantic_schema,core,cloud,global,internal,single,cloud,1,6.295604,6.295604,6,,66d5edbbdc2282624ffec271a4a523a20fdc7331b886d2884edf86a885532bcc,completed,False,,,
rdfs_owlrl,1,100,7021,EXT-Q02,semantic_schema,core,cloud,global,internal,single,cloud,1,4.80643,4.80643,3,,81bea9a8c2d4cf1237d7fb131249cc18ec4ca629eeabaadbd5f0b9b58d3e3333,completed,False,,,
rdfs_owlrl,1,100,7021,EXT-Q03,policy_governance,core,cloud,global,internal,single,cloud,1,18.975374,18.975374,79,,d73ae3d5ddfcd345147bae778101c21ab13194fca3fa92ad08259d39931b66d5,completed,False,,,
rdfs_owlrl,1,100,7021,EXT-Q04,policy_governance,core,cloud,global,internal,single,cloud,1,13.757229,13.757229,55,,fced7e97d29b215a8321753998b7519dc1825dacc4af090c67ffc54bee4479bc,completed,False,,,
rdfs_owlrl,1,100,7021,EXT-Q05,semantic_schema,core,cloud,global,internal,single,cloud,1,19.169943,19.169943,17,,e0fc9190703b6a7b2695ddc448f5c7e54c4feeff2545477c3194ebfd8ccb1f0c,completed,False,,,
rdfs_owlrl,1,100,7021,EXT-Q06,semantic_schema,core,cloud,global,internal,single,cloud,1,3.483604,3.483604,12,,1377568d225cfb45a1899c2ea951adf7ebda5ada4e188dbf5f114110484fa3ae,completed,False,,,
rdfs_owlrl,1,100,7021,EXT-Q07,policy_governance,core,cloud,global,internal,single,cloud,1,9.19931,9.19931,67,,c3cf27e703656fdaa8295f23b31076c1afcb14a5022b1b47538e2961fe033646,completed,False,,,
rdfs_owlrl,1,100,7021,EXT-Q08,policy_governance,core,cloud,global,internal,single,cloud,1,65.221569,65.221569,1089,,cb9e0103c9327f1c4691ec9d7612deebd04c0e73140f23e2a6209bb8af1efc51,completed,False,,,
rdfs_owlrl,1,100,7021,EXT-Q09,policy_governance,core,cloud,global,internal,single,cloud,1,14.041754,14.041754,6,,68de07660e010156bf3f3ea01000180657c8e8fc155ac9a053c3a64dbc538102,completed,False,,,
rdfs_owlrl,1,100,7021,EXT-Q10,policy_governance,core,cloud,global,internal,single,cloud,1,54.834759,54.834759,0,,e3b0c44298fc1c149afbf4c8996fb92427ae41e4649b934ca495991b7852b855,completed,False,,,
rdfs_owlrl,1,100,7021,EXT-Q11,identity_consent,core,authorities,data_owner,confidential,set_union,edge1|edge2|edge3,3,187.419123,266.95286200000004,125,,d10f1a5cd8517d29f509a64e5fda02dd5a7dd6efad8bfa95a5d0644b462177b0,completed,False,,,
rdfs_owlrl,1,100,7021,EXT-Q12,identity_consent,core,authorities,data_owner,confidential,set_union,edge1|edge2|edge3,3,42.583963,119.49684500000001,128,,0444374ff467f047d001f046d64d1a86263d42f4d4185f8bd16178a3aac1262d,completed,False,,,
rdfs_owlrl,1,100,7021,EXT-Q13,identity_consent,core,authorities,data_owner,confidential,set_union,edge1|edge2|edge3,3,45.112074,131.237276,0,,e3b0c44298fc1c149afbf4c8996fb92427ae41e4649b934ca495991b7852b855,completed,False,,,
rdfs_owlrl,1,100,7021,EXT-Q14,identity_consent,core,authorities,data_owner,confidential,set_union,edge1|edge2|edge3,3,44.477704,130.075017,0,,e3b0c44298fc1c149afbf4c8996fb92427ae41e4649b934ca495991b7852b855,completed,False,,,
rdfs_owlrl,1,100,7021,EXT-Q15,identity_consent,core,authorities,data_owner,confidential,set_union,edge1|edge2|edge3,3,118.603037,336.75615500000004,0,,e3b0c44298fc1c149afbf4c8996fb92427ae41e4649b934ca495991b7852b855,completed,False,,,
rdfs_owlrl,1,100,7021,EXT-Q16,identity_consent,core,authorities,data_owner,confidential,set_union,edge1|edge2|edge3,3,53.051815,155.13022999999998,0,,e3b0c44298fc1c149afbf4c8996fb92427ae41e4649b934ca495991b7852b855,completed,False,,,
rdfs_owlrl,1,100,7021,EXT-Q17,identity_consent,core,authorities,data_owner,confidential,set_union,edge1|edge2|edge3,3,28.982611,74.722492,8,,3071bd3ad9cc1daac2632f317152a64e2d9d9e0d189068465ece1f8c3872334f,completed,False,,,
rdfs_owlrl,1,100,7021,EXT-Q18,identity_consent,core,authorities,data_owner,confidential,set_union,edge1|edge2|edge3,3,53.830296,150.894893,0,,e3b0c44298fc1c149afbf4c8996fb92427ae41e4649b934ca495991b7852b855,completed,False,,,
rdfs_owlrl,1,100,7021,EXT-Q19,identity_consent,core,authorities,data_owner,confidential,set_union,edge1|edge2|edge3,3,52.221129,150.090838,0,,e3b0c44298fc1c149afbf4c8996fb92427ae41e4649b934ca495991b7852b855,completed,False,,,
rdfs_owlrl,1,100,7021,EXT-Q20,identity_consent,core,authorities,data_owner,confidential,set_union,edge1|edge2|edge3,3,13.087389,38.247256,0,,e3b0c44298fc1c149afbf4c8996fb92427ae41e4649b934ca495991b7852b855,completed,False,,,
rdfs_owlrl,1,100,7021,EXT-Q21,identity_consent,core,authorities,data_owner,confidential,set_union,edge1|edge2|edge3,3,26.515685,73.600047,69,,e470cf117e15674f2b501e1b85b0e980f2f2238a5932233d053101e7748e48c4,completed,False,,,
rdfs_owlrl,1,100,7021,EXT-Q22,security_identity,domain,authorities,data_owner,restricted,set_union,edge1|edge2|edge3,3,332.8445,963.2330830000001,0,,e3b0c44298fc1c149afbf4c8996fb92427ae41e4649b934ca495991b7852b855,completed,False,,,
rdfs_owlrl,1,100,7021,EXT-Q23,data_lifecycle,core,authorities,data_owner,confidential,set_union,edge1|edge2|edge3,3,25.742018,73.983828,3,,3955e7b96dea26719774b2d2a200be73c38cf84521f9352a6b96ed1af0a71d7a,completed,False,,,
rdfs_owlrl,1,100,7021,EXT-Q24,data_lifecycle,core,authorities,data_owner,confidential,set_union,edge1|edge2|edge3,3,47.728167,137.916261,102,,9106f5862cc8600b6d5ae37435c36d2734394a0ad4470feea1fb4f9925aa6872,completed,False,,,
rdfs_owlrl,1,100,7021,EXT-Q25,data_lifecycle,domain,authorities,data_owner,restricted,set_union,edge1|edge2|edge3,3,74.346241,215.529421,0,,e3b0c44298fc1c149afbf4c8996fb92427ae41e4649b934ca495991b7852b855,completed,False,,,
rdfs_owlrl,1,100,7021,EXT-Q26,security_identity,core,authorities,data_owner,confidential,set_union,edge1|edge2|edge3,3,46.698111,135.912925,104,,d032cc59f511f29f0ba5b4a8ec962dbd24952b8594d3e52130be63c2cf3e33dd,completed,False,,,
rdfs_owlrl,1,100,7021,EXT-Q27,security_identity,core,authorities,data_owner,confidential,set_union,edge1|edge2|edge3,3,49.38674,120.250229,0,,e3b0c44298fc1c149afbf4c8996fb92427ae41e4649b934ca495991b7852b855,completed,False,,,
rdfs_owlrl,1,100,7021,EXT-Q28,security_identity,core,authorities,data_owner,confidential,set_union,edge1|edge2|edge3,3,232.7055,271.346264,0,,e3b0c44298fc1c149afbf4c8996fb92427ae41e4649b934ca495991b7852b855,completed,False,,,
rdfs_owlrl,1,100,7021,EXT-Q29,security_identity,core,cloud,global,internal,single,cloud,1,2.995864,2.995864,1,,5e56d4b1c34d01016304a6e8bc0397a3d6e7898ce43942ff1b6aab07b06810f2,completed,False,,,
rdfs_owlrl,1,100,7021,EXT-Q30,security_identity,core,cloud,global,internal,single,cloud,1,2.607942,2.607942,0,,e3b0c44298fc1c149afbf4c8996fb92427ae41e4649b934ca495991b7852b855,completed,False,,,
rdfs_owlrl,1,100,7021,EXT-Q31,data_lifecycle,core,authorities,data_owner,confidential,set_union,edge1|edge2|edge3,3,19.679796,55.673261999999994,0,,e3b0c44298fc1c149afbf4c8996fb92427ae41e4649b934ca495991b7852b855,completed,False,,,
rdfs_owlrl,1,100,7021,EXT-Q32,data_lifecycle,core,authorities,data_owner,confidential,set_union,edge1|edge2|edge3,3,11.084851,33.074105,0,,e3b0c44298fc1c149afbf4c8996fb92427ae41e4649b934ca495991b7852b855,completed,False,,,
rdfs_owlrl,1,100,7021,EXT-Q33,data_lifecycle,core,authorities,data_owner,confidential,set_union,edge1|edge2|edge3,3,21.840167,65.283601,0,,e3b0c44298fc1c149afbf4c8996fb92427ae41e4649b934ca495991b7852b855,completed,False,,,
rdfs_owlrl,1,100,7021,EXT-Q34,data_lifecycle,core,authorities,data_owner,confidential,set_union,edge1|edge2|edge3,3,19.101704,56.207542000000004,0,,e3b0c44298fc1c149afbf4c8996fb92427ae41e4649b934ca495991b7852b855,completed,False,,,
rdfs_owlrl,1,100,7021,EXT-Q35,data_lifecycle,core,authorities,data_owner,confidential,set_union,edge1|edge2|edge3,3,22.670112,65.469786,106,,f68d3a56a8b372110adb0609644ee820cc2af42e928c009699efee64cbd66b70,completed,False,,,
rdfs_owlrl,1,100,7021,EXT-Q36,context_zones,core,authority_key:http://example.org/smartcity#UserA,data_owner,confidential,single,edge1,1,21.434204,21.434204,1,,b691a10c930fd32c789bb07f0f1fd7d606e3241b1fbe110ce3bb9c0f5b95cd37,completed,False,,,
rdfs_owlrl,1,100,7021,EXT-Q37,context_zones,domain,authorities,data_owner,restricted,set_union,edge1|edge2|edge3,3,63.983888,182.884889,0,,e3b0c44298fc1c149afbf4c8996fb92427ae41e4649b934ca495991b7852b855,completed,False,,,
rdfs_owlrl,1,100,7021,EXT-Q38,context_zones,domain,authorities,data_owner,restricted,set_union,edge1|edge2|edge3,3,35.4161,106.006433,1,,d0d58146bc80e4e03947b8200631e8b89fdb27ee77b2a31daf4bee1a10c44367,completed,False,,,
rdfs_owlrl,1,100,7021,EXT-Q39,context_zones,core,authority_key:http://example.org/smartcity#UserA,data_owner,confidential,single,edge1,1,15.182963,15.182963,5,,1ca154c8210da56b45e42825f86a318f53dc0325a456648a0db2cbcced59de18,completed,False,,,
rdfs_owlrl,1,100,7021,EXT-Q40,trust,core,fog,regional,internal,single,fog,1,28.067649,28.067649,8,,668e8d3da023436e0b3b53c5f12489c55929c5346903d5c0b7b1b992f823f8df,completed,False,,,
rdfs_owlrl,1,100,7021,EXT-Q41,trust,core,fog,regional,internal,single,fog,1,24.887259,24.887259,0,,e3b0c44298fc1c149afbf4c8996fb92427ae41e4649b934ca495991b7852b855,completed,False,,,
rdfs_owlrl,1,100,7021,EXT-Q42,trust,core,fog,regional,internal,single,fog,1,22.681703,22.681703,5,,a936f8276a646c3f47213c62eb605f825d8fee770920c38f095ae922a5febc96,completed,False,,,
rdfs_owlrl,1,100,7021,EXT-Q43,trust,core,fog,regional,internal,single,fog,1,31.939149,31.939149,8,,b194843fbc8955399d428ae6e4e9bb4101fe20226aa76f0f1491397c8ce797c2,completed,False,,,
rdfs_owlrl,1,100,7021,EXT-Q44,trust,core,authorities,data_owner,confidential,set_union,edge1|edge2|edge3,3,23.472778,62.39609900000001,10,,106b6808e582efd6a78626f18c7807191e7a08ebe629f87847227d80e6ce6f19,completed,False,,,
rdfs_owlrl,1,100,7021,EXT-Q45,trust,core,authorities,data_owner,confidential,set_union,edge1|edge2|edge3,3,46.386129,137.37315,0,,e3b0c44298fc1c149afbf4c8996fb92427ae41e4649b934ca495991b7852b855,completed,False,,,
rdfs_owlrl,1,100,7021,EXT-Q46,decision,core,authorities,data_owner,confidential,set_union,edge1|edge2|edge3,3,32.454593,85.680088,11,,497649f7b7fb5bb312db17c133552fcb5363c177bcdf3a7d4da3f9e09d27ef3a,completed,False,,,
rdfs_owlrl,1,100,7021,EXT-Q47,decision,core,authorities,data_owner,confidential,set_union,edge1|edge2|edge3,3,37.916037,95.63351800000001,0,,e3b0c44298fc1c149afbf4c8996fb92427ae41e4649b934ca495991b7852b855,completed,False,,,
rdfs_owlrl,1,100,7021,EXT-Q48,decision,core,authorities,data_owner,confidential,set_union,edge1|edge2|edge3,3,32.781981,93.827019,0,,e3b0c44298fc1c149afbf4c8996fb92427ae41e4649b934ca495991b7852b855,completed,False,,,
rdfs_owlrl,1,100,7021,EXT-Q49,decision,core,authorities,data_owner,confidential,set_union,edge1|edge2|edge3,3,28.075963,77.57260600000001,8,,61a1a998385e4071933469d06cffd5e2cd092016daefcdce08d2e38a8bf4d078,completed,False,,,
rdfs_owlrl,1,100,7021,EXT-Q50,decision,core,authorities,data_owner,confidential,set_union,edge1|edge2|edge3,3,33.105352,99.18237500000001,0,,e3b0c44298fc1c149afbf4c8996fb92427ae41e4649b934ca495991b7852b855,completed,False,,,
rdfs_owlrl,1,100,7021,EXT-Q51,decision,core,authorities,data_owner,confidential,set_union,edge1|edge2|edge3,3,31.602166,78.81695400000001,32,,d96e9e0968e2bb5a55d9ce98a9e9522d5cb6082d083dcb5d8b65c30d87614d48,completed,False,,,
rdfs_owlrl,1,100,7021,EXT-Q52,decision,core,authorities,data_owner,confidential,set_union,edge1|edge2|edge3,3,30.165889,74.18301,32,,e4cc722951be46789eb75264501a53ba96774192510017491e856efc76f0aa19,completed,False,,,
rdfs_owlrl,1,100,7021,EXT-Q53,decision,core,authorities,data_owner,confidential,set_union,edge1|edge2|edge3,3,52.442018,147.985838,0,,e3b0c44298fc1c149afbf4c8996fb92427ae41e4649b934ca495991b7852b855,completed,False,,,
rdfs_owlrl,1,100,7021,EXT-Q54,decision,domain,authorities,data_owner,restricted,set_union,edge1|edge2|edge3,3,38.451537,111.34147100000001,0,,e3b0c44298fc1c149afbf4c8996fb92427ae41e4649b934ca495991b7852b855,completed,False,,,
rdfs_owlrl,1,100,7021,EXT-Q55,decision,core,authorities,data_owner,confidential,set_union,edge1|edge2|edge3,3,20.740371,59.104635,8,,8c3e48566f94616cee569d9b5812ba30ec566c1adc22c2c92d13749c523df534,completed,False,,,
rdfs_owlrl,1,100,7021,EXT-Q56,decision,core,authorities,data_owner,confidential,set_union,edge1|edge2|edge3,3,50.692889,148.064208,0,,e3b0c44298fc1c149afbf4c8996fb92427ae41e4649b934ca495991b7852b855,completed,False,,,
rdfs_owlrl,1,100,7021,EXT-Q57,decision,core,authorities,data_owner,confidential,set_union,edge1|edge2|edge3,3,19.298963,56.549227,7,,058d2944c03f01a48917edc20c871d5f86e2b184778cd894bf433e94a8ffca12,completed,False,,,
rdfs_owlrl,1,100,7021,EXT-Q58,decision,core,authorities,data_owner,confidential,set_union,edge1|edge2|edge3,3,29.831556,88.862148,7,,5a003716962d1299d69dd1de460f6a48eb40b34fbbb1eeb486379f039621a795,completed,False,,,
rdfs_owlrl,1,100,7021,EXT-Q59,adaptation,core,authorities,data_owner,confidential,set_union,edge1|edge2|edge3,3,73.721481,150.969991,46,,6d76048920e8bb121bc7b88947a49ba8133cedadb9c2c7dcfa1f864eb8cdb281,completed,False,,,
rdfs_owlrl,1,100,7021,EXT-Q60,adaptation,core,authorities,data_owner,confidential,set_union,edge1|edge2|edge3,3,27.032685,77.611365,1,,285931564bf116179a45da920fdf958a3347ea1df763213bb7e2afba77c47d16,completed,False,,,
rdfs_owlrl,1,100,7021,EXT-Q61,adaptation,core,authorities,data_owner,confidential,set_union,edge1|edge2|edge3,3,7.992519,23.543122,0,,e3b0c44298fc1c149afbf4c8996fb92427ae41e4649b934ca495991b7852b855,completed,False,,,
rdfs_owlrl,1,100,7021,EXT-Q62,adaptation,core,authorities,data_owner,confidential,set_union,edge1|edge2|edge3,3,23.142185,66.60423,1,,3dafef0eca79c68f05b79939f40198bc13232639d500d3e9875bc263b0f00d4d,completed,False,,,
rdfs_owlrl,1,100,7021,EXT-Q63,delegation,core,authorities,data_owner,confidential,set_union,edge1|edge2|edge3,3,25.172963,72.32938200000001,1,,d4b4c3785ae985658dfc4a4433dd002e5aec5a2321080af4e85474c06a3404f5,completed,False,,,
rdfs_owlrl,1,100,7021,EXT-Q64,delegation,core,authorities,data_owner,confidential,set_union,edge1|edge2|edge3,3,21.482611,62.371506999999994,0,,e3b0c44298fc1c149afbf4c8996fb92427ae41e4649b934ca495991b7852b855,completed,False,,,
rdfs_owlrl,1,100,7021,EXT-Q65,delegation,core,authorities,data_owner,confidential,set_union,edge1|edge2|edge3,3,12.997368,38.483497,0,,e3b0c44298fc1c149afbf4c8996fb92427ae41e4649b934ca495991b7852b855,completed,False,,,
rdfs_owlrl,1,100,7021,EXT-Q66,federation,core,authorities,data_owner,confidential,set_union,edge1|edge2|edge3,3,25.453222,72.731548,2,,1a9af60cfbb87dd79b68021c3d70e1ee6f230e648f1ad6360ef50fffd374b4df,completed,False,,,
rdfs_owlrl,1,100,7021,EXT-Q67,federation,core,authorities,data_owner,confidential,set_union,edge1|edge2|edge3,3,39.675407,115.45188,0,,e3b0c44298fc1c149afbf4c8996fb92427ae41e4649b934ca495991b7852b855,completed,False,,,
rdfs_owlrl,1,100,7021,EXT-Q68,federation,core,authorities,data_owner,confidential,set_union,edge1|edge2|edge3,3,24.887037,73.501938,0,,e3b0c44298fc1c149afbf4c8996fb92427ae41e4649b934ca495991b7852b855,completed,False,,,
rdfs_owlrl,1,100,7021,EXT-Q69,federation,core,authorities,data_owner,confidential,set_union,edge1|edge2|edge3,3,28.772148,82.46594,2,,8271d93912e320b11a3ca6d70e5061d5132abb26053b022198090871531d61eb,completed,False,,,
rdfs_owlrl,1,100,7021,EXT-Q70,audit_temporal,core,authorities,data_owner,confidential,set_union,edge1|edge2|edge3,3,110.994129,182.433803,204,,01824916f48e90d6c6df066f2950c4d8a2e2d6f71ba4af556d43e8921ae41930,completed,False,,,
rdfs_owlrl,1,100,7021,EXT-Q71,audit_temporal,core,authorities,data_owner,confidential,set_union,edge1|edge2|edge3,3,42.241426,113.048379,0,,e3b0c44298fc1c149afbf4c8996fb92427ae41e4649b934ca495991b7852b855,completed,False,,,
rdfs_owlrl,1,100,7021,EXT-Q72,audit_temporal,core,authorities,data_owner,confidential,set_union,edge1|edge2|edge3,3,29.98837,82.36658700000001,0,,e3b0c44298fc1c149afbf4c8996fb92427ae41e4649b934ca495991b7852b855,completed,False,,,
rdfs_owlrl,1,100,7021,EXT-Q73,audit_temporal,core,authorities,data_owner,confidential,set_union,edge1|edge2|edge3,3,273.591074,750.56026,1010,,8063e96114d0974d3751ccec20b20889462cf9f199bff40c10b7b815850c2cba,completed,False,,,
rdfs_owlrl,1,100,7021,EXT-Q74,audit_temporal,core,authorities,data_owner,confidential,set_union,edge1|edge2|edge3,3,392.867499,1080.3640540000001,0,,e3b0c44298fc1c149afbf4c8996fb92427ae41e4649b934ca495991b7852b855,completed,False,,,
rdfs_owlrl,1,100,7021,EXT-Q75,validation,core,cloud,global,internal,single,cloud,1,18.097982,18.097982,74,,8dd432df42d733f2411b2aebc51682848ddadc97425c41088f0a99090f77f1c0,completed,False,,,
rdfs_owlrl,1,100,7021,EXT-Q76,validation,core,cloud,global,internal,single,cloud,1,8.998174,8.998174,9,,50bf3d3f7f446e045722279f6d243ecc804cd2cf73b381d9c89f530b567855ea,completed,False,,,
rdfs_owlrl,1,100,7021,EXT-Q77,validation,core,cloud,global,internal,single,cloud,1,9.533204,9.533204,6,,ba52fb52449a77784e328f0aaa19807ddd9156c7457ea722a8af2f2082dce9ad,completed,False,,,
rdfs_owlrl,1,100,7021,EXT-Q78,policy_governance,core,cloud,global,internal,single,cloud,1,12.801516,12.801516,37,,dc49d089c1cfb621b31177ad5794c8ca7638f40689eba56af4f4ea2a38c683f1,completed,False,,,
rdfs_owlrl,1,100,7021,EXT-Q79,policy_governance,core,cloud,global,internal,single,cloud,1,10.4012,10.4012,0,,e3b0c44298fc1c149afbf4c8996fb92427ae41e4649b934ca495991b7852b855,completed,False,,,
rdfs_owlrl,1,100,7021,EXT-Q80,validation,core,cloud,global,internal,single,cloud,1,32.262249,32.262249,13,,7b81a06628b0ed47983abd578c902f47906271bc5a38f63144daa74510daf865,completed,False,,,
rdfs_owlrl,2,100,7021,BASE-Q01,identity_consent,core,authorities,data_owner,confidential,set_union,edge1|edge2|edge3,3,43.417092,129.493608,104,,7a332083bdc04cec27394e5cf23941c792d1de0c41d27f4134d42e1cea73f268,completed,False,,,
rdfs_owlrl,2,100,7021,BASE-Q02,topology,core,authority_key:http://example.org/smartcity#UserB,data_owner,confidential,single,edge2,1,218.035537,218.035537,11,,363f868a57a5e5f601b8d524b05460273fbf45427eb805af595f694133371b51,completed,False,,,
rdfs_owlrl,2,100,7021,BASE-Q03,wellbeing,domain,authorities,data_owner,restricted,set_union,edge1|edge2|edge3,3,33.328783,98.087912,104,,0f2929f844a525d68830fa50f52519857f1dd010ded0bf5e04d4a24c86c05552,completed,False,,,
rdfs_owlrl,2,100,7021,BASE-Q04,decision,core,authority_key:http://example.org/smartcity#UserB,data_owner,confidential,single,edge2,1,21.400463,21.400463,7,,cc222a87554e870ffae43cba023647670c0589b8ec1b4500dd1d797a399c3bf2,completed,False,,,
rdfs_owlrl,2,100,7021,BASE-Q05,wellbeing,domain,authorities,data_owner,restricted,set_union,edge1|edge2|edge3,3,20.306685,56.734486000000004,5,,4b096b851fd9e6935d2e2e6c7bd57464c473db58008af4b34e60338033a84d23,completed,False,,,
rdfs_owlrl,2,100,7021,BASE-Q06,identity_consent,core,cloud,global,internal,single,cloud,1,4.874057,4.874057,10,,f8aebcef3bdb5c68142d34426190fd6a36c4b31394471c9c7602e6c19e67ff84,completed,False,,,
rdfs_owlrl,2,100,7021,BASE-Q07,observability,core,fog,regional,internal,single,fog,1,34.03613,34.03613,8,,ca2b51bfcca172872762ed97ca97be2a1dcd2b9c7281006f9eb3bccef56ed28e,completed,False,,,
rdfs_owlrl,2,100,7021,BASE-Q08,observability,core,fog,regional,internal,single,fog,1,37.807629,37.807629,2,,6527f1e187dfa51f5dc78e109fe2d9fb47aed82a4ec8f897d1dda6ee6850aa0a,completed,False,,,
rdfs_owlrl,2,100,7021,BASE-Q09,wellbeing,domain,authorities,data_owner,restricted,set_union,edge1|edge2|edge3,3,41.116278,118.461122,106,,2f052795c45af5c73a4ed56c6d53f566c3a6a97f8e256bd42d191c915baca6ff,completed,False,,,
rdfs_owlrl,2,100,7021,BASE-Q10,observability,domain,authorities,data_owner,restricted,set_union,edge1|edge2|edge3,3,55.15724,159.561842,104,,e6e6be0bea1007e8a0a509db5dd6923dbe3b169736a394cf93f38246d8a7dca8,completed,False,,,
rdfs_owlrl,2,100,7021,BASE-Q11,wellbeing,core,authority_key:http://example.org/smartcity#UserA,data_owner,confidential,single,edge1,1,14.394981,14.394981,1,,941d461ce01f2fa52ba95291e46e52524d75bd44e2b938eab7e81404936a8b7c,completed,False,,,
rdfs_owlrl,2,100,7021,BASE-Q12,adaptation,core,authorities,data_owner,confidential,set_union,edge1|edge2|edge3,3,14.557981,42.801664,1,,ddcd6b8cd42f3d2e1f6aa052eeeca5d4423f9db85cdc91915481db3956dfffff,completed,False,,,
rdfs_owlrl,2,100,7021,BASE-Q13,adaptation,core,authorities,data_owner,confidential,set_union,edge1|edge2|edge3,3,18.910537,53.331689,1,,25e56d4be1969d1d6de5386e2c3ff26456f8069edb7847a9dc7e32a9b09c8948,completed,False,,,
rdfs_owlrl,2,100,7021,BASE-Q14,delegation,core,authority_key:http://example.org/smartcity#UserA,data_owner,confidential,single,edge1,1,16.816445,16.816445,1,,dcd8c3258e95549dde016df10cf22183c036214d75d30e686ca7ac2fb5ea3271,completed,False,,,
rdfs_owlrl,2,100,7021,BASE-Q15,identity_consent,core,authorities,data_owner,confidential,set_union,edge1|edge2|edge3,3,11.804389,34.519458,1,,7ac55bded7c8d1294bfcac4ddeb28b5921a8083a19185e216bf5d1c0d62bd370,completed,False,,,
rdfs_owlrl,2,100,7021,BASE-Q16,federation,core,authorities,data_owner,confidential,set_union,edge1|edge2|edge3,3,27.262296,75.524771,3,,550eeca87dc96402bbed090f1737eaacfb6b27d2290401797018cbcf303b8147,completed,False,,,
rdfs_owlrl,2,100,7021,BASE-Q17,context_zones,domain,authorities,data_owner,restricted,set_union,edge1|edge2|edge3,3,18.456338,52.878597,1,,50b7b5a085e0802a1897953a959e0c9ea4c5f943dc26de55b2219ea7deac4b89,completed,False,,,
rdfs_owlrl,2,100,7021,BASE-Q18,context_zones,core,authorities,data_owner,confidential,set_union,edge1|edge2|edge3,3,10.390574,30.317828,1,,200d4d55bb0d8b9374961d2df3fa99d83d8caf54dc79a7784bb84dd44b081eda,completed,False,,,
rdfs_owlrl,2,100,7021,BASE-Q19,decision,core,fog,regional,internal,single,fog,1,34.960852,34.960852,5,,14ff5f393f619913b6627f132ac802eb3d0b2560e5619a0d995e34dac1f39b45,completed,False,,,
rdfs_owlrl,2,100,7021,BASE-Q20,identity_consent,domain,authorities,data_owner,restricted,set_union,edge1|edge2|edge3,3,43.124999,126.617698,104,,80c72d53f7954de49ca8c6c413b59e0b475eda97cf0ca823b08155ca43c94d68,completed,False,,,
rdfs_owlrl,2,100,7021,BASE-Q21,decision,core,authorities,data_owner,confidential,set_union,edge1|edge2|edge3,3,32.472222,85.408125,11,,7fc13e36a90de226eedecbd26ccd453be5ba11798c2c5af4a7d857a15cbb7e1e,completed,False,,,
rdfs_owlrl,2,100,7021,BASE-Q22,adaptation,core,authorities,data_owner,confidential,set_union,edge1|edge2|edge3,3,24.317851,71.99199200000001,3,,70205401426a8e8adbf4220710b3638c6a47af2e7e7264f0b771b1bcbb070e80,completed,False,,,
rdfs_owlrl,2,100,7021,BASE-Q23,topology,core,authorities,data_owner,confidential,set_union,edge1|edge2|edge3,3,36.86987,107.520341,101,,0bee89d20c1ee8a1d30f5f49705252478356280884ac29a85e9d22cae3d943b7,completed,False,,,
rdfs_owlrl,2,100,7021,BASE-Q24,federation,core,authorities,data_owner,confidential,set_union,edge1|edge2|edge3,3,41.037018,95.515253,5,,0d4871d54d4eadbfa110f9223c2a6b641ea8c65326db34ade1288d5eab5ceb54,completed,False,,,
rdfs_owlrl,2,100,7021,BASE-Q25,identity_consent,core,authorities,data_owner,confidential,set_union,edge1|edge2|edge3,3,13.718036,40.727758,1,,4591a69ecb6837fd65b28a9688ad10f0fb7b8ca54c1a6ac395ef142fc831cfbf,completed,False,,,
rdfs_owlrl,2,100,7021,BASE-Q26,observability,core,fog,regional,internal,boolean_or,fog,1,5.714686,5.714686,1,True,35df7182aa6c75e0a1066245f679b81ec9ad05e9964a0684980a466c9cc63ac4,completed,False,,,
rdfs_owlrl,2,100,7021,BASE-Q27,adaptation,core,authorities,data_owner,confidential,boolean_or,edge1|edge2|edge3,3,9.772148,26.49627,1,True,35df7182aa6c75e0a1066245f679b81ec9ad05e9964a0684980a466c9cc63ac4,completed,False,,,
rdfs_owlrl,2,100,7021,BASE-Q28,identity_consent,domain,authorities,data_owner,restricted,boolean_or,edge1|edge2|edge3,3,65.214018,151.464202,0,False,92b91e0dd8f69dcc43f3c56062f944147504cf0d80f20c98005fda34c727fd7e,completed,False,,,
rdfs_owlrl,2,100,7021,BASE-Q29,topology,core,fog,regional,internal,boolean_or,fog,1,14.227463,14.227463,1,True,35df7182aa6c75e0a1066245f679b81ec9ad05e9964a0684980a466c9cc63ac4,completed,False,,,
rdfs_owlrl,2,100,7021,BASE-Q30,federation,core,authorities,data_owner,confidential,boolean_or,edge1|edge2|edge3,3,6.925361,20.195898,1,True,35df7182aa6c75e0a1066245f679b81ec9ad05e9964a0684980a466c9cc63ac4,completed,False,,,
rdfs_owlrl,2,100,7021,BASE-Q31,identity_consent,core,cloud,global,internal,single,cloud,1,4.940375,4.940375,3,,66874cf8756143b9365cd0ce258e694f4e2eaf6ea8e73bc6693fe83bc83ed3f4,completed,False,,,
rdfs_owlrl,2,100,7021,BASE-Q32,decision,core,fog,regional,internal,single,fog,1,16.225722,16.225722,4,,b91031de6b6257d2428b9195175f3c860291b874d6603c50eb4713a1b65b2628,completed,False,,,
rdfs_owlrl,2,100,7021,BASE-Q33,observability,core,authority_key:http://example.org/smartcity#UserB,data_owner,confidential,single,edge2,1,23.660074,23.660074,6,,590b19873c6fa442afdadbc8ed5ebb9588a33006923bfed39c1b6215b8f0bb25,completed,False,,,
rdfs_owlrl,2,100,7021,BASE-Q34,topology,core,fog,regional,internal,single,fog,1,11.515259,11.515259,1,,7c66062f36ae31e8068455da76c0bb4f918e7f6b8ecee7cd8a7946f3b6047884,completed,False,,,
rdfs_owlrl,2,100,7021,BASE-Q35,delegation,core,authorities,data_owner,confidential,set_union,edge1|edge2|edge3,3,62.934982,124.32726199999999,223,,3ba95108702ca49a42a1e72048de1f35e44f82ca800d0df0555dfd01224572cd,completed,False,,,
rdfs_owlrl,2,100,7021,EXT-Q01,semantic_schema,core,cloud,global,internal,single,cloud,1,6.573072,6.573072,6,,66d5edbbdc2282624ffec271a4a523a20fdc7331b886d2884edf86a885532bcc,completed,False,,,
rdfs_owlrl,2,100,7021,EXT-Q02,semantic_schema,core,cloud,global,internal,single,cloud,1,5.94379,5.94379,3,,81bea9a8c2d4cf1237d7fb131249cc18ec4ca629eeabaadbd5f0b9b58d3e3333,completed,False,,,
rdfs_owlrl,2,100,7021,EXT-Q03,policy_governance,core,cloud,global,internal,single,cloud,1,15.891139,15.891139,79,,d73ae3d5ddfcd345147bae778101c21ab13194fca3fa92ad08259d39931b66d5,completed,False,,,
rdfs_owlrl,2,100,7021,EXT-Q04,policy_governance,core,cloud,global,internal,single,cloud,1,17.381319,17.381319,55,,fced7e97d29b215a8321753998b7519dc1825dacc4af090c67ffc54bee4479bc,completed,False,,,
rdfs_owlrl,2,100,7021,EXT-Q05,semantic_schema,core,cloud,global,internal,single,cloud,1,16.765869,16.765869,17,,e0fc9190703b6a7b2695ddc448f5c7e54c4feeff2545477c3194ebfd8ccb1f0c,completed,False,,,
rdfs_owlrl,2,100,7021,EXT-Q06,semantic_schema,core,cloud,global,internal,single,cloud,1,3.542186,3.542186,12,,1377568d225cfb45a1899c2ea951adf7ebda5ada4e188dbf5f114110484fa3ae,completed,False,,,
rdfs_owlrl,2,100,7021,EXT-Q07,policy_governance,core,cloud,global,internal,single,cloud,1,11.207453,11.207453,67,,c3cf27e703656fdaa8295f23b31076c1afcb14a5022b1b47538e2961fe033646,completed,False,,,
rdfs_owlrl,2,100,7021,EXT-Q08,policy_governance,core,cloud,global,internal,single,cloud,1,54.328174,54.328174,1089,,cb9e0103c9327f1c4691ec9d7612deebd04c0e73140f23e2a6209bb8af1efc51,completed,False,,,
rdfs_owlrl,2,100,7021,EXT-Q09,policy_governance,core,cloud,global,internal,single,cloud,1,17.610198,17.610198,6,,68de07660e010156bf3f3ea01000180657c8e8fc155ac9a053c3a64dbc538102,completed,False,,,
rdfs_owlrl,2,100,7021,EXT-Q10,policy_governance,core,cloud,global,internal,single,cloud,1,38.793702,38.793702,0,,e3b0c44298fc1c149afbf4c8996fb92427ae41e4649b934ca495991b7852b855,completed,False,,,
rdfs_owlrl,2,100,7021,EXT-Q11,identity_consent,core,authorities,data_owner,confidential,set_union,edge1|edge2|edge3,3,42.273166,120.05716100000001,125,,d10f1a5cd8517d29f509a64e5fda02dd5a7dd6efad8bfa95a5d0644b462177b0,completed,False,,,
rdfs_owlrl,2,100,7021,EXT-Q12,identity_consent,core,authorities,data_owner,confidential,set_union,edge1|edge2|edge3,3,42.348648,119.897234,128,,0444374ff467f047d001f046d64d1a86263d42f4d4185f8bd16178a3aac1262d,completed,False,,,
rdfs_owlrl,2,100,7021,EXT-Q13,identity_consent,core,authorities,data_owner,confidential,set_union,edge1|edge2|edge3,3,44.435611,130.002646,0,,e3b0c44298fc1c149afbf4c8996fb92427ae41e4649b934ca495991b7852b855,completed,False,,,
rdfs_owlrl,2,100,7021,EXT-Q14,identity_consent,core,authorities,data_owner,confidential,set_union,edge1|edge2|edge3,3,44.563796,130.65985,0,,e3b0c44298fc1c149afbf4c8996fb92427ae41e4649b934ca495991b7852b855,completed,False,,,
rdfs_owlrl,2,100,7021,EXT-Q15,identity_consent,core,authorities,data_owner,confidential,set_union,edge1|edge2|edge3,3,117.818074,335.592766,0,,e3b0c44298fc1c149afbf4c8996fb92427ae41e4649b934ca495991b7852b855,completed,False,,,
rdfs_owlrl,2,100,7021,EXT-Q16,identity_consent,core,authorities,data_owner,confidential,set_union,edge1|edge2|edge3,3,52.971185,154.812525,0,,e3b0c44298fc1c149afbf4c8996fb92427ae41e4649b934ca495991b7852b855,completed,False,,,
rdfs_owlrl,2,100,7021,EXT-Q17,identity_consent,core,authorities,data_owner,confidential,set_union,edge1|edge2|edge3,3,29.359296,75.69993600000001,8,,3071bd3ad9cc1daac2632f317152a64e2d9d9e0d189068465ece1f8c3872334f,completed,False,,,
rdfs_owlrl,2,100,7021,EXT-Q18,identity_consent,core,authorities,data_owner,confidential,set_union,edge1|edge2|edge3,3,54.426815,151.244023,0,,e3b0c44298fc1c149afbf4c8996fb92427ae41e4649b934ca495991b7852b855,completed,False,,,
rdfs_owlrl,2,100,7021,EXT-Q19,identity_consent,core,authorities,data_owner,confidential,set_union,edge1|edge2|edge3,3,53.515611,151.45665400000001,0,,e3b0c44298fc1c149afbf4c8996fb92427ae41e4649b934ca495991b7852b855,completed,False,,,
rdfs_owlrl,2,100,7021,EXT-Q20,identity_consent,core,authorities,data_owner,confidential,set_union,edge1|edge2|edge3,3,13.038926,38.499756,0,,e3b0c44298fc1c149afbf4c8996fb92427ae41e4649b934ca495991b7852b855,completed,False,,,
rdfs_owlrl,2,100,7021,EXT-Q21,identity_consent,core,authorities,data_owner,confidential,set_union,edge1|edge2|edge3,3,25.991463,73.295344,69,,e470cf117e15674f2b501e1b85b0e980f2f2238a5932233d053101e7748e48c4,completed,False,,,
rdfs_owlrl,2,100,7021,EXT-Q22,security_identity,domain,authorities,data_owner,restricted,set_union,edge1|edge2|edge3,3,330.18063,960.478122,0,,e3b0c44298fc1c149afbf4c8996fb92427ae41e4649b934ca495991b7852b855,completed,False,,,
rdfs_owlrl,2,100,7021,EXT-Q23,data_lifecycle,core,authorities,data_owner,confidential,set_union,edge1|edge2|edge3,3,26.185945,72.951751,3,,3955e7b96dea26719774b2d2a200be73c38cf84521f9352a6b96ed1af0a71d7a,completed,False,,,
rdfs_owlrl,2,100,7021,EXT-Q24,data_lifecycle,core,authorities,data_owner,confidential,set_union,edge1|edge2|edge3,3,58.888963,150.825704,102,,9106f5862cc8600b6d5ae37435c36d2734394a0ad4470feea1fb4f9925aa6872,completed,False,,,
rdfs_owlrl,2,100,7021,EXT-Q25,data_lifecycle,domain,authorities,data_owner,restricted,set_union,edge1|edge2|edge3,3,74.186204,215.38016299999998,0,,e3b0c44298fc1c149afbf4c8996fb92427ae41e4649b934ca495991b7852b855,completed,False,,,
rdfs_owlrl,2,100,7021,EXT-Q26,security_identity,core,authorities,data_owner,confidential,set_union,edge1|edge2|edge3,3,46.717944,135.59696300000002,104,,d032cc59f511f29f0ba5b4a8ec962dbd24952b8594d3e52130be63c2cf3e33dd,completed,False,,,
rdfs_owlrl,2,100,7021,EXT-Q27,security_identity,core,authorities,data_owner,confidential,set_union,edge1|edge2|edge3,3,49.276463,120.124432,0,,e3b0c44298fc1c149afbf4c8996fb92427ae41e4649b934ca495991b7852b855,completed,False,,,
rdfs_owlrl,2,100,7021,EXT-Q28,security_identity,core,authorities,data_owner,confidential,set_union,edge1|edge2|edge3,3,19.046043,56.407043,0,,e3b0c44298fc1c149afbf4c8996fb92427ae41e4649b934ca495991b7852b855,completed,False,,,
rdfs_owlrl,2,100,7021,EXT-Q29,security_identity,core,cloud,global,internal,single,cloud,1,3.232224,3.232224,1,,5e56d4b1c34d01016304a6e8bc0397a3d6e7898ce43942ff1b6aab07b06810f2,completed,False,,,
rdfs_owlrl,2,100,7021,EXT-Q30,security_identity,core,cloud,global,internal,single,cloud,1,3.137243,3.137243,0,,e3b0c44298fc1c149afbf4c8996fb92427ae41e4649b934ca495991b7852b855,completed,False,,,
rdfs_owlrl,2,100,7021,EXT-Q31,data_lifecycle,core,authorities,data_owner,confidential,set_union,edge1|edge2|edge3,3,18.849727,55.369708,0,,e3b0c44298fc1c149afbf4c8996fb92427ae41e4649b934ca495991b7852b855,completed,False,,,
rdfs_owlrl,2,100,7021,EXT-Q32,data_lifecycle,core,authorities,data_owner,confidential,set_union,edge1|edge2|edge3,3,11.806112,34.602108,0,,e3b0c44298fc1c149afbf4c8996fb92427ae41e4649b934ca495991b7852b855,completed,False,,,
rdfs_owlrl,2,100,7021,EXT-Q33,data_lifecycle,core,authorities,data_owner,confidential,set_union,edge1|edge2|edge3,3,193.973039,238.201705,0,,e3b0c44298fc1c149afbf4c8996fb92427ae41e4649b934ca495991b7852b855,completed,False,,,
rdfs_owlrl,2,100,7021,EXT-Q34,data_lifecycle,core,authorities,data_owner,confidential,set_union,edge1|edge2|edge3,3,18.793801,56.065597,0,,e3b0c44298fc1c149afbf4c8996fb92427ae41e4649b934ca495991b7852b855,completed,False,,,
rdfs_owlrl,2,100,7021,EXT-Q35,data_lifecycle,core,authorities,data_owner,confidential,set_union,edge1|edge2|edge3,3,23.224037,65.95686,106,,f68d3a56a8b372110adb0609644ee820cc2af42e928c009699efee64cbd66b70,completed,False,,,
rdfs_owlrl,2,100,7021,EXT-Q36,context_zones,core,authority_key:http://example.org/smartcity#UserA,data_owner,confidential,single,edge1,1,21.854463,21.854463,1,,b691a10c930fd32c789bb07f0f1fd7d606e3241b1fbe110ce3bb9c0f5b95cd37,completed,False,,,
rdfs_owlrl,2,100,7021,EXT-Q37,context_zones,domain,authorities,data_owner,restricted,set_union,edge1|edge2|edge3,3,64.043519,182.28311200000002,0,,e3b0c44298fc1c149afbf4c8996fb92427ae41e4649b934ca495991b7852b855,completed,False,,,
rdfs_owlrl,2,100,7021,EXT-Q38,context_zones,domain,authorities,data_owner,restricted,set_union,edge1|edge2|edge3,3,35.599574,106.087136,1,,d0d58146bc80e4e03947b8200631e8b89fdb27ee77b2a31daf4bee1a10c44367,completed,False,,,
rdfs_owlrl,2,100,7021,EXT-Q39,context_zones,core,authority_key:http://example.org/smartcity#UserA,data_owner,confidential,single,edge1,1,15.257129,15.257129,5,,1ca154c8210da56b45e42825f86a318f53dc0325a456648a0db2cbcced59de18,completed,False,,,
rdfs_owlrl,2,100,7021,EXT-Q40,trust,core,fog,regional,internal,single,fog,1,27.971167,27.971167,8,,668e8d3da023436e0b3b53c5f12489c55929c5346903d5c0b7b1b992f823f8df,completed,False,,,
rdfs_owlrl,2,100,7021,EXT-Q41,trust,core,fog,regional,internal,single,fog,1,24.768352,24.768352,0,,e3b0c44298fc1c149afbf4c8996fb92427ae41e4649b934ca495991b7852b855,completed,False,,,
rdfs_owlrl,2,100,7021,EXT-Q42,trust,core,fog,regional,internal,single,fog,1,19.750315,19.750315,5,,a936f8276a646c3f47213c62eb605f825d8fee770920c38f095ae922a5febc96,completed,False,,,
rdfs_owlrl,2,100,7021,EXT-Q43,trust,core,fog,regional,internal,single,fog,1,32.097389,32.097389,8,,b194843fbc8955399d428ae6e4e9bb4101fe20226aa76f0f1491397c8ce797c2,completed,False,,,
rdfs_owlrl,2,100,7021,EXT-Q44,trust,core,authorities,data_owner,confidential,set_union,edge1|edge2|edge3,3,23.137297,62.264971,10,,106b6808e582efd6a78626f18c7807191e7a08ebe629f87847227d80e6ce6f19,completed,False,,,
rdfs_owlrl,2,100,7021,EXT-Q45,trust,core,authorities,data_owner,confidential,set_union,edge1|edge2|edge3,3,47.972815,138.28426,0,,e3b0c44298fc1c149afbf4c8996fb92427ae41e4649b934ca495991b7852b855,completed,False,,,
rdfs_owlrl,2,100,7021,EXT-Q46,decision,core,authorities,data_owner,confidential,set_union,edge1|edge2|edge3,3,33.817352,87.04544200000001,11,,497649f7b7fb5bb312db17c133552fcb5363c177bcdf3a7d4da3f9e09d27ef3a,completed,False,,,
rdfs_owlrl,2,100,7021,EXT-Q47,decision,core,authorities,data_owner,confidential,set_union,edge1|edge2|edge3,3,38.054129,95.334961,0,,e3b0c44298fc1c149afbf4c8996fb92427ae41e4649b934ca495991b7852b855,completed,False,,,
rdfs_owlrl,2,100,7021,EXT-Q48,decision,core,authorities,data_owner,confidential,set_union,edge1|edge2|edge3,3,34.191018,98.222575,0,,e3b0c44298fc1c149afbf4c8996fb92427ae41e4649b934ca495991b7852b855,completed,False,,,
rdfs_owlrl,2,100,7021,EXT-Q49,decision,core,authorities,data_owner,confidential,set_union,edge1|edge2|edge3,3,28.150944,78.20666,8,,61a1a998385e4071933469d06cffd5e2cd092016daefcdce08d2e38a8bf4d078,completed,False,,,
rdfs_owlrl,2,100,7021,EXT-Q50,decision,core,authorities,data_owner,confidential,set_union,edge1|edge2|edge3,3,32.879463,98.40233699999999,0,,e3b0c44298fc1c149afbf4c8996fb92427ae41e4649b934ca495991b7852b855,completed,False,,,
rdfs_owlrl,2,100,7021,EXT-Q51,decision,core,authorities,data_owner,confidential,set_union,edge1|edge2|edge3,3,31.8275,78.374214,32,,d96e9e0968e2bb5a55d9ce98a9e9522d5cb6082d083dcb5d8b65c30d87614d48,completed,False,,,
rdfs_owlrl,2,100,7021,EXT-Q52,decision,core,authorities,data_owner,confidential,set_union,edge1|edge2|edge3,3,29.557018,79.220267,32,,e4cc722951be46789eb75264501a53ba96774192510017491e856efc76f0aa19,completed,False,,,
rdfs_owlrl,2,100,7021,EXT-Q53,decision,core,authorities,data_owner,confidential,set_union,edge1|edge2|edge3,3,50.826444,146.365355,0,,e3b0c44298fc1c149afbf4c8996fb92427ae41e4649b934ca495991b7852b855,completed,False,,,
rdfs_owlrl,2,100,7021,EXT-Q54,decision,domain,authorities,data_owner,restricted,set_union,edge1|edge2|edge3,3,38.496704,109.46700799999999,0,,e3b0c44298fc1c149afbf4c8996fb92427ae41e4649b934ca495991b7852b855,completed,False,,,
rdfs_owlrl,2,100,7021,EXT-Q55,decision,core,authorities,data_owner,confidential,set_union,edge1|edge2|edge3,3,21.267963,59.583228000000005,8,,8c3e48566f94616cee569d9b5812ba30ec566c1adc22c2c92d13749c523df534,completed,False,,,
rdfs_owlrl,2,100,7021,EXT-Q56,decision,core,authorities,data_owner,confidential,set_union,edge1|edge2|edge3,3,49.429685,146.044171,0,,e3b0c44298fc1c149afbf4c8996fb92427ae41e4649b934ca495991b7852b855,completed,False,,,
rdfs_owlrl,2,100,7021,EXT-Q57,decision,core,authorities,data_owner,confidential,set_union,edge1|edge2|edge3,3,186.379277,224.759172,7,,058d2944c03f01a48917edc20c871d5f86e2b184778cd894bf433e94a8ffca12,completed,False,,,
rdfs_owlrl,2,100,7021,EXT-Q58,decision,core,authorities,data_owner,confidential,set_union,edge1|edge2|edge3,3,30.849983,89.84768600000001,7,,5a003716962d1299d69dd1de460f6a48eb40b34fbbb1eeb486379f039621a795,completed,False,,,
rdfs_owlrl,2,100,7021,EXT-Q59,adaptation,core,authorities,data_owner,confidential,set_union,edge1|edge2|edge3,3,74.273629,151.266658,46,,6d76048920e8bb121bc7b88947a49ba8133cedadb9c2c7dcfa1f864eb8cdb281,completed,False,,,
rdfs_owlrl,2,100,7021,EXT-Q60,adaptation,core,authorities,data_owner,confidential,set_union,edge1|edge2|edge3,3,26.644352,77.204958,1,,285931564bf116179a45da920fdf958a3347ea1df763213bb7e2afba77c47d16,completed,False,,,
rdfs_owlrl,2,100,7021,EXT-Q61,adaptation,core,authorities,data_owner,confidential,set_union,edge1|edge2|edge3,3,7.963981,23.587730999999998,0,,e3b0c44298fc1c149afbf4c8996fb92427ae41e4649b934ca495991b7852b855,completed,False,,,
rdfs_owlrl,2,100,7021,EXT-Q62,adaptation,core,authorities,data_owner,confidential,set_union,edge1|edge2|edge3,3,22.790778,67.048842,1,,3dafef0eca79c68f05b79939f40198bc13232639d500d3e9875bc263b0f00d4d,completed,False,,,
rdfs_owlrl,2,100,7021,EXT-Q63,delegation,core,authorities,data_owner,confidential,set_union,edge1|edge2|edge3,3,24.558741,72.132512,1,,d4b4c3785ae985658dfc4a4433dd002e5aec5a2321080af4e85474c06a3404f5,completed,False,,,
rdfs_owlrl,2,100,7021,EXT-Q64,delegation,core,authorities,data_owner,confidential,set_union,edge1|edge2|edge3,3,21.811056,62.307674000000006,0,,e3b0c44298fc1c149afbf4c8996fb92427ae41e4649b934ca495991b7852b855,completed,False,,,
rdfs_owlrl,2,100,7021,EXT-Q65,delegation,core,authorities,data_owner,confidential,set_union,edge1|edge2|edge3,3,13.227018,38.520312,0,,e3b0c44298fc1c149afbf4c8996fb92427ae41e4649b934ca495991b7852b855,completed,False,,,
rdfs_owlrl,2,100,7021,EXT-Q66,federation,core,authorities,data_owner,confidential,set_union,edge1|edge2|edge3,3,26.899889,73.877326,2,,1a9af60cfbb87dd79b68021c3d70e1ee6f230e648f1ad6360ef50fffd374b4df,completed,False,,,
rdfs_owlrl,2,100,7021,EXT-Q67,federation,core,authorities,data_owner,confidential,set_union,edge1|edge2|edge3,3,41.583204,117.624362,0,,e3b0c44298fc1c149afbf4c8996fb92427ae41e4649b934ca495991b7852b855,completed,False,,,
rdfs_owlrl,2,100,7021,EXT-Q68,federation,core,authorities,data_owner,confidential,set_union,edge1|edge2|edge3,3,25.249611,74.6354,0,,e3b0c44298fc1c149afbf4c8996fb92427ae41e4649b934ca495991b7852b855,completed,False,,,
rdfs_owlrl,2,100,7021,EXT-Q69,federation,core,authorities,data_owner,confidential,set_union,edge1|edge2|edge3,3,28.143482,81.414868,2,,8271d93912e320b11a3ca6d70e5061d5132abb26053b022198090871531d61eb,completed,False,,,
rdfs_owlrl,2,100,7021,EXT-Q70,audit_temporal,core,authorities,data_owner,confidential,set_union,edge1|edge2|edge3,3,109.824629,181.193507,204,,01824916f48e90d6c6df066f2950c4d8a2e2d6f71ba4af556d43e8921ae41930,completed,False,,,
rdfs_owlrl,2,100,7021,EXT-Q71,audit_temporal,core,authorities,data_owner,confidential,set_union,edge1|edge2|edge3,3,42.161111,110.600488,0,,e3b0c44298fc1c149afbf4c8996fb92427ae41e4649b934ca495991b7852b855,completed,False,,,
rdfs_owlrl,2,100,7021,EXT-Q72,audit_temporal,core,authorities,data_owner,confidential,set_union,edge1|edge2|edge3,3,30.755426,86.37581,0,,e3b0c44298fc1c149afbf4c8996fb92427ae41e4649b934ca495991b7852b855,completed,False,,,
rdfs_owlrl,2,100,7021,EXT-Q73,audit_temporal,core,authorities,data_owner,confidential,set_union,edge1|edge2|edge3,3,273.676704,749.6936479999999,1010,,8063e96114d0974d3751ccec20b20889462cf9f199bff40c10b7b815850c2cba,completed,False,,,
rdfs_owlrl,2,100,7021,EXT-Q74,audit_temporal,core,authorities,data_owner,confidential,set_union,edge1|edge2|edge3,3,386.465333,1070.572317,0,,e3b0c44298fc1c149afbf4c8996fb92427ae41e4649b934ca495991b7852b855,completed,False,,,
rdfs_owlrl,2,100,7021,EXT-Q75,validation,core,cloud,global,internal,single,cloud,1,17.433329,17.433329,74,,8dd432df42d733f2411b2aebc51682848ddadc97425c41088f0a99090f77f1c0,completed,False,,,
rdfs_owlrl,2,100,7021,EXT-Q76,validation,core,cloud,global,internal,single,cloud,1,6.582843,6.582843,9,,50bf3d3f7f446e045722279f6d243ecc804cd2cf73b381d9c89f530b567855ea,completed,False,,,
rdfs_owlrl,2,100,7021,EXT-Q77,validation,core,cloud,global,internal,single,cloud,1,9.137569,9.137569,6,,ba52fb52449a77784e328f0aaa19807ddd9156c7457ea722a8af2f2082dce9ad,completed,False,,,
rdfs_owlrl,2,100,7021,EXT-Q78,policy_governance,core,cloud,global,internal,single,cloud,1,12.445967,12.445967,37,,dc49d089c1cfb621b31177ad5794c8ca7638f40689eba56af4f4ea2a38c683f1,completed,False,,,
rdfs_owlrl,2,100,7021,EXT-Q79,policy_governance,core,cloud,global,internal,single,cloud,1,12.277017,12.277017,0,,e3b0c44298fc1c149afbf4c8996fb92427ae41e4649b934ca495991b7852b855,completed,False,,,
rdfs_owlrl,2,100,7021,EXT-Q80,validation,core,cloud,global,internal,single,cloud,1,32.052468,32.052468,13,,7b81a06628b0ed47983abd578c902f47906271bc5a38f63144daa74510daf865,completed,False,,,
rdfs_owlrl,3,100,7021,BASE-Q01,identity_consent,core,authorities,data_owner,confidential,set_union,edge1|edge2|edge3,3,215.485148,299.780866,104,,7a332083bdc04cec27394e5cf23941c792d1de0c41d27f4134d42e1cea73f268,completed,False,,,
rdfs_owlrl,3,100,7021,BASE-Q02,topology,core,authority_key:http://example.org/smartcity#UserB,data_owner,confidential,single,edge2,1,235.650203,235.650203,11,,363f868a57a5e5f601b8d524b05460273fbf45427eb805af595f694133371b51,completed,False,,,
rdfs_owlrl,3,100,7021,BASE-Q03,wellbeing,domain,authorities,data_owner,restricted,set_union,edge1|edge2|edge3,3,33.252537,97.07957599999999,104,,0f2929f844a525d68830fa50f52519857f1dd010ded0bf5e04d4a24c86c05552,completed,False,,,
rdfs_owlrl,3,100,7021,BASE-Q04,decision,core,authority_key:http://example.org/smartcity#UserB,data_owner,confidential,single,edge2,1,21.433055,21.433055,7,,cc222a87554e870ffae43cba023647670c0589b8ec1b4500dd1d797a399c3bf2,completed,False,,,
rdfs_owlrl,3,100,7021,BASE-Q05,wellbeing,domain,authorities,data_owner,restricted,set_union,edge1|edge2|edge3,3,20.300019,57.148596999999995,5,,4b096b851fd9e6935d2e2e6c7bd57464c473db58008af4b34e60338033a84d23,completed,False,,,
rdfs_owlrl,3,100,7021,BASE-Q06,identity_consent,core,cloud,global,internal,single,cloud,1,4.790102,4.790102,10,,f8aebcef3bdb5c68142d34426190fd6a36c4b31394471c9c7602e6c19e67ff84,completed,False,,,
rdfs_owlrl,3,100,7021,BASE-Q07,observability,core,fog,regional,internal,single,fog,1,51.080981,51.080981,8,,ca2b51bfcca172872762ed97ca97be2a1dcd2b9c7281006f9eb3bccef56ed28e,completed,False,,,
rdfs_owlrl,3,100,7021,BASE-Q08,observability,core,fog,regional,internal,single,fog,1,37.806148,37.806148,2,,6527f1e187dfa51f5dc78e109fe2d9fb47aed82a4ec8f897d1dda6ee6850aa0a,completed,False,,,
rdfs_owlrl,3,100,7021,BASE-Q09,wellbeing,domain,authorities,data_owner,restricted,set_union,edge1|edge2|edge3,3,40.819981,117.774437,106,,2f052795c45af5c73a4ed56c6d53f566c3a6a97f8e256bd42d191c915baca6ff,completed,False,,,
rdfs_owlrl,3,100,7021,BASE-Q10,observability,domain,authorities,data_owner,restricted,set_union,edge1|edge2|edge3,3,54.813759,160.672158,104,,e6e6be0bea1007e8a0a509db5dd6923dbe3b169736a394cf93f38246d8a7dca8,completed,False,,,
rdfs_owlrl,3,100,7021,BASE-Q11,wellbeing,core,authority_key:http://example.org/smartcity#UserA,data_owner,confidential,single,edge1,1,15.009,15.009,1,,941d461ce01f2fa52ba95291e46e52524d75bd44e2b938eab7e81404936a8b7c,completed,False,,,
rdfs_owlrl,3,100,7021,BASE-Q12,adaptation,core,authorities,data_owner,confidential,set_union,edge1|edge2|edge3,3,14.560685,42.544109999999996,1,,ddcd6b8cd42f3d2e1f6aa052eeeca5d4423f9db85cdc91915481db3956dfffff,completed,False,,,
rdfs_owlrl,3,100,7021,BASE-Q13,adaptation,core,authorities,data_owner,confidential,set_union,edge1|edge2|edge3,3,18.459611,54.17832,1,,25e56d4be1969d1d6de5386e2c3ff26456f8069edb7847a9dc7e32a9b09c8948,completed,False,,,
rdfs_owlrl,3,100,7021,BASE-Q14,delegation,core,authority_key:http://example.org/smartcity#UserA,data_owner,confidential,single,edge1,1,21.587759,21.587759,1,,dcd8c3258e95549dde016df10cf22183c036214d75d30e686ca7ac2fb5ea3271,completed,False,,,
rdfs_owlrl,3,100,7021,BASE-Q15,identity_consent,core,authorities,data_owner,confidential,set_union,edge1|edge2|edge3,3,11.788352,34.785292,1,,7ac55bded7c8d1294bfcac4ddeb28b5921a8083a19185e216bf5d1c0d62bd370,completed,False,,,
rdfs_owlrl,3,100,7021,BASE-Q16,federation,core,authorities,data_owner,confidential,set_union,edge1|edge2|edge3,3,26.87413,75.630549,3,,550eeca87dc96402bbed090f1737eaacfb6b27d2290401797018cbcf303b8147,completed,False,,,
rdfs_owlrl,3,100,7021,BASE-Q17,context_zones,domain,authorities,data_owner,restricted,set_union,edge1|edge2|edge3,3,19.266723,54.482523,1,,50b7b5a085e0802a1897953a959e0c9ea4c5f943dc26de55b2219ea7deac4b89,completed,False,,,
rdfs_owlrl,3,100,7021,BASE-Q18,context_zones,core,authorities,data_owner,confidential,set_union,edge1|edge2|edge3,3,10.752222,30.759216000000002,1,,200d4d55bb0d8b9374961d2df3fa99d83d8caf54dc79a7784bb84dd44b081eda,completed,False,,,
rdfs_owlrl,3,100,7021,BASE-Q19,decision,core,fog,regional,internal,single,fog,1,34.831629,34.831629,5,,14ff5f393f619913b6627f132ac802eb3d0b2560e5619a0d995e34dac1f39b45,completed,False,,,
rdfs_owlrl,3,100,7021,BASE-Q20,identity_consent,domain,authorities,data_owner,restricted,set_union,edge1|edge2|edge3,3,42.490871,124.965126,104,,80c72d53f7954de49ca8c6c413b59e0b475eda97cf0ca823b08155ca43c94d68,completed,False,,,
rdfs_owlrl,3,100,7021,BASE-Q21,decision,core,authorities,data_owner,confidential,set_union,edge1|edge2|edge3,3,43.888889,102.691941,11,,7fc13e36a90de226eedecbd26ccd453be5ba11798c2c5af4a7d857a15cbb7e1e,completed,False,,,
rdfs_owlrl,3,100,7021,BASE-Q22,adaptation,core,authorities,data_owner,confidential,set_union,edge1|edge2|edge3,3,24.782926,72.055604,3,,70205401426a8e8adbf4220710b3638c6a47af2e7e7264f0b771b1bcbb070e80,completed,False,,,
rdfs_owlrl,3,100,7021,BASE-Q23,topology,core,authorities,data_owner,confidential,set_union,edge1|edge2|edge3,3,36.443796,107.66460000000001,101,,0bee89d20c1ee8a1d30f5f49705252478356280884ac29a85e9d22cae3d943b7,completed,False,,,
rdfs_owlrl,3,100,7021,BASE-Q24,federation,core,authorities,data_owner,confidential,set_union,edge1|edge2|edge3,3,30.538444,82.176995,5,,0d4871d54d4eadbfa110f9223c2a6b641ea8c65326db34ade1288d5eab5ceb54,completed,False,,,
rdfs_owlrl,3,100,7021,BASE-Q25,identity_consent,core,authorities,data_owner,confidential,set_union,edge1|edge2|edge3,3,13.639982,40.740333,1,,4591a69ecb6837fd65b28a9688ad10f0fb7b8ca54c1a6ac395ef142fc831cfbf,completed,False,,,
rdfs_owlrl,3,100,7021,BASE-Q26,observability,core,fog,regional,internal,boolean_or,fog,1,8.46326,8.46326,1,True,35df7182aa6c75e0a1066245f679b81ec9ad05e9964a0684980a466c9cc63ac4,completed,False,,,
rdfs_owlrl,3,100,7021,BASE-Q27,adaptation,core,authorities,data_owner,confidential,boolean_or,edge1|edge2|edge3,3,8.624148,25.539343,1,True,35df7182aa6c75e0a1066245f679b81ec9ad05e9964a0684980a466c9cc63ac4,completed,False,,,
rdfs_owlrl,3,100,7021,BASE-Q28,identity_consent,domain,authorities,data_owner,restricted,boolean_or,edge1|edge2|edge3,3,65.785482,152.220017,0,False,92b91e0dd8f69dcc43f3c56062f944147504cf0d80f20c98005fda34c727fd7e,completed,False,,,
rdfs_owlrl,3,100,7021,BASE-Q29,topology,core,fog,regional,internal,boolean_or,fog,1,14.119056,14.119056,1,True,35df7182aa6c75e0a1066245f679b81ec9ad05e9964a0684980a466c9cc63ac4,completed,False,,,
rdfs_owlrl,3,100,7021,BASE-Q30,federation,core,authorities,data_owner,confidential,boolean_or,edge1|edge2|edge3,3,8.89477,22.478955,1,True,35df7182aa6c75e0a1066245f679b81ec9ad05e9964a0684980a466c9cc63ac4,completed,False,,,
rdfs_owlrl,3,100,7021,BASE-Q31,identity_consent,core,cloud,global,internal,single,cloud,1,4.857124,4.857124,3,,66874cf8756143b9365cd0ce258e694f4e2eaf6ea8e73bc6693fe83bc83ed3f4,completed,False,,,
rdfs_owlrl,3,100,7021,BASE-Q32,decision,core,fog,regional,internal,single,fog,1,16.207,16.207,4,,b91031de6b6257d2428b9195175f3c860291b874d6603c50eb4713a1b65b2628,completed,False,,,
rdfs_owlrl,3,100,7021,BASE-Q33,observability,core,authority_key:http://example.org/smartcity#UserB,data_owner,confidential,single,edge2,1,24.379648,24.379648,6,,590b19873c6fa442afdadbc8ed5ebb9588a33006923bfed39c1b6215b8f0bb25,completed,False,,,
rdfs_owlrl,3,100,7021,BASE-Q34,topology,core,fog,regional,internal,single,fog,1,16.073408,16.073408,1,,7c66062f36ae31e8068455da76c0bb4f918e7f6b8ecee7cd8a7946f3b6047884,completed,False,,,
rdfs_owlrl,3,100,7021,BASE-Q35,delegation,core,authorities,data_owner,confidential,set_union,edge1|edge2|edge3,3,62.897111,123.343705,223,,3ba95108702ca49a42a1e72048de1f35e44f82ca800d0df0555dfd01224572cd,completed,False,,,
rdfs_owlrl,3,100,7021,EXT-Q01,semantic_schema,core,cloud,global,internal,single,cloud,1,7.731356,7.731356,6,,66d5edbbdc2282624ffec271a4a523a20fdc7331b886d2884edf86a885532bcc,completed,False,,,
rdfs_owlrl,3,100,7021,EXT-Q02,semantic_schema,core,cloud,global,internal,single,cloud,1,4.92187,4.92187,3,,81bea9a8c2d4cf1237d7fb131249cc18ec4ca629eeabaadbd5f0b9b58d3e3333,completed,False,,,
rdfs_owlrl,3,100,7021,EXT-Q03,policy_governance,core,cloud,global,internal,single,cloud,1,19.029026,19.029026,79,,d73ae3d5ddfcd345147bae778101c21ab13194fca3fa92ad08259d39931b66d5,completed,False,,,
rdfs_owlrl,3,100,7021,EXT-Q04,policy_governance,core,cloud,global,internal,single,cloud,1,17.290888,17.290888,55,,fced7e97d29b215a8321753998b7519dc1825dacc4af090c67ffc54bee4479bc,completed,False,,,
rdfs_owlrl,3,100,7021,EXT-Q05,semantic_schema,core,cloud,global,internal,single,cloud,1,17.445303,17.445303,17,,e0fc9190703b6a7b2695ddc448f5c7e54c4feeff2545477c3194ebfd8ccb1f0c,completed,False,,,
rdfs_owlrl,3,100,7021,EXT-Q06,semantic_schema,core,cloud,global,internal,single,cloud,1,4.792859,4.792859,12,,1377568d225cfb45a1899c2ea951adf7ebda5ada4e188dbf5f114110484fa3ae,completed,False,,,
rdfs_owlrl,3,100,7021,EXT-Q07,policy_governance,core,cloud,global,internal,single,cloud,1,9.46223,9.46223,67,,c3cf27e703656fdaa8295f23b31076c1afcb14a5022b1b47538e2961fe033646,completed,False,,,
rdfs_owlrl,3,100,7021,EXT-Q08,policy_governance,core,cloud,global,internal,single,cloud,1,67.076107,67.076107,1089,,cb9e0103c9327f1c4691ec9d7612deebd04c0e73140f23e2a6209bb8af1efc51,completed,False,,,
rdfs_owlrl,3,100,7021,EXT-Q09,policy_governance,core,cloud,global,internal,single,cloud,1,14.702084,14.702084,6,,68de07660e010156bf3f3ea01000180657c8e8fc155ac9a053c3a64dbc538102,completed,False,,,
rdfs_owlrl,3,100,7021,EXT-Q10,policy_governance,core,cloud,global,internal,single,cloud,1,39.553728,39.553728,0,,e3b0c44298fc1c149afbf4c8996fb92427ae41e4649b934ca495991b7852b855,completed,False,,,
rdfs_owlrl,3,100,7021,EXT-Q11,identity_consent,core,authorities,data_owner,confidential,set_union,edge1|edge2|edge3,3,197.839711,276.895284,125,,d10f1a5cd8517d29f509a64e5fda02dd5a7dd6efad8bfa95a5d0644b462177b0,completed,False,,,
rdfs_owlrl,3,100,7021,EXT-Q12,identity_consent,core,authorities,data_owner,confidential,set_union,edge1|edge2|edge3,3,42.653685,119.827808,128,,0444374ff467f047d001f046d64d1a86263d42f4d4185f8bd16178a3aac1262d,completed,False,,,
rdfs_owlrl,3,100,7021,EXT-Q13,identity_consent,core,authorities,data_owner,confidential,set_union,edge1|edge2|edge3,3,44.842982,131.77361000000002,0,,e3b0c44298fc1c149afbf4c8996fb92427ae41e4649b934ca495991b7852b855,completed,False,,,
rdfs_owlrl,3,100,7021,EXT-Q14,identity_consent,core,authorities,data_owner,confidential,set_union,edge1|edge2|edge3,3,44.582186,130.635351,0,,e3b0c44298fc1c149afbf4c8996fb92427ae41e4649b934ca495991b7852b855,completed,False,,,
rdfs_owlrl,3,100,7021,EXT-Q15,identity_consent,core,authorities,data_owner,confidential,set_union,edge1|edge2|edge3,3,118.413204,336.41180299999996,0,,e3b0c44298fc1c149afbf4c8996fb92427ae41e4649b934ca495991b7852b855,completed,False,,,
rdfs_owlrl,3,100,7021,EXT-Q16,identity_consent,core,authorities,data_owner,confidential,set_union,edge1|edge2|edge3,3,52.967204,155.462565,0,,e3b0c44298fc1c149afbf4c8996fb92427ae41e4649b934ca495991b7852b855,completed,False,,,
rdfs_owlrl,3,100,7021,EXT-Q17,identity_consent,core,authorities,data_owner,confidential,set_union,edge1|edge2|edge3,3,36.450611,83.134178,8,,3071bd3ad9cc1daac2632f317152a64e2d9d9e0d189068465ece1f8c3872334f,completed,False,,,
rdfs_owlrl,3,100,7021,EXT-Q18,identity_consent,core,authorities,data_owner,confidential,set_union,edge1|edge2|edge3,3,53.99313,150.79330199999998,0,,e3b0c44298fc1c149afbf4c8996fb92427ae41e4649b934ca495991b7852b855,completed,False,,,
rdfs_owlrl,3,100,7021,EXT-Q19,identity_consent,core,authorities,data_owner,confidential,set_union,edge1|edge2|edge3,3,52.195204,150.156969,0,,e3b0c44298fc1c149afbf4c8996fb92427ae41e4649b934ca495991b7852b855,completed,False,,,
rdfs_owlrl,3,100,7021,EXT-Q20,identity_consent,core,authorities,data_owner,confidential,set_union,edge1|edge2|edge3,3,13.418389,37.936164,0,,e3b0c44298fc1c149afbf4c8996fb92427ae41e4649b934ca495991b7852b855,completed,False,,,
rdfs_owlrl,3,100,7021,EXT-Q21,identity_consent,core,authorities,data_owner,confidential,set_union,edge1|edge2|edge3,3,36.106204,86.907159,69,,e470cf117e15674f2b501e1b85b0e980f2f2238a5932233d053101e7748e48c4,completed,False,,,
rdfs_owlrl,3,100,7021,EXT-Q22,security_identity,domain,authorities,data_owner,restricted,set_union,edge1|edge2|edge3,3,355.824222,990.781346,0,,e3b0c44298fc1c149afbf4c8996fb92427ae41e4649b934ca495991b7852b855,completed,False,,,
rdfs_owlrl,3,100,7021,EXT-Q23,data_lifecycle,core,authorities,data_owner,confidential,set_union,edge1|edge2|edge3,3,25.658944,73.122232,3,,3955e7b96dea26719774b2d2a200be73c38cf84521f9352a6b96ed1af0a71d7a,completed,False,,,
rdfs_owlrl,3,100,7021,EXT-Q24,data_lifecycle,core,authorities,data_owner,confidential,set_union,edge1|edge2|edge3,3,47.509704,137.202723,102,,9106f5862cc8600b6d5ae37435c36d2734394a0ad4470feea1fb4f9925aa6872,completed,False,,,
rdfs_owlrl,3,100,7021,EXT-Q25,data_lifecycle,domain,authorities,data_owner,restricted,set_union,edge1|edge2|edge3,3,74.245037,214.20503300000001,0,,e3b0c44298fc1c149afbf4c8996fb92427ae41e4649b934ca495991b7852b855,completed,False,,,
rdfs_owlrl,3,100,7021,EXT-Q26,security_identity,core,authorities,data_owner,confidential,set_union,edge1|edge2|edge3,3,46.726759,135.936351,104,,d032cc59f511f29f0ba5b4a8ec962dbd24952b8594d3e52130be63c2cf3e33dd,completed,False,,,
rdfs_owlrl,3,100,7021,EXT-Q27,security_identity,core,authorities,data_owner,confidential,set_union,edge1|edge2|edge3,3,49.30524,120.486655,0,,e3b0c44298fc1c149afbf4c8996fb92427ae41e4649b934ca495991b7852b855,completed,False,,,
rdfs_owlrl,3,100,7021,EXT-Q28,security_identity,core,authorities,data_owner,confidential,set_union,edge1|edge2|edge3,3,19.556148,58.066468,0,,e3b0c44298fc1c149afbf4c8996fb92427ae41e4649b934ca495991b7852b855,completed,False,,,
rdfs_owlrl,3,100,7021,EXT-Q29,security_identity,core,cloud,global,internal,single,cloud,1,3.385429,3.385429,1,,5e56d4b1c34d01016304a6e8bc0397a3d6e7898ce43942ff1b6aab07b06810f2,completed,False,,,
rdfs_owlrl,3,100,7021,EXT-Q30,security_identity,core,cloud,global,internal,single,cloud,1,2.673412,2.673412,0,,e3b0c44298fc1c149afbf4c8996fb92427ae41e4649b934ca495991b7852b855,completed,False,,,
rdfs_owlrl,3,100,7021,EXT-Q31,data_lifecycle,core,authorities,data_owner,confidential,set_union,edge1|edge2|edge3,3,23.561567,59.700567,0,,e3b0c44298fc1c149afbf4c8996fb92427ae41e4649b934ca495991b7852b855,completed,False,,,
rdfs_owlrl,3,100,7021,EXT-Q32,data_lifecycle,core,authorities,data_owner,confidential,set_union,edge1|edge2|edge3,3,11.044889,32.916458,0,,e3b0c44298fc1c149afbf4c8996fb92427ae41e4649b934ca495991b7852b855,completed,False,,,
rdfs_owlrl,3,100,7021,EXT-Q33,data_lifecycle,core,authorities,data_owner,confidential,set_union,edge1|edge2|edge3,3,22.130223,65.559676,0,,e3b0c44298fc1c149afbf4c8996fb92427ae41e4649b934ca495991b7852b855,completed,False,,,
rdfs_owlrl,3,100,7021,EXT-Q34,data_lifecycle,core,authorities,data_owner,confidential,set_union,edge1|edge2|edge3,3,19.099241,55.475634,0,,e3b0c44298fc1c149afbf4c8996fb92427ae41e4649b934ca495991b7852b855,completed,False,,,
rdfs_owlrl,3,100,7021,EXT-Q35,data_lifecycle,core,authorities,data_owner,confidential,set_union,edge1|edge2|edge3,3,22.738408,65.117416,106,,f68d3a56a8b372110adb0609644ee820cc2af42e928c009699efee64cbd66b70,completed,False,,,
rdfs_owlrl,3,100,7021,EXT-Q36,context_zones,core,authority_key:http://example.org/smartcity#UserA,data_owner,confidential,single,edge1,1,21.470907,21.470907,1,,b691a10c930fd32c789bb07f0f1fd7d606e3241b1fbe110ce3bb9c0f5b95cd37,completed,False,,,
rdfs_owlrl,3,100,7021,EXT-Q37,context_zones,domain,authorities,data_owner,restricted,set_union,edge1|edge2|edge3,3,64.103297,182.650093,0,,e3b0c44298fc1c149afbf4c8996fb92427ae41e4649b934ca495991b7852b855,completed,False,,,
rdfs_owlrl,3,100,7021,EXT-Q38,context_zones,domain,authorities,data_owner,restricted,set_union,edge1|edge2|edge3,3,35.385444,106.02026599999999,1,,d0d58146bc80e4e03947b8200631e8b89fdb27ee77b2a31daf4bee1a10c44367,completed,False,,,
rdfs_owlrl,3,100,7021,EXT-Q39,context_zones,core,authority_key:http://example.org/smartcity#UserA,data_owner,confidential,single,edge1,1,15.164296,15.164296,5,,1ca154c8210da56b45e42825f86a318f53dc0325a456648a0db2cbcced59de18,completed,False,,,
rdfs_owlrl,3,100,7021,EXT-Q40,trust,core,fog,regional,internal,single,fog,1,28.496407,28.496407,8,,668e8d3da023436e0b3b53c5f12489c55929c5346903d5c0b7b1b992f823f8df,completed,False,,,
rdfs_owlrl,3,100,7021,EXT-Q41,trust,core,fog,regional,internal,single,fog,1,144.508426,144.508426,0,,e3b0c44298fc1c149afbf4c8996fb92427ae41e4649b934ca495991b7852b855,completed,False,,,
rdfs_owlrl,3,100,7021,EXT-Q42,trust,core,fog,regional,internal,single,fog,1,29.453389,29.453389,5,,a936f8276a646c3f47213c62eb605f825d8fee770920c38f095ae922a5febc96,completed,False,,,
rdfs_owlrl,3,100,7021,EXT-Q43,trust,core,fog,regional,internal,single,fog,1,31.692851,31.692851,8,,b194843fbc8955399d428ae6e4e9bb4101fe20226aa76f0f1491397c8ce797c2,completed,False,,,
rdfs_owlrl,3,100,7021,EXT-Q44,trust,core,authorities,data_owner,confidential,set_union,edge1|edge2|edge3,3,29.512685,69.256692,10,,106b6808e582efd6a78626f18c7807191e7a08ebe629f87847227d80e6ce6f19,completed,False,,,
rdfs_owlrl,3,100,7021,EXT-Q45,trust,core,authorities,data_owner,confidential,set_union,edge1|edge2|edge3,3,51.194842,143.166249,0,,e3b0c44298fc1c149afbf4c8996fb92427ae41e4649b934ca495991b7852b855,completed,False,,,
rdfs_owlrl,3,100,7021,EXT-Q46,decision,core,authorities,data_owner,confidential,set_union,edge1|edge2|edge3,3,32.415574,85.835014,11,,497649f7b7fb5bb312db17c133552fcb5363c177bcdf3a7d4da3f9e09d27ef3a,completed,False,,,
rdfs_owlrl,3,100,7021,EXT-Q47,decision,core,authorities,data_owner,confidential,set_union,edge1|edge2|edge3,3,39.289351,96.848832,0,,e3b0c44298fc1c149afbf4c8996fb92427ae41e4649b934ca495991b7852b855,completed,False,,,
rdfs_owlrl,3,100,7021,EXT-Q48,decision,core,authorities,data_owner,confidential,set_union,edge1|edge2|edge3,3,34.009037,96.384631,0,,e3b0c44298fc1c149afbf4c8996fb92427ae41e4649b934ca495991b7852b855,completed,False,,,
rdfs_owlrl,3,100,7021,EXT-Q49,decision,core,authorities,data_owner,confidential,set_union,edge1|edge2|edge3,3,27.971037,80.560496,8,,61a1a998385e4071933469d06cffd5e2cd092016daefcdce08d2e38a8bf4d078,completed,False,,,
rdfs_owlrl,3,100,7021,EXT-Q50,decision,core,authorities,data_owner,confidential,set_union,edge1|edge2|edge3,3,33.003282,98.88700499999999,0,,e3b0c44298fc1c149afbf4c8996fb92427ae41e4649b934ca495991b7852b855,completed,False,,,
rdfs_owlrl,3,100,7021,EXT-Q51,decision,core,authorities,data_owner,confidential,set_union,edge1|edge2|edge3,3,31.574019,77.199176,32,,d96e9e0968e2bb5a55d9ce98a9e9522d5cb6082d083dcb5d8b65c30d87614d48,completed,False,,,
rdfs_owlrl,3,100,7021,EXT-Q52,decision,core,authorities,data_owner,confidential,set_union,edge1|edge2|edge3,3,30.203963,74.592638,32,,e4cc722951be46789eb75264501a53ba96774192510017491e856efc76f0aa19,completed,False,,,
rdfs_owlrl,3,100,7021,EXT-Q53,decision,core,authorities,data_owner,confidential,set_union,edge1|edge2|edge3,3,50.599889,146.026207,0,,e3b0c44298fc1c149afbf4c8996fb92427ae41e4649b934ca495991b7852b855,completed,False,,,
rdfs_owlrl,3,100,7021,EXT-Q54,decision,domain,authorities,data_owner,restricted,set_union,edge1|edge2|edge3,3,38.465204,109.945082,0,,e3b0c44298fc1c149afbf4c8996fb92427ae41e4649b934ca495991b7852b855,completed,False,,,
rdfs_owlrl,3,100,7021,EXT-Q55,decision,core,authorities,data_owner,confidential,set_union,edge1|edge2|edge3,3,20.776277,59.059357000000006,8,,8c3e48566f94616cee569d9b5812ba30ec566c1adc22c2c92d13749c523df534,completed,False,,,
rdfs_owlrl,3,100,7021,EXT-Q56,decision,core,authorities,data_owner,confidential,set_union,edge1|edge2|edge3,3,50.650833,148.220374,0,,e3b0c44298fc1c149afbf4c8996fb92427ae41e4649b934ca495991b7852b855,completed,False,,,
rdfs_owlrl,3,100,7021,EXT-Q57,decision,core,authorities,data_owner,confidential,set_union,edge1|edge2|edge3,3,24.997697,62.785345,7,,058d2944c03f01a48917edc20c871d5f86e2b184778cd894bf433e94a8ffca12,completed,False,,,
rdfs_owlrl,3,100,7021,EXT-Q58,decision,core,authorities,data_owner,confidential,set_union,edge1|edge2|edge3,3,29.985333,88.295573,7,,5a003716962d1299d69dd1de460f6a48eb40b34fbbb1eeb486379f039621a795,completed,False,,,
rdfs_owlrl,3,100,7021,EXT-Q59,adaptation,core,authorities,data_owner,confidential,set_union,edge1|edge2|edge3,3,73.894555,151.388066,46,,6d76048920e8bb121bc7b88947a49ba8133cedadb9c2c7dcfa1f864eb8cdb281,completed,False,,,
rdfs_owlrl,3,100,7021,EXT-Q60,adaptation,core,authorities,data_owner,confidential,set_union,edge1|edge2|edge3,3,27.179185,78.289032,1,,285931564bf116179a45da920fdf958a3347ea1df763213bb7e2afba77c47d16,completed,False,,,
rdfs_owlrl,3,100,7021,EXT-Q61,adaptation,core,authorities,data_owner,confidential,set_union,edge1|edge2|edge3,3,8.020389,23.722011,0,,e3b0c44298fc1c149afbf4c8996fb92427ae41e4649b934ca495991b7852b855,completed,False,,,
rdfs_owlrl,3,100,7021,EXT-Q62,adaptation,core,authorities,data_owner,confidential,set_union,edge1|edge2|edge3,3,23.162759,67.207046,1,,3dafef0eca79c68f05b79939f40198bc13232639d500d3e9875bc263b0f00d4d,completed,False,,,
rdfs_owlrl,3,100,7021,EXT-Q63,delegation,core,authorities,data_owner,confidential,set_union,edge1|edge2|edge3,3,25.163611,72.43814,1,,d4b4c3785ae985658dfc4a4433dd002e5aec5a2321080af4e85474c06a3404f5,completed,False,,,
rdfs_owlrl,3,100,7021,EXT-Q64,delegation,core,authorities,data_owner,confidential,set_union,edge1|edge2|edge3,3,21.550963,63.178914999999996,0,,e3b0c44298fc1c149afbf4c8996fb92427ae41e4649b934ca495991b7852b855,completed,False,,,
rdfs_owlrl,3,100,7021,EXT-Q65,delegation,core,authorities,data_owner,confidential,set_union,edge1|edge2|edge3,3,13.165537,39.311054,0,,e3b0c44298fc1c149afbf4c8996fb92427ae41e4649b934ca495991b7852b855,completed,False,,,
rdfs_owlrl,3,100,7021,EXT-Q66,federation,core,authorities,data_owner,confidential,set_union,edge1|edge2|edge3,3,25.568056,72.947752,2,,1a9af60cfbb87dd79b68021c3d70e1ee6f230e648f1ad6360ef50fffd374b4df,completed,False,,,
rdfs_owlrl,3,100,7021,EXT-Q67,federation,core,authorities,data_owner,confidential,set_union,edge1|edge2|edge3,3,39.620889,115.88566,0,,e3b0c44298fc1c149afbf4c8996fb92427ae41e4649b934ca495991b7852b855,completed,False,,,
rdfs_owlrl,3,100,7021,EXT-Q68,federation,core,authorities,data_owner,confidential,set_union,edge1|edge2|edge3,3,25.934611,73.657844,0,,e3b0c44298fc1c149afbf4c8996fb92427ae41e4649b934ca495991b7852b855,completed,False,,,
rdfs_owlrl,3,100,7021,EXT-Q69,federation,core,authorities,data_owner,confidential,set_union,edge1|edge2|edge3,3,29.74813,83.542385,2,,8271d93912e320b11a3ca6d70e5061d5132abb26053b022198090871531d61eb,completed,False,,,
rdfs_owlrl,3,100,7021,EXT-Q70,audit_temporal,core,authorities,data_owner,confidential,set_union,edge1|edge2|edge3,3,110.736315,182.679805,204,,01824916f48e90d6c6df066f2950c4d8a2e2d6f71ba4af556d43e8921ae41930,completed,False,,,
rdfs_owlrl,3,100,7021,EXT-Q71,audit_temporal,core,authorities,data_owner,confidential,set_union,edge1|edge2|edge3,3,42.302407,111.551635,0,,e3b0c44298fc1c149afbf4c8996fb92427ae41e4649b934ca495991b7852b855,completed,False,,,
rdfs_owlrl,3,100,7021,EXT-Q72,audit_temporal,core,authorities,data_owner,confidential,set_union,edge1|edge2|edge3,3,29.905296,81.868736,0,,e3b0c44298fc1c149afbf4c8996fb92427ae41e4649b934ca495991b7852b855,completed,False,,,
rdfs_owlrl,3,100,7021,EXT-Q73,audit_temporal,core,authorities,data_owner,confidential,set_union,edge1|edge2|edge3,3,272.882944,752.50154,1010,,8063e96114d0974d3751ccec20b20889462cf9f199bff40c10b7b815850c2cba,completed,False,,,
rdfs_owlrl,3,100,7021,EXT-Q74,audit_temporal,core,authorities,data_owner,confidential,set_union,edge1|edge2|edge3,3,388.590426,1073.654779,0,,e3b0c44298fc1c149afbf4c8996fb92427ae41e4649b934ca495991b7852b855,completed,False,,,
rdfs_owlrl,3,100,7021,EXT-Q75,validation,core,cloud,global,internal,single,cloud,1,17.416145,17.416145,74,,8dd432df42d733f2411b2aebc51682848ddadc97425c41088f0a99090f77f1c0,completed,False,,,
rdfs_owlrl,3,100,7021,EXT-Q76,validation,core,cloud,global,internal,single,cloud,1,38.731037,38.731037,9,,50bf3d3f7f446e045722279f6d243ecc804cd2cf73b381d9c89f530b567855ea,completed,False,,,
rdfs_owlrl,3,100,7021,EXT-Q77,validation,core,cloud,global,internal,single,cloud,1,15.607122,15.607122,6,,ba52fb52449a77784e328f0aaa19807ddd9156c7457ea722a8af2f2082dce9ad,completed,False,,,
rdfs_owlrl,3,100,7021,EXT-Q78,policy_governance,core,cloud,global,internal,single,cloud,1,24.357898,24.357898,37,,dc49d089c1cfb621b31177ad5794c8ca7638f40689eba56af4f4ea2a38c683f1,completed,False,,,
rdfs_owlrl,3,100,7021,EXT-Q79,policy_governance,core,cloud,global,internal,single,cloud,1,10.509235,10.509235,0,,e3b0c44298fc1c149afbf4c8996fb92427ae41e4649b934ca495991b7852b855,completed,False,,,
rdfs_owlrl,3,100,7021,EXT-Q80,validation,core,cloud,global,internal,single,cloud,1,31.750577,31.750577,13,,7b81a06628b0ed47983abd578c902f47906271bc5a38f63144daa74510daf865,completed,False,,,
rdfs,1,500,35105,BASE-Q01,identity_consent,core,authorities,data_owner,confidential,set_union,edge1|edge2|edge3,3,321.832907,511.02369,504,,ff3ce94d275620cecc9b21539d797cc3a2da2f115be4d99cf02e00d53299236f,completed,False,,,
rdfs,1,500,35105,BASE-Q02,topology,core,authority_key:http://example.org/smartcity#UserB,data_owner,confidential,single,edge2,1,22.425833,22.425833,15,,75cd8629893d8c6b89f6b8595efb4766ec72ade5f4d73c1d2cdad2a96f560e6b,completed,False,,,
rdfs,1,500,35105,BASE-Q03,wellbeing,domain,authorities,data_owner,restricted,set_union,edge1|edge2|edge3,3,66.982186,198.982509,504,,0f2fd59ce6dac99c6d4b906f7fa3533d34f49d248f3a0542a4ae6fa554f74947,completed,False,,,
rdfs,1,500,35105,BASE-Q04,decision,core,authority_key:http://example.org/smartcity#UserB,data_owner,confidential,single,edge2,1,25.737037,25.737037,7,,cc222a87554e870ffae43cba023647670c0589b8ec1b4500dd1d797a399c3bf2,completed,False,,,
rdfs,1,500,35105,BASE-Q05,wellbeing,domain,authorities,data_owner,restricted,set_union,edge1|edge2|edge3,3,20.3905,58.159394,5,,4b096b851fd9e6935d2e2e6c7bd57464c473db58008af4b34e60338033a84d23,completed,False,,,
rdfs,1,500,35105,BASE-Q06,identity_consent,core,cloud,global,internal,single,cloud,1,4.829186,4.829186,10,,f8aebcef3bdb5c68142d34426190fd6a36c4b31394471c9c7602e6c19e67ff84,completed,False,,,
rdfs,1,500,35105,BASE-Q07,observability,core,fog,regional,internal,single,fog,1,38.552481,38.552481,14,,814259ff1cb4d14a703b44dfa8ac1609e4a6f41bbceee0d8c046f23586242dd3,completed,False,,,
rdfs,1,500,35105,BASE-Q08,observability,core,fog,regional,internal,single,fog,1,39.674667,39.674667,2,,6527f1e187dfa51f5dc78e109fe2d9fb47aed82a4ec8f897d1dda6ee6850aa0a,completed,False,,,
rdfs,1,500,35105,BASE-Q09,wellbeing,domain,authorities,data_owner,restricted,set_union,edge1|edge2|edge3,3,113.814019,336.48962,506,,03fb5c704e3543a11dd248a2d894ccb7afaefd99ca08beba2ce6c544912d41c7,completed,False,,,
rdfs,1,500,35105,BASE-Q10,observability,domain,authorities,data_owner,restricted,set_union,edge1|edge2|edge3,3,273.793204,811.427541,504,,10d067607b3e689df21e19820fec64c4ef53e0b5eb53b9a713732558aa7f0071,completed,False,,,
rdfs,1,500,35105,BASE-Q11,wellbeing,core,authority_key:http://example.org/smartcity#UserA,data_owner,confidential,single,edge1,1,14.483352,14.483352,1,,941d461ce01f2fa52ba95291e46e52524d75bd44e2b938eab7e81404936a8b7c,completed,False,,,
rdfs,1,500,35105,BASE-Q12,adaptation,core,authorities,data_owner,confidential,set_union,edge1|edge2|edge3,3,14.997222,43.774369,1,,ddcd6b8cd42f3d2e1f6aa052eeeca5d4423f9db85cdc91915481db3956dfffff,completed,False,,,
rdfs,1,500,35105,BASE-Q13,adaptation,core,authorities,data_owner,confidential,set_union,edge1|edge2|edge3,3,27.656352,63.959299,1,,25e56d4be1969d1d6de5386e2c3ff26456f8069edb7847a9dc7e32a9b09c8948,completed,False,,,
rdfs,1,500,35105,BASE-Q14,delegation,core,authority_key:http://example.org/smartcity#UserA,data_owner,confidential,single,edge1,1,16.828815,16.828815,1,,dcd8c3258e95549dde016df10cf22183c036214d75d30e686ca7ac2fb5ea3271,completed,False,,,
rdfs,1,500,35105,BASE-Q15,identity_consent,core,authorities,data_owner,confidential,set_union,edge1|edge2|edge3,3,12.009018,35.250068999999996,1,,7ac55bded7c8d1294bfcac4ddeb28b5921a8083a19185e216bf5d1c0d62bd370,completed,False,,,
rdfs,1,500,35105,BASE-Q16,federation,core,authorities,data_owner,confidential,set_union,edge1|edge2|edge3,3,26.524815,74.70847499999999,3,,550eeca87dc96402bbed090f1737eaacfb6b27d2290401797018cbcf303b8147,completed,False,,,
rdfs,1,500,35105,BASE-Q17,context_zones,domain,authorities,data_owner,restricted,set_union,edge1|edge2|edge3,3,21.940823,63.82374900000001,1,,50b7b5a085e0802a1897953a959e0c9ea4c5f943dc26de55b2219ea7deac4b89,completed,False,,,
rdfs,1,500,35105,BASE-Q18,context_zones,core,authorities,data_owner,confidential,set_union,edge1|edge2|edge3,3,13.059314,33.11992,1,,200d4d55bb0d8b9374961d2df3fa99d83d8caf54dc79a7784bb84dd44b081eda,completed,False,,,
rdfs,1,500,35105,BASE-Q19,decision,core,fog,regional,internal,single,fog,1,36.50787,36.50787,9,,443ff98a2de06ad51f558d63e0e63398d704563a4c9e035dd9323360e09c09bb,completed,False,,,
rdfs,1,500,35105,BASE-Q20,identity_consent,domain,authorities,data_owner,restricted,set_union,edge1|edge2|edge3,3,115.695408,343.047531,504,,3884a662286545e0d04aac3e476e174a688df12eb4de66112e76c1dcceba3b3a,completed,False,,,
rdfs,1,500,35105,BASE-Q21,decision,core,authorities,data_owner,confidential,set_union,edge1|edge2|edge3,3,32.129926,85.804831,11,,7fc13e36a90de226eedecbd26ccd453be5ba11798c2c5af4a7d857a15cbb7e1e,completed,False,,,
rdfs,1,500,35105,BASE-Q22,adaptation,core,authorities,data_owner,confidential,set_union,edge1|edge2|edge3,3,24.852519,71.390179,3,,70205401426a8e8adbf4220710b3638c6a47af2e7e7264f0b771b1bcbb070e80,completed,False,,,
rdfs,1,500,35105,BASE-Q23,topology,core,authorities,data_owner,confidential,set_union,edge1|edge2|edge3,3,104.196277,309.663349,501,,e05e7092a4cf6ac418481aaf8b197928d727f7b1a4599f0dc4726278b0a68a0e,completed,False,,,
rdfs,1,500,35105,BASE-Q24,federation,core,authorities,data_owner,confidential,set_union,edge1|edge2|edge3,3,36.904074,88.774717,5,,0d4871d54d4eadbfa110f9223c2a6b641ea8c65326db34ade1288d5eab5ceb54,completed,False,,,
rdfs,1,500,35105,BASE-Q25,identity_consent,core,authorities,data_owner,confidential,set_union,edge1|edge2|edge3,3,16.319594,43.217946,1,,4591a69ecb6837fd65b28a9688ad10f0fb7b8ca54c1a6ac395ef142fc831cfbf,completed,False,,,
rdfs,1,500,35105,BASE-Q26,observability,core,fog,regional,internal,boolean_or,fog,1,6.663389,6.663389,1,True,35df7182aa6c75e0a1066245f679b81ec9ad05e9964a0684980a466c9cc63ac4,completed,False,,,
rdfs,1,500,35105,BASE-Q27,adaptation,core,authorities,data_owner,confidential,boolean_or,edge1|edge2|edge3,3,8.872426,26.191603,1,True,35df7182aa6c75e0a1066245f679b81ec9ad05e9964a0684980a466c9cc63ac4,completed,False,,,
rdfs,1,500,35105,BASE-Q28,identity_consent,domain,authorities,data_owner,restricted,boolean_or,edge1|edge2|edge3,3,289.861259,387.655998,0,False,92b91e0dd8f69dcc43f3c56062f944147504cf0d80f20c98005fda34c727fd7e,completed,False,,,
rdfs,1,500,35105,BASE-Q29,topology,core,fog,regional,internal,boolean_or,fog,1,14.209445,14.209445,1,True,35df7182aa6c75e0a1066245f679b81ec9ad05e9964a0684980a466c9cc63ac4,completed,False,,,
rdfs,1,500,35105,BASE-Q30,federation,core,authorities,data_owner,confidential,boolean_or,edge1|edge2|edge3,3,7.427972,20.901916,1,True,35df7182aa6c75e0a1066245f679b81ec9ad05e9964a0684980a466c9cc63ac4,completed,False,,,
rdfs,1,500,35105,BASE-Q31,identity_consent,core,cloud,global,internal,single,cloud,1,8.408225,8.408225,3,,a3f296325bd2022ac9e2fb848837fc93d53db534fb2c2f6ac0ff467cd99cd89c,completed,False,,,
rdfs,1,500,35105,BASE-Q32,decision,core,fog,regional,internal,single,fog,1,16.290704,16.290704,4,,b91031de6b6257d2428b9195175f3c860291b874d6603c50eb4713a1b65b2628,completed,False,,,
rdfs,1,500,35105,BASE-Q33,observability,core,authority_key:http://example.org/smartcity#UserB,data_owner,confidential,single,edge2,1,23.817352,23.817352,6,,8e363408b0b303261d66b3e54c3fa0778a8cd897c4c0b092f738052acc24c9a2,completed,False,,,
rdfs,1,500,35105,BASE-Q34,topology,core,fog,regional,internal,single,fog,1,10.779019,10.779019,1,,7c66062f36ae31e8068455da76c0bb4f918e7f6b8ecee7cd8a7946f3b6047884,completed,False,,,
rdfs,1,500,35105,BASE-Q35,delegation,core,authorities,data_owner,confidential,set_union,edge1|edge2|edge3,3,228.356119,316.336101,180,,496f817f7c8ccec2b677b93877c2e54259f1052bee3fa9bbc330cf1af1a46630,completed,False,,,
rdfs,1,500,35105,EXT-Q01,semantic_schema,core,cloud,global,internal,single,cloud,1,9.007597,9.007597,6,,66d5edbbdc2282624ffec271a4a523a20fdc7331b886d2884edf86a885532bcc,completed,False,,,
rdfs,1,500,35105,EXT-Q02,semantic_schema,core,cloud,global,internal,single,cloud,1,5.011862,5.011862,3,,81bea9a8c2d4cf1237d7fb131249cc18ec4ca629eeabaadbd5f0b9b58d3e3333,completed,False,,,
rdfs,1,500,35105,EXT-Q03,policy_governance,core,cloud,global,internal,single,cloud,1,15.522868,15.522868,79,,d73ae3d5ddfcd345147bae778101c21ab13194fca3fa92ad08259d39931b66d5,completed,False,,,
rdfs,1,500,35105,EXT-Q04,policy_governance,core,cloud,global,internal,single,cloud,1,22.410803,22.410803,55,,fced7e97d29b215a8321753998b7519dc1825dacc4af090c67ffc54bee4479bc,completed,False,,,
rdfs,1,500,35105,EXT-Q05,semantic_schema,core,cloud,global,internal,single,cloud,1,18.224457,18.224457,17,,e0fc9190703b6a7b2695ddc448f5c7e54c4feeff2545477c3194ebfd8ccb1f0c,completed,False,,,
rdfs,1,500,35105,EXT-Q06,semantic_schema,core,cloud,global,internal,single,cloud,1,5.203777,5.203777,12,,1377568d225cfb45a1899c2ea951adf7ebda5ada4e188dbf5f114110484fa3ae,completed,False,,,
rdfs,1,500,35105,EXT-Q07,policy_governance,core,cloud,global,internal,single,cloud,1,9.21475,9.21475,67,,c3cf27e703656fdaa8295f23b31076c1afcb14a5022b1b47538e2961fe033646,completed,False,,,
rdfs,1,500,35105,EXT-Q08,policy_governance,core,cloud,global,internal,single,cloud,1,54.69513,54.69513,1089,,cb9e0103c9327f1c4691ec9d7612deebd04c0e73140f23e2a6209bb8af1efc51,completed,False,,,
rdfs,1,500,35105,EXT-Q09,policy_governance,core,cloud,global,internal,single,cloud,1,17.520814,17.520814,6,,68de07660e010156bf3f3ea01000180657c8e8fc155ac9a053c3a64dbc538102,completed,False,,,
rdfs,1,500,35105,EXT-Q10,policy_governance,core,cloud,global,internal,single,cloud,1,52.344068,52.344068,0,,e3b0c44298fc1c149afbf4c8996fb92427ae41e4649b934ca495991b7852b855,completed,False,,,
rdfs,1,500,35105,EXT-Q11,identity_consent,core,authorities,data_owner,confidential,set_union,edge1|edge2|edge3,3,100.037019,294.625993,525,,7a184c1471f857803678b1c098023801815a3697bad5e739cdc7e868fe057fa7,completed,False,,,
rdfs,1,500,35105,EXT-Q12,identity_consent,core,authorities,data_owner,confidential,set_union,edge1|edge2|edge3,3,101.690907,294.69675,528,,52290a2b1307cd4d9af1d7e2de22fce9b588933c38babca6118cebd24243116f,completed,False,,,
rdfs,1,500,35105,EXT-Q13,identity_consent,core,authorities,data_owner,confidential,set_union,edge1|edge2|edge3,3,135.17313,402.998557,0,,e3b0c44298fc1c149afbf4c8996fb92427ae41e4649b934ca495991b7852b855,completed,False,,,
rdfs,1,500,35105,EXT-Q14,identity_consent,core,authorities,data_owner,confidential,set_union,edge1|edge2|edge3,3,135.011611,401.83481399999994,0,,e3b0c44298fc1c149afbf4c8996fb92427ae41e4649b934ca495991b7852b855,completed,False,,,
rdfs,1,500,35105,EXT-Q15,identity_consent,core,authorities,data_owner,confidential,set_union,edge1|edge2|edge3,3,1418.251184,4142.579414,0,,e3b0c44298fc1c149afbf4c8996fb92427ae41e4649b934ca495991b7852b855,completed,False,,,
rdfs,1,500,35105,EXT-Q16,identity_consent,core,authorities,data_owner,confidential,set_union,edge1|edge2|edge3,3,866.920185,2584.1145859999997,0,,e3b0c44298fc1c149afbf4c8996fb92427ae41e4649b934ca495991b7852b855,completed,False,,,
rdfs,1,500,35105,EXT-Q17,identity_consent,core,authorities,data_owner,confidential,set_union,edge1|edge2|edge3,3,42.353778,95.380163,8,,3071bd3ad9cc1daac2632f317152a64e2d9d9e0d189068465ece1f8c3872334f,completed,False,,,
rdfs,1,500,35105,EXT-Q18,identity_consent,core,authorities,data_owner,confidential,set_union,edge1|edge2|edge3,3,161.719907,474.499362,0,,e3b0c44298fc1c149afbf4c8996fb92427ae41e4649b934ca495991b7852b855,completed,False,,,
rdfs,1,500,35105,EXT-Q19,identity_consent,core,authorities,data_owner,confidential,set_union,edge1|edge2|edge3,3,110.050519,323.291245,0,,e3b0c44298fc1c149afbf4c8996fb92427ae41e4649b934ca495991b7852b855,completed,False,,,
rdfs,1,500,35105,EXT-Q20,identity_consent,core,authorities,data_owner,confidential,set_union,edge1|edge2|edge3,3,13.336926,38.856626,0,,e3b0c44298fc1c149afbf4c8996fb92427ae41e4649b934ca495991b7852b855,completed,False,,,
rdfs,1,500,35105,EXT-Q21,identity_consent,core,authorities,data_owner,confidential,set_union,edge1|edge2|edge3,3,29.086425,74.465879,42,,5f5f842f77c77fd4daaf1aeead5ac66f83ba3baa3a0c30af7c9fc75f471e69cc,completed,False,,,
rdfs,1,500,35105,EXT-Q22,security_identity,domain,authorities,data_owner,restricted,set_union,edge1|edge2|edge3,3,431.143018,1199.908662,0,,e3b0c44298fc1c149afbf4c8996fb92427ae41e4649b934ca495991b7852b855,completed,False,,,
rdfs,1,500,35105,EXT-Q23,data_lifecycle,core,authorities,data_owner,confidential,set_union,edge1|edge2|edge3,3,25.811352,73.387067,3,,3955e7b96dea26719774b2d2a200be73c38cf84521f9352a6b96ed1af0a71d7a,completed,False,,,
rdfs,1,500,35105,EXT-Q24,data_lifecycle,core,authorities,data_owner,confidential,set_union,edge1|edge2|edge3,3,139.231685,410.677464,502,,cc6ab0f000aa5583447de693f3ecb6b7f61b8b4d68cc162137de3731343157b2,completed,False,,,
rdfs,1,500,35105,EXT-Q25,data_lifecycle,domain,authorities,data_owner,restricted,set_union,edge1|edge2|edge3,3,210.784926,625.0459430000001,0,,e3b0c44298fc1c149afbf4c8996fb92427ae41e4649b934ca495991b7852b855,completed,False,,,
rdfs,1,500,35105,EXT-Q26,security_identity,core,authorities,data_owner,confidential,set_union,edge1|edge2|edge3,3,490.298963,1461.991258,504,,568ca4d1de868bca17daf5210eada824632ea4de68b88ee9e12e09afc2485226,completed,False,,,
rdfs,1,500,35105,EXT-Q27,security_identity,core,authorities,data_owner,confidential,set_union,edge1|edge2|edge3,3,44.167778,115.436933,0,,e3b0c44298fc1c149afbf4c8996fb92427ae41e4649b934ca495991b7852b855,completed,False,,,
rdfs,1,500,35105,EXT-Q28,security_identity,core,authorities,data_owner,confidential,set_union,edge1|edge2|edge3,3,19.932463,56.996116,0,,e3b0c44298fc1c149afbf4c8996fb92427ae41e4649b934ca495991b7852b855,completed,False,,,
rdfs,1,500,35105,EXT-Q29,security_identity,core,cloud,global,internal,single,cloud,1,16.439629,16.439629,1,,5e56d4b1c34d01016304a6e8bc0397a3d6e7898ce43942ff1b6aab07b06810f2,completed,False,,,
rdfs,1,500,35105,EXT-Q30,security_identity,core,cloud,global,internal,single,cloud,1,2.49702,2.49702,0,,e3b0c44298fc1c149afbf4c8996fb92427ae41e4649b934ca495991b7852b855,completed,False,,,
rdfs,1,500,35105,EXT-Q31,data_lifecycle,core,authorities,data_owner,confidential,set_union,edge1|edge2|edge3,3,18.634834,54.564597,0,,e3b0c44298fc1c149afbf4c8996fb92427ae41e4649b934ca495991b7852b855,completed,False,,,
rdfs,1,500,35105,EXT-Q32,data_lifecycle,core,authorities,data_owner,confidential,set_union,edge1|edge2|edge3,3,12.337574,35.269699,0,,e3b0c44298fc1c149afbf4c8996fb92427ae41e4649b934ca495991b7852b855,completed,False,,,
rdfs,1,500,35105,EXT-Q33,data_lifecycle,core,authorities,data_owner,confidential,set_union,edge1|edge2|edge3,3,22.663074,66.69317600000001,0,,e3b0c44298fc1c149afbf4c8996fb92427ae41e4649b934ca495991b7852b855,completed,False,,,
rdfs,1,500,35105,EXT-Q34,data_lifecycle,core,authorities,data_owner,confidential,set_union,edge1|edge2|edge3,3,19.570833,57.243487,0,,e3b0c44298fc1c149afbf4c8996fb92427ae41e4649b934ca495991b7852b855,completed,False,,,
rdfs,1,500,35105,EXT-Q35,data_lifecycle,core,authorities,data_owner,confidential,set_union,edge1|edge2|edge3,3,52.36424,154.50786,506,,e159afa16c0ecbbd3cf7fcff418e7e26ab45563c465ecee53dd366752837dae4,completed,False,,,
rdfs,1,500,35105,EXT-Q36,context_zones,core,authority_key:http://example.org/smartcity#UserA,data_owner,confidential,single,edge1,1,23.798592,23.798592,1,,b691a10c930fd32c789bb07f0f1fd7d606e3241b1fbe110ce3bb9c0f5b95cd37,completed,False,,,
rdfs,1,500,35105,EXT-Q37,context_zones,domain,authorities,data_owner,restricted,set_union,edge1|edge2|edge3,3,75.881167,194.324759,0,,e3b0c44298fc1c149afbf4c8996fb92427ae41e4649b934ca495991b7852b855,completed,False,,,
rdfs,1,500,35105,EXT-Q38,context_zones,domain,authorities,data_owner,restricted,set_union,edge1|edge2|edge3,3,39.620981,117.591604,1,,d0d58146bc80e4e03947b8200631e8b89fdb27ee77b2a31daf4bee1a10c44367,completed,False,,,
rdfs,1,500,35105,EXT-Q39,context_zones,core,authority_key:http://example.org/smartcity#UserA,data_owner,confidential,single,edge1,1,15.686833,15.686833,5,,1ca154c8210da56b45e42825f86a318f53dc0325a456648a0db2cbcced59de18,completed,False,,,
rdfs,1,500,35105,EXT-Q40,trust,core,fog,regional,internal,single,fog,1,31.285741,31.285741,12,,44d1133750d0daf65e973d007b6a6e9b1e1cf12491f15ed0d6fec1877346ffa9,completed,False,,,
rdfs,1,500,35105,EXT-Q41,trust,core,fog,regional,internal,single,fog,1,27.925704,27.925704,0,,e3b0c44298fc1c149afbf4c8996fb92427ae41e4649b934ca495991b7852b855,completed,False,,,
rdfs,1,500,35105,EXT-Q42,trust,core,fog,regional,internal,single,fog,1,20.596185,20.596185,9,,f05876d6579062dc6d4275cbdc95e4e521b19a1850e9ebef4a6cb7a737cd9c12,completed,False,,,
rdfs,1,500,35105,EXT-Q43,trust,core,fog,regional,internal,single,fog,1,34.6625,34.6625,12,,09e36e91c47b761f1f036d024c43d3a5da0aa11bcdec5c62a51401f663593326,completed,False,,,
rdfs,1,500,35105,EXT-Q44,trust,core,authorities,data_owner,confidential,set_union,edge1|edge2|edge3,3,28.261018,68.11119099999999,10,,106b6808e582efd6a78626f18c7807191e7a08ebe629f87847227d80e6ce6f19,completed,False,,,
rdfs,1,500,35105,EXT-Q45,trust,core,authorities,data_owner,confidential,set_union,edge1|edge2|edge3,3,49.967204,147.117783,0,,e3b0c44298fc1c149afbf4c8996fb92427ae41e4649b934ca495991b7852b855,completed,False,,,
rdfs,1,500,35105,EXT-Q46,decision,core,authorities,data_owner,confidential,set_union,edge1|edge2|edge3,3,38.677018,92.297737,11,,497649f7b7fb5bb312db17c133552fcb5363c177bcdf3a7d4da3f9e09d27ef3a,completed,False,,,
rdfs,1,500,35105,EXT-Q47,decision,core,authorities,data_owner,confidential,set_union,edge1|edge2|edge3,3,38.591167,96.756907,0,,e3b0c44298fc1c149afbf4c8996fb92427ae41e4649b934ca495991b7852b855,completed,False,,,
rdfs,1,500,35105,EXT-Q48,decision,core,authorities,data_owner,confidential,set_union,edge1|edge2|edge3,3,42.722759,104.78409400000001,0,,e3b0c44298fc1c149afbf4c8996fb92427ae41e4649b934ca495991b7852b855,completed,False,,,
rdfs,1,500,35105,EXT-Q49,decision,core,authorities,data_owner,confidential,set_union,edge1|edge2|edge3,3,28.027481,79.582329,8,,61a1a998385e4071933469d06cffd5e2cd092016daefcdce08d2e38a8bf4d078,completed,False,,,
rdfs,1,500,35105,EXT-Q50,decision,core,authorities,data_owner,confidential,set_union,edge1|edge2|edge3,3,40.223481,105.953744,0,,e3b0c44298fc1c149afbf4c8996fb92427ae41e4649b934ca495991b7852b855,completed,False,,,
rdfs,1,500,35105,EXT-Q51,decision,core,authorities,data_owner,confidential,set_union,edge1|edge2|edge3,3,31.781055,77.240472,32,,d96e9e0968e2bb5a55d9ce98a9e9522d5cb6082d083dcb5d8b65c30d87614d48,completed,False,,,
rdfs,1,500,35105,EXT-Q52,decision,core,authorities,data_owner,confidential,set_union,edge1|edge2|edge3,3,30.045759,74.254435,32,,e4cc722951be46789eb75264501a53ba96774192510017491e856efc76f0aa19,completed,False,,,
rdfs,1,500,35105,EXT-Q53,decision,core,authorities,data_owner,confidential,set_union,edge1|edge2|edge3,3,51.49876,146.913358,0,,e3b0c44298fc1c149afbf4c8996fb92427ae41e4649b934ca495991b7852b855,completed,False,,,
rdfs,1,500,35105,EXT-Q54,decision,domain,authorities,data_owner,restricted,set_union,edge1|edge2|edge3,3,81.005648,235.15300299999998,0,,e3b0c44298fc1c149afbf4c8996fb92427ae41e4649b934ca495991b7852b855,completed,False,,,
rdfs,1,500,35105,EXT-Q55,decision,core,authorities,data_owner,confidential,set_union,edge1|edge2|edge3,3,20.953648,59.24365400000001,8,,8c3e48566f94616cee569d9b5812ba30ec566c1adc22c2c92d13749c523df534,completed,False,,,
rdfs,1,500,35105,EXT-Q56,decision,core,authorities,data_owner,confidential,set_union,edge1|edge2|edge3,3,49.681408,146.367616,0,,e3b0c44298fc1c149afbf4c8996fb92427ae41e4649b934ca495991b7852b855,completed,False,,,
rdfs,1,500,35105,EXT-Q57,decision,core,authorities,data_owner,confidential,set_union,edge1|edge2|edge3,3,18.816814,56.038152,7,,058d2944c03f01a48917edc20c871d5f86e2b184778cd894bf433e94a8ffca12,completed,False,,,
rdfs,1,500,35105,EXT-Q58,decision,core,authorities,data_owner,confidential,set_union,edge1|edge2|edge3,3,31.698666,90.359627,7,,5a003716962d1299d69dd1de460f6a48eb40b34fbbb1eeb486379f039621a795,completed,False,,,
rdfs,1,500,35105,EXT-Q59,adaptation,core,authorities,data_owner,confidential,set_union,edge1|edge2|edge3,3,67.481667,143.299176,35,,13174fdc62dcf1fb82964d21f2ae1d433999faabd3565ac32b4f7d156d1f54ee,completed,False,,,
rdfs,1,500,35105,EXT-Q60,adaptation,core,authorities,data_owner,confidential,set_union,edge1|edge2|edge3,3,27.980185,78.627162,1,,285931564bf116179a45da920fdf958a3347ea1df763213bb7e2afba77c47d16,completed,False,,,
rdfs,1,500,35105,EXT-Q61,adaptation,core,authorities,data_owner,confidential,set_union,edge1|edge2|edge3,3,8.035426,24.040252,0,,e3b0c44298fc1c149afbf4c8996fb92427ae41e4649b934ca495991b7852b855,completed,False,,,
rdfs,1,500,35105,EXT-Q62,adaptation,core,authorities,data_owner,confidential,set_union,edge1|edge2|edge3,3,22.818686,66.784065,1,,3dafef0eca79c68f05b79939f40198bc13232639d500d3e9875bc263b0f00d4d,completed,False,,,
rdfs,1,500,35105,EXT-Q63,delegation,core,authorities,data_owner,confidential,set_union,edge1|edge2|edge3,3,24.798444,72.534325,1,,d4b4c3785ae985658dfc4a4433dd002e5aec5a2321080af4e85474c06a3404f5,completed,False,,,
rdfs,1,500,35105,EXT-Q64,delegation,core,authorities,data_owner,confidential,set_union,edge1|edge2|edge3,3,22.034537,63.177192000000005,0,,e3b0c44298fc1c149afbf4c8996fb92427ae41e4649b934ca495991b7852b855,completed,False,,,
rdfs,1,500,35105,EXT-Q65,delegation,core,authorities,data_owner,confidential,set_union,edge1|edge2|edge3,3,13.024146,38.637646,0,,e3b0c44298fc1c149afbf4c8996fb92427ae41e4649b934ca495991b7852b855,completed,False,,,
rdfs,1,500,35105,EXT-Q66,federation,core,authorities,data_owner,confidential,set_union,edge1|edge2|edge3,3,25.93137,73.483826,2,,1a9af60cfbb87dd79b68021c3d70e1ee6f230e648f1ad6360ef50fffd374b4df,completed,False,,,
rdfs,1,500,35105,EXT-Q67,federation,core,authorities,data_owner,confidential,set_union,edge1|edge2|edge3,3,39.8115,115.622844,0,,e3b0c44298fc1c149afbf4c8996fb92427ae41e4649b934ca495991b7852b855,completed,False,,,
rdfs,1,500,35105,EXT-Q68,federation,core,authorities,data_owner,confidential,set_union,edge1|edge2|edge3,3,25.236463,73.293974,0,,e3b0c44298fc1c149afbf4c8996fb92427ae41e4649b934ca495991b7852b855,completed,False,,,
rdfs,1,500,35105,EXT-Q69,federation,core,authorities,data_owner,confidential,set_union,edge1|edge2|edge3,3,35.505426,90.871461,2,,8271d93912e320b11a3ca6d70e5061d5132abb26053b022198090871531d61eb,completed,False,,,
rdfs,1,500,35105,EXT-Q70,audit_temporal,core,authorities,data_owner,confidential,set_union,edge1|edge2|edge3,3,110.504889,182.23693400000002,204,,01824916f48e90d6c6df066f2950c4d8a2e2d6f71ba4af556d43e8921ae41930,completed,False,,,
rdfs,1,500,35105,EXT-Q71,audit_temporal,core,authorities,data_owner,confidential,set_union,edge1|edge2|edge3,3,42.147074,111.06796800000001,0,,e3b0c44298fc1c149afbf4c8996fb92427ae41e4649b934ca495991b7852b855,completed,False,,,
rdfs,1,500,35105,EXT-Q72,audit_temporal,core,authorities,data_owner,confidential,set_union,edge1|edge2|edge3,3,30.150185,82.45460700000001,0,,e3b0c44298fc1c149afbf4c8996fb92427ae41e4649b934ca495991b7852b855,completed,False,,,
rdfs,1,500,35105,EXT-Q73,audit_temporal,core,authorities,data_owner,confidential,set_union,edge1|edge2|edge3,3,787.339499,2310.840968,4622,,41552ed96ec73b9580c2c7465ea892f6f0de07340dcda6fcb907d964e3341c1a,completed,False,,,
rdfs,1,500,35105,EXT-Q74,audit_temporal,core,authorities,data_owner,confidential,set_union,edge1|edge2|edge3,3,1042.64098,3061.617237,0,,e3b0c44298fc1c149afbf4c8996fb92427ae41e4649b934ca495991b7852b855,completed,False,,,
rdfs,1,500,35105,EXT-Q75,validation,core,cloud,global,internal,single,cloud,1,17.208465,17.208465,74,,8dd432df42d733f2411b2aebc51682848ddadc97425c41088f0a99090f77f1c0,completed,False,,,
rdfs,1,500,35105,EXT-Q76,validation,core,cloud,global,internal,single,cloud,1,12.977183,12.977183,9,,50bf3d3f7f446e045722279f6d243ecc804cd2cf73b381d9c89f530b567855ea,completed,False,,,
rdfs,1,500,35105,EXT-Q77,validation,core,cloud,global,internal,single,cloud,1,11.173164,11.173164,6,,ba52fb52449a77784e328f0aaa19807ddd9156c7457ea722a8af2f2082dce9ad,completed,False,,,
rdfs,1,500,35105,EXT-Q78,policy_governance,core,cloud,global,internal,single,cloud,1,13.045172,13.045172,37,,dc49d089c1cfb621b31177ad5794c8ca7638f40689eba56af4f4ea2a38c683f1,completed,False,,,
rdfs,1,500,35105,EXT-Q79,policy_governance,core,cloud,global,internal,single,cloud,1,10.09067,10.09067,0,,e3b0c44298fc1c149afbf4c8996fb92427ae41e4649b934ca495991b7852b855,completed,False,,,
rdfs,1,500,35105,EXT-Q80,validation,core,cloud,global,internal,single,cloud,1,31.919722,31.919722,13,,0cefa3a1036bceb704603183fe7520794c05d65538c743c77d376c43ebdc560c,completed,False,,,
rdfs,2,500,35105,BASE-Q01,identity_consent,core,authorities,data_owner,confidential,set_union,edge1|edge2|edge3,3,336.980421,525.994107,504,,ff3ce94d275620cecc9b21539d797cc3a2da2f115be4d99cf02e00d53299236f,completed,False,,,
rdfs,2,500,35105,BASE-Q02,topology,core,authority_key:http://example.org/smartcity#UserB,data_owner,confidential,single,edge2,1,22.377648,22.377648,15,,75cd8629893d8c6b89f6b8595efb4766ec72ade5f4d73c1d2cdad2a96f560e6b,completed,False,,,
rdfs,2,500,35105,BASE-Q03,wellbeing,domain,authorities,data_owner,restricted,set_union,edge1|edge2|edge3,3,66.824722,199.063027,504,,0f2fd59ce6dac99c6d4b906f7fa3533d34f49d248f3a0542a4ae6fa554f74947,completed,False,,,
rdfs,2,500,35105,BASE-Q04,decision,core,authority_key:http://example.org/smartcity#UserB,data_owner,confidential,single,edge2,1,21.618963,21.618963,7,,cc222a87554e870ffae43cba023647670c0589b8ec1b4500dd1d797a399c3bf2,completed,False,,,
rdfs,2,500,35105,BASE-Q05,wellbeing,domain,authorities,data_owner,restricted,set_union,edge1|edge2|edge3,3,20.874741,58.117838000000006,5,,4b096b851fd9e6935d2e2e6c7bd57464c473db58008af4b34e60338033a84d23,completed,False,,,
rdfs,2,500,35105,BASE-Q06,identity_consent,core,cloud,global,internal,single,cloud,1,45.821247,45.821247,10,,f8aebcef3bdb5c68142d34426190fd6a36c4b31394471c9c7602e6c19e67ff84,completed,False,,,
rdfs,2,500,35105,BASE-Q07,observability,core,fog,regional,internal,single,fog,1,161.796166,161.796166,14,,814259ff1cb4d14a703b44dfa8ac1609e4a6f41bbceee0d8c046f23586242dd3,completed,False,,,
rdfs,2,500,35105,BASE-Q08,observability,core,fog,regional,internal,single,fog,1,39.585537,39.585537,2,,6527f1e187dfa51f5dc78e109fe2d9fb47aed82a4ec8f897d1dda6ee6850aa0a,completed,False,,,
rdfs,2,500,35105,BASE-Q09,wellbeing,domain,authorities,data_owner,restricted,set_union,edge1|edge2|edge3,3,114.272241,339.56527,506,,03fb5c704e3543a11dd248a2d894ccb7afaefd99ca08beba2ce6c544912d41c7,completed,False,,,
rdfs,2,500,35105,BASE-Q10,observability,domain,authorities,data_owner,restricted,set_union,edge1|edge2|edge3,3,271.79387,809.770947,504,,10d067607b3e689df21e19820fec64c4ef53e0b5eb53b9a713732558aa7f0071,completed,False,,,
rdfs,2,500,35105,BASE-Q11,wellbeing,core,authority_key:http://example.org/smartcity#UserA,data_owner,confidential,single,edge1,1,14.512556,14.512556,1,,941d461ce01f2fa52ba95291e46e52524d75bd44e2b938eab7e81404936a8b7c,completed,False,,,
rdfs,2,500,35105,BASE-Q12,adaptation,core,authorities,data_owner,confidential,set_union,edge1|edge2|edge3,3,22.15287,50.843314,1,,ddcd6b8cd42f3d2e1f6aa052eeeca5d4423f9db85cdc91915481db3956dfffff,completed,False,,,
rdfs,2,500,35105,BASE-Q13,adaptation,core,authorities,data_owner,confidential,set_union,edge1|edge2|edge3,3,18.893611,54.35941,1,,25e56d4be1969d1d6de5386e2c3ff26456f8069edb7847a9dc7e32a9b09c8948,completed,False,,,
rdfs,2,500,35105,BASE-Q14,delegation,core,authority_key:http://example.org/smartcity#UserA,data_owner,confidential,single,edge1,1,17.433555,17.433555,1,,dcd8c3258e95549dde016df10cf22183c036214d75d30e686ca7ac2fb5ea3271,completed,False,,,
rdfs,2,500,35105,BASE-Q15,identity_consent,core,authorities,data_owner,confidential,set_union,edge1|edge2|edge3,3,12.569556,36.54446,1,,7ac55bded7c8d1294bfcac4ddeb28b5921a8083a19185e216bf5d1c0d62bd370,completed,False,,,
rdfs,2,500,35105,BASE-Q16,federation,core,authorities,data_owner,confidential,set_union,edge1|edge2|edge3,3,41.93,91.063104,3,,550eeca87dc96402bbed090f1737eaacfb6b27d2290401797018cbcf303b8147,completed,False,,,
rdfs,2,500,35105,BASE-Q17,context_zones,domain,authorities,data_owner,restricted,set_union,edge1|edge2|edge3,3,22.125028,64.385713,1,,50b7b5a085e0802a1897953a959e0c9ea4c5f943dc26de55b2219ea7deac4b89,completed,False,,,
rdfs,2,500,35105,BASE-Q18,context_zones,core,authorities,data_owner,confidential,set_union,edge1|edge2|edge3,3,16.283835,36.979687,1,,200d4d55bb0d8b9374961d2df3fa99d83d8caf54dc79a7784bb84dd44b081eda,completed,False,,,
rdfs,2,500,35105,BASE-Q19,decision,core,fog,regional,internal,single,fog,1,36.161352,36.161352,9,,443ff98a2de06ad51f558d63e0e63398d704563a4c9e035dd9323360e09c09bb,completed,False,,,
rdfs,2,500,35105,BASE-Q20,identity_consent,domain,authorities,data_owner,restricted,set_union,edge1|edge2|edge3,3,115.698722,343.76766,504,,3884a662286545e0d04aac3e476e174a688df12eb4de66112e76c1dcceba3b3a,completed,False,,,
rdfs,2,500,35105,BASE-Q21,decision,core,authorities,data_owner,confidential,set_union,edge1|edge2|edge3,3,35.388612,93.596442,11,,7fc13e36a90de226eedecbd26ccd453be5ba11798c2c5af4a7d857a15cbb7e1e,completed,False,,,
rdfs,2,500,35105,BASE-Q22,adaptation,core,authorities,data_owner,confidential,set_union,edge1|edge2|edge3,3,25.28968,73.189217,3,,70205401426a8e8adbf4220710b3638c6a47af2e7e7264f0b771b1bcbb070e80,completed,False,,,
rdfs,2,500,35105,BASE-Q23,topology,core,authorities,data_owner,confidential,set_union,edge1|edge2|edge3,3,104.204296,310.743017,501,,e05e7092a4cf6ac418481aaf8b197928d727f7b1a4599f0dc4726278b0a68a0e,completed,False,,,
rdfs,2,500,35105,BASE-Q24,federation,core,authorities,data_owner,confidential,set_union,edge1|edge2|edge3,3,30.757371,82.083032,5,,0d4871d54d4eadbfa110f9223c2a6b641ea8c65326db34ade1288d5eab5ceb54,completed,False,,,
rdfs,2,500,35105,BASE-Q25,identity_consent,core,authorities,data_owner,confidential,set_union,edge1|edge2|edge3,3,18.425352,48.236964,1,,4591a69ecb6837fd65b28a9688ad10f0fb7b8ca54c1a6ac395ef142fc831cfbf,completed,False,,,
rdfs,2,500,35105,BASE-Q26,observability,core,fog,regional,internal,boolean_or,fog,1,5.78563,5.78563,1,True,35df7182aa6c75e0a1066245f679b81ec9ad05e9964a0684980a466c9cc63ac4,completed,False,,,
rdfs,2,500,35105,BASE-Q27,adaptation,core,authorities,data_owner,confidential,boolean_or,edge1|edge2|edge3,3,8.942371,26.189734,1,True,35df7182aa6c75e0a1066245f679b81ec9ad05e9964a0684980a466c9cc63ac4,completed,False,,,
rdfs,2,500,35105,BASE-Q28,identity_consent,domain,authorities,data_owner,restricted,boolean_or,edge1|edge2|edge3,3,54.498611,141.026702,0,False,92b91e0dd8f69dcc43f3c56062f944147504cf0d80f20c98005fda34c727fd7e,completed,False,,,
rdfs,2,500,35105,BASE-Q29,topology,core,fog,regional,internal,boolean_or,fog,1,14.093851,14.093851,1,True,35df7182aa6c75e0a1066245f679b81ec9ad05e9964a0684980a466c9cc63ac4,completed,False,,,
rdfs,2,500,35105,BASE-Q30,federation,core,authorities,data_owner,confidential,boolean_or,edge1|edge2|edge3,3,7.138333,20.606897,1,True,35df7182aa6c75e0a1066245f679b81ec9ad05e9964a0684980a466c9cc63ac4,completed,False,,,
rdfs,2,500,35105,BASE-Q31,identity_consent,core,cloud,global,internal,single,cloud,1,8.358749,8.358749,3,,a3f296325bd2022ac9e2fb848837fc93d53db534fb2c2f6ac0ff467cd99cd89c,completed,False,,,
rdfs,2,500,35105,BASE-Q32,decision,core,fog,regional,internal,single,fog,1,16.230759,16.230759,4,,b91031de6b6257d2428b9195175f3c860291b874d6603c50eb4713a1b65b2628,completed,False,,,
rdfs,2,500,35105,BASE-Q33,observability,core,authority_key:http://example.org/smartcity#UserB,data_owner,confidential,single,edge2,1,24.791093,24.791093,6,,8e363408b0b303261d66b3e54c3fa0778a8cd897c4c0b092f738052acc24c9a2,completed,False,,,
rdfs,2,500,35105,BASE-Q34,topology,core,fog,regional,internal,single,fog,1,10.797056,10.797056,1,,7c66062f36ae31e8068455da76c0bb4f918e7f6b8ecee7cd8a7946f3b6047884,completed,False,,,
rdfs,2,500,35105,BASE-Q35,delegation,core,authorities,data_owner,confidential,set_union,edge1|edge2|edge3,3,56.816963,115.972611,180,,496f817f7c8ccec2b677b93877c2e54259f1052bee3fa9bbc330cf1af1a46630,completed,False,,,
rdfs,2,500,35105,EXT-Q01,semantic_schema,core,cloud,global,internal,single,cloud,1,9.387234,9.387234,6,,66d5edbbdc2282624ffec271a4a523a20fdc7331b886d2884edf86a885532bcc,completed,False,,,
rdfs,2,500,35105,EXT-Q02,semantic_schema,core,cloud,global,internal,single,cloud,1,6.186269,6.186269,3,,81bea9a8c2d4cf1237d7fb131249cc18ec4ca629eeabaadbd5f0b9b58d3e3333,completed,False,,,
rdfs,2,500,35105,EXT-Q03,policy_governance,core,cloud,global,internal,single,cloud,1,15.391927,15.391927,79,,d73ae3d5ddfcd345147bae778101c21ab13194fca3fa92ad08259d39931b66d5,completed,False,,,
rdfs,2,500,35105,EXT-Q04,policy_governance,core,cloud,global,internal,single,cloud,1,14.238807,14.238807,55,,fced7e97d29b215a8321753998b7519dc1825dacc4af090c67ffc54bee4479bc,completed,False,,,
rdfs,2,500,35105,EXT-Q05,semantic_schema,core,cloud,global,internal,single,cloud,1,16.647865,16.647865,17,,e0fc9190703b6a7b2695ddc448f5c7e54c4feeff2545477c3194ebfd8ccb1f0c,completed,False,,,
rdfs,2,500,35105,EXT-Q06,semantic_schema,core,cloud,global,internal,single,cloud,1,4.561629,4.561629,12,,1377568d225cfb45a1899c2ea951adf7ebda5ada4e188dbf5f114110484fa3ae,completed,False,,,
rdfs,2,500,35105,EXT-Q07,policy_governance,core,cloud,global,internal,single,cloud,1,11.416044,11.416044,67,,c3cf27e703656fdaa8295f23b31076c1afcb14a5022b1b47538e2961fe033646,completed,False,,,
rdfs,2,500,35105,EXT-Q08,policy_governance,core,cloud,global,internal,single,cloud,1,55.266975,55.266975,1089,,cb9e0103c9327f1c4691ec9d7612deebd04c0e73140f23e2a6209bb8af1efc51,completed,False,,,
rdfs,2,500,35105,EXT-Q09,policy_governance,core,cloud,global,internal,single,cloud,1,14.231497,14.231497,6,,68de07660e010156bf3f3ea01000180657c8e8fc155ac9a053c3a64dbc538102,completed,False,,,
rdfs,2,500,35105,EXT-Q10,policy_governance,core,cloud,global,internal,single,cloud,1,47.003598,47.003598,0,,e3b0c44298fc1c149afbf4c8996fb92427ae41e4649b934ca495991b7852b855,completed,False,,,
rdfs,2,500,35105,EXT-Q11,identity_consent,core,authorities,data_owner,confidential,set_union,edge1|edge2|edge3,3,101.433518,296.863438,525,,7a184c1471f857803678b1c098023801815a3697bad5e739cdc7e868fe057fa7,completed,False,,,
rdfs,2,500,35105,EXT-Q12,identity_consent,core,authorities,data_owner,confidential,set_union,edge1|edge2|edge3,3,101.197019,298.577308,528,,52290a2b1307cd4d9af1d7e2de22fce9b588933c38babca6118cebd24243116f,completed,False,,,
rdfs,2,500,35105,EXT-Q13,identity_consent,core,authorities,data_owner,confidential,set_union,edge1|edge2|edge3,3,134.713222,402.439796,0,,e3b0c44298fc1c149afbf4c8996fb92427ae41e4649b934ca495991b7852b855,completed,False,,,
rdfs,2,500,35105,EXT-Q14,identity_consent,core,authorities,data_owner,confidential,set_union,edge1|edge2|edge3,3,166.548463,435.136796,0,,e3b0c44298fc1c149afbf4c8996fb92427ae41e4649b934ca495991b7852b855,completed,False,,,
rdfs,2,500,35105,EXT-Q15,identity_consent,core,authorities,data_owner,confidential,set_union,edge1|edge2|edge3,3,1381.925666,4096.299605,0,,e3b0c44298fc1c149afbf4c8996fb92427ae41e4649b934ca495991b7852b855,completed,False,,,
rdfs,2,500,35105,EXT-Q16,identity_consent,core,authorities,data_owner,confidential,set_union,edge1|edge2|edge3,3,864.509777,2568.2372809999997,0,,e3b0c44298fc1c149afbf4c8996fb92427ae41e4649b934ca495991b7852b855,completed,False,,,
rdfs,2,500,35105,EXT-Q17,identity_consent,core,authorities,data_owner,confidential,set_union,edge1|edge2|edge3,3,43.310926,96.016459,8,,3071bd3ad9cc1daac2632f317152a64e2d9d9e0d189068465ece1f8c3872334f,completed,False,,,
rdfs,2,500,35105,EXT-Q18,identity_consent,core,authorities,data_owner,confidential,set_union,edge1|edge2|edge3,3,162.183629,475.632695,0,,e3b0c44298fc1c149afbf4c8996fb92427ae41e4649b934ca495991b7852b855,completed,False,,,
rdfs,2,500,35105,EXT-Q19,identity_consent,core,authorities,data_owner,confidential,set_union,edge1|edge2|edge3,3,128.752129,342.033298,0,,e3b0c44298fc1c149afbf4c8996fb92427ae41e4649b934ca495991b7852b855,completed,False,,,
rdfs,2,500,35105,EXT-Q20,identity_consent,core,authorities,data_owner,confidential,set_union,edge1|edge2|edge3,3,19.245969,44.80871,0,,e3b0c44298fc1c149afbf4c8996fb92427ae41e4649b934ca495991b7852b855,completed,False,,,
rdfs,2,500,35105,EXT-Q21,identity_consent,core,authorities,data_owner,confidential,set_union,edge1|edge2|edge3,3,28.876055,74.04947200000001,42,,5f5f842f77c77fd4daaf1aeead5ac66f83ba3baa3a0c30af7c9fc75f471e69cc,completed,False,,,
rdfs,2,500,35105,EXT-Q22,security_identity,domain,authorities,data_owner,restricted,set_union,edge1|edge2|edge3,3,398.770185,1032.954702,0,,e3b0c44298fc1c149afbf4c8996fb92427ae41e4649b934ca495991b7852b855,completed,False,,,
rdfs,2,500,35105,EXT-Q23,data_lifecycle,core,authorities,data_owner,confidential,set_union,edge1|edge2|edge3,3,25.693296,73.547234,3,,3955e7b96dea26719774b2d2a200be73c38cf84521f9352a6b96ed1af0a71d7a,completed,False,,,
rdfs,2,500,35105,EXT-Q24,data_lifecycle,core,authorities,data_owner,confidential,set_union,edge1|edge2|edge3,3,135.862334,406.86659499999996,502,,cc6ab0f000aa5583447de693f3ecb6b7f61b8b4d68cc162137de3731343157b2,completed,False,,,
rdfs,2,500,35105,EXT-Q25,data_lifecycle,domain,authorities,data_owner,restricted,set_union,edge1|edge2|edge3,3,482.580333,930.452869,0,,e3b0c44298fc1c149afbf4c8996fb92427ae41e4649b934ca495991b7852b855,completed,False,,,
rdfs,2,500,35105,EXT-Q26,security_identity,core,authorities,data_owner,confidential,set_union,edge1|edge2|edge3,3,477.978703,1416.377895,504,,568ca4d1de868bca17daf5210eada824632ea4de68b88ee9e12e09afc2485226,completed,False,,,
rdfs,2,500,35105,EXT-Q27,security_identity,core,authorities,data_owner,confidential,set_union,edge1|edge2|edge3,3,43.891334,115.12052700000001,0,,e3b0c44298fc1c149afbf4c8996fb92427ae41e4649b934ca495991b7852b855,completed,False,,,
rdfs,2,500,35105,EXT-Q28,security_identity,core,authorities,data_owner,confidential,set_union,edge1|edge2|edge3,3,20.702518,57.638893,0,,e3b0c44298fc1c149afbf4c8996fb92427ae41e4649b934ca495991b7852b855,completed,False,,,
rdfs,2,500,35105,EXT-Q29,security_identity,core,cloud,global,internal,single,cloud,1,18.072026,18.072026,1,,5e56d4b1c34d01016304a6e8bc0397a3d6e7898ce43942ff1b6aab07b06810f2,completed,False,,,
rdfs,2,500,35105,EXT-Q30,security_identity,core,cloud,global,internal,single,cloud,1,3.219801,3.219801,0,,e3b0c44298fc1c149afbf4c8996fb92427ae41e4649b934ca495991b7852b855,completed,False,,,
rdfs,2,500,35105,EXT-Q31,data_lifecycle,core,authorities,data_owner,confidential,set_union,edge1|edge2|edge3,3,18.467264,54.625690000000006,0,,e3b0c44298fc1c149afbf4c8996fb92427ae41e4649b934ca495991b7852b855,completed,False,,,
rdfs,2,500,35105,EXT-Q32,data_lifecycle,core,authorities,data_owner,confidential,set_union,edge1|edge2|edge3,3,11.882908,33.676218,0,,e3b0c44298fc1c149afbf4c8996fb92427ae41e4649b934ca495991b7852b855,completed,False,,,
rdfs,2,500,35105,EXT-Q33,data_lifecycle,core,authorities,data_owner,confidential,set_union,edge1|edge2|edge3,3,22.738852,66.995453,0,,e3b0c44298fc1c149afbf4c8996fb92427ae41e4649b934ca495991b7852b855,completed,False,,,
rdfs,2,500,35105,EXT-Q34,data_lifecycle,core,authorities,data_owner,confidential,set_union,edge1|edge2|edge3,3,21.368426,58.465079,0,,e3b0c44298fc1c149afbf4c8996fb92427ae41e4649b934ca495991b7852b855,completed,False,,,
rdfs,2,500,35105,EXT-Q35,data_lifecycle,core,authorities,data_owner,confidential,set_union,edge1|edge2|edge3,3,52.202277,154.16241300000002,506,,e159afa16c0ecbbd3cf7fcff418e7e26ab45563c465ecee53dd366752837dae4,completed,False,,,
rdfs,2,500,35105,EXT-Q36,context_zones,core,authority_key:http://example.org/smartcity#UserA,data_owner,confidential,single,edge1,1,23.767834,23.767834,1,,b691a10c930fd32c789bb07f0f1fd7d606e3241b1fbe110ce3bb9c0f5b95cd37,completed,False,,,
rdfs,2,500,35105,EXT-Q37,context_zones,domain,authorities,data_owner,restricted,set_union,edge1|edge2|edge3,3,75.823463,194.65633400000002,0,,e3b0c44298fc1c149afbf4c8996fb92427ae41e4649b934ca495991b7852b855,completed,False,,,
rdfs,2,500,35105,EXT-Q38,context_zones,domain,authorities,data_owner,restricted,set_union,edge1|edge2|edge3,3,40.438333,119.226902,1,,d0d58146bc80e4e03947b8200631e8b89fdb27ee77b2a31daf4bee1a10c44367,completed,False,,,
rdfs,2,500,35105,EXT-Q39,context_zones,core,authority_key:http://example.org/smartcity#UserA,data_owner,confidential,single,edge1,1,16.666278,16.666278,5,,1ca154c8210da56b45e42825f86a318f53dc0325a456648a0db2cbcced59de18,completed,False,,,
rdfs,2,500,35105,EXT-Q40,trust,core,fog,regional,internal,single,fog,1,30.525592,30.525592,12,,44d1133750d0daf65e973d007b6a6e9b1e1cf12491f15ed0d6fec1877346ffa9,completed,False,,,
rdfs,2,500,35105,EXT-Q41,trust,core,fog,regional,internal,single,fog,1,27.345166,27.345166,0,,e3b0c44298fc1c149afbf4c8996fb92427ae41e4649b934ca495991b7852b855,completed,False,,,
rdfs,2,500,35105,EXT-Q42,trust,core,fog,regional,internal,single,fog,1,20.863797,20.863797,9,,f05876d6579062dc6d4275cbdc95e4e521b19a1850e9ebef4a6cb7a737cd9c12,completed,False,,,
rdfs,2,500,35105,EXT-Q43,trust,core,fog,regional,internal,single,fog,1,34.835148,34.835148,12,,09e36e91c47b761f1f036d024c43d3a5da0aa11bcdec5c62a51401f663593326,completed,False,,,
rdfs,2,500,35105,EXT-Q44,trust,core,authorities,data_owner,confidential,set_union,edge1|edge2|edge3,3,29.129963,70.105175,10,,106b6808e582efd6a78626f18c7807191e7a08ebe629f87847227d80e6ce6f19,completed,False,,,
rdfs,2,500,35105,EXT-Q45,trust,core,authorities,data_owner,confidential,set_union,edge1|edge2|edge3,3,49.856482,147.043061,0,,e3b0c44298fc1c149afbf4c8996fb92427ae41e4649b934ca495991b7852b855,completed,False,,,
rdfs,2,500,35105,EXT-Q46,decision,core,authorities,data_owner,confidential,set_union,edge1|edge2|edge3,3,38.675055,93.006885,11,,497649f7b7fb5bb312db17c133552fcb5363c177bcdf3a7d4da3f9e09d27ef3a,completed,False,,,
rdfs,2,500,35105,EXT-Q47,decision,core,authorities,data_owner,confidential,set_union,edge1|edge2|edge3,3,38.01263,95.71574,0,,e3b0c44298fc1c149afbf4c8996fb92427ae41e4649b934ca495991b7852b855,completed,False,,,
rdfs,2,500,35105,EXT-Q48,decision,core,authorities,data_owner,confidential,set_union,edge1|edge2|edge3,3,40.396717,105.916049,0,,e3b0c44298fc1c149afbf4c8996fb92427ae41e4649b934ca495991b7852b855,completed,False,,,
rdfs,2,500,35105,EXT-Q49,decision,core,authorities,data_owner,confidential,set_union,edge1|edge2|edge3,3,33.423797,86.08942,8,,61a1a998385e4071933469d06cffd5e2cd092016daefcdce08d2e38a8bf4d078,completed,False,,,
rdfs,2,500,35105,EXT-Q50,decision,core,authorities,data_owner,confidential,set_union,edge1|edge2|edge3,3,33.064796,98.713671,0,,e3b0c44298fc1c149afbf4c8996fb92427ae41e4649b934ca495991b7852b855,completed,False,,,
rdfs,2,500,35105,EXT-Q51,decision,core,authorities,data_owner,confidential,set_union,edge1|edge2|edge3,3,31.422093,79.354772,32,,d96e9e0968e2bb5a55d9ce98a9e9522d5cb6082d083dcb5d8b65c30d87614d48,completed,False,,,
rdfs,2,500,35105,EXT-Q52,decision,core,authorities,data_owner,confidential,set_union,edge1|edge2|edge3,3,29.640407,74.065989,32,,e4cc722951be46789eb75264501a53ba96774192510017491e856efc76f0aa19,completed,False,,,
rdfs,2,500,35105,EXT-Q53,decision,core,authorities,data_owner,confidential,set_union,edge1|edge2|edge3,3,50.907037,146.2713,0,,e3b0c44298fc1c149afbf4c8996fb92427ae41e4649b934ca495991b7852b855,completed,False,,,
rdfs,2,500,35105,EXT-Q54,decision,domain,authorities,data_owner,restricted,set_union,edge1|edge2|edge3,3,79.290203,233.50287300000002,0,,e3b0c44298fc1c149afbf4c8996fb92427ae41e4649b934ca495991b7852b855,completed,False,,,
rdfs,2,500,35105,EXT-Q55,decision,core,authorities,data_owner,confidential,set_union,edge1|edge2|edge3,3,21.687871,59.25108,8,,8c3e48566f94616cee569d9b5812ba30ec566c1adc22c2c92d13749c523df534,completed,False,,,
rdfs,2,500,35105,EXT-Q56,decision,core,authorities,data_owner,confidential,set_union,edge1|edge2|edge3,3,344.647093,442.650468,0,,e3b0c44298fc1c149afbf4c8996fb92427ae41e4649b934ca495991b7852b855,completed,False,,,
rdfs,2,500,35105,EXT-Q57,decision,core,authorities,data_owner,confidential,set_union,edge1|edge2|edge3,3,18.931148,56.292746,7,,058d2944c03f01a48917edc20c871d5f86e2b184778cd894bf433e94a8ffca12,completed,False,,,
rdfs,2,500,35105,EXT-Q58,decision,core,authorities,data_owner,confidential,set_union,edge1|edge2|edge3,3,29.392407,87.729147,7,,5a003716962d1299d69dd1de460f6a48eb40b34fbbb1eeb486379f039621a795,completed,False,,,
rdfs,2,500,35105,EXT-Q59,adaptation,core,authorities,data_owner,confidential,set_union,edge1|edge2|edge3,3,67.174111,143.133881,35,,13174fdc62dcf1fb82964d21f2ae1d433999faabd3565ac32b4f7d156d1f54ee,completed,False,,,
rdfs,2,500,35105,EXT-Q60,adaptation,core,authorities,data_owner,confidential,set_union,edge1|edge2|edge3,3,27.774334,79.60333,1,,285931564bf116179a45da920fdf958a3347ea1df763213bb7e2afba77c47d16,completed,False,,,
rdfs,2,500,35105,EXT-Q61,adaptation,core,authorities,data_owner,confidential,set_union,edge1|edge2|edge3,3,8.571622,24.724548,0,,e3b0c44298fc1c149afbf4c8996fb92427ae41e4649b934ca495991b7852b855,completed,False,,,
rdfs,2,500,35105,EXT-Q62,adaptation,core,authorities,data_owner,confidential,set_union,edge1|edge2|edge3,3,22.901408,66.440472,1,,3dafef0eca79c68f05b79939f40198bc13232639d500d3e9875bc263b0f00d4d,completed,False,,,
rdfs,2,500,35105,EXT-Q63,delegation,core,authorities,data_owner,confidential,set_union,edge1|edge2|edge3,3,24.789889,73.249788,1,,d4b4c3785ae985658dfc4a4433dd002e5aec5a2321080af4e85474c06a3404f5,completed,False,,,
rdfs,2,500,35105,EXT-Q64,delegation,core,authorities,data_owner,confidential,set_union,edge1|edge2|edge3,3,22.181759,63.37097,0,,e3b0c44298fc1c149afbf4c8996fb92427ae41e4649b934ca495991b7852b855,completed,False,,,
rdfs,2,500,35105,EXT-Q65,delegation,core,authorities,data_owner,confidential,set_union,edge1|edge2|edge3,3,13.421575,38.861795,0,,e3b0c44298fc1c149afbf4c8996fb92427ae41e4649b934ca495991b7852b855,completed,False,,,
rdfs,2,500,35105,EXT-Q66,federation,core,authorities,data_owner,confidential,set_union,edge1|edge2|edge3,3,25.830111,72.813195,2,,1a9af60cfbb87dd79b68021c3d70e1ee6f230e648f1ad6360ef50fffd374b4df,completed,False,,,
rdfs,2,500,35105,EXT-Q67,federation,core,authorities,data_owner,confidential,set_union,edge1|edge2|edge3,3,39.694481,116.046843,0,,e3b0c44298fc1c149afbf4c8996fb92427ae41e4649b934ca495991b7852b855,completed,False,,,
rdfs,2,500,35105,EXT-Q68,federation,core,authorities,data_owner,confidential,set_union,edge1|edge2|edge3,3,30.551372,79.731834,0,,e3b0c44298fc1c149afbf4c8996fb92427ae41e4649b934ca495991b7852b855,completed,False,,,
rdfs,2,500,35105,EXT-Q69,federation,core,authorities,data_owner,confidential,set_union,edge1|edge2|edge3,3,28.176944,81.450867,2,,8271d93912e320b11a3ca6d70e5061d5132abb26053b022198090871531d61eb,completed,False,,,
rdfs,2,500,35105,EXT-Q70,audit_temporal,core,authorities,data_owner,confidential,set_union,edge1|edge2|edge3,3,109.444815,180.324247,204,,01824916f48e90d6c6df066f2950c4d8a2e2d6f71ba4af556d43e8921ae41930,completed,False,,,
rdfs,2,500,35105,EXT-Q71,audit_temporal,core,authorities,data_owner,confidential,set_union,edge1|edge2|edge3,3,41.949462,112.2911,0,,e3b0c44298fc1c149afbf4c8996fb92427ae41e4649b934ca495991b7852b855,completed,False,,,
rdfs,2,500,35105,EXT-Q72,audit_temporal,core,authorities,data_owner,confidential,set_union,edge1|edge2|edge3,3,29.961666,82.867365,0,,e3b0c44298fc1c149afbf4c8996fb92427ae41e4649b934ca495991b7852b855,completed,False,,,
rdfs,2,500,35105,EXT-Q73,audit_temporal,core,authorities,data_owner,confidential,set_union,edge1|edge2|edge3,3,772.257981,2274.193213,4622,,41552ed96ec73b9580c2c7465ea892f6f0de07340dcda6fcb907d964e3341c1a,completed,False,,,
rdfs,2,500,35105,EXT-Q74,audit_temporal,core,authorities,data_owner,confidential,set_union,edge1|edge2|edge3,3,1041.317944,3049.644527,0,,e3b0c44298fc1c149afbf4c8996fb92427ae41e4649b934ca495991b7852b855,completed,False,,,
rdfs,2,500,35105,EXT-Q75,validation,core,cloud,global,internal,single,cloud,1,17.610272,17.610272,74,,8dd432df42d733f2411b2aebc51682848ddadc97425c41088f0a99090f77f1c0,completed,False,,,
rdfs,2,500,35105,EXT-Q76,validation,core,cloud,global,internal,single,cloud,1,4.913218,4.913218,9,,50bf3d3f7f446e045722279f6d243ecc804cd2cf73b381d9c89f530b567855ea,completed,False,,,
rdfs,2,500,35105,EXT-Q77,validation,core,cloud,global,internal,single,cloud,1,9.210847,9.210847,6,,ba52fb52449a77784e328f0aaa19807ddd9156c7457ea722a8af2f2082dce9ad,completed,False,,,
rdfs,2,500,35105,EXT-Q78,policy_governance,core,cloud,global,internal,single,cloud,1,12.482087,12.482087,37,,dc49d089c1cfb621b31177ad5794c8ca7638f40689eba56af4f4ea2a38c683f1,completed,False,,,
rdfs,2,500,35105,EXT-Q79,policy_governance,core,cloud,global,internal,single,cloud,1,12.409499,12.409499,0,,e3b0c44298fc1c149afbf4c8996fb92427ae41e4649b934ca495991b7852b855,completed,False,,,
rdfs,2,500,35105,EXT-Q80,validation,core,cloud,global,internal,single,cloud,1,34.109949,34.109949,13,,0cefa3a1036bceb704603183fe7520794c05d65538c743c77d376c43ebdc560c,completed,False,,,
rdfs,3,500,35105,BASE-Q01,identity_consent,core,authorities,data_owner,confidential,set_union,edge1|edge2|edge3,3,335.076363,525.321067,504,,ff3ce94d275620cecc9b21539d797cc3a2da2f115be4d99cf02e00d53299236f,completed,False,,,
rdfs,3,500,35105,BASE-Q02,topology,core,authority_key:http://example.org/smartcity#UserB,data_owner,confidential,single,edge2,1,23.258204,23.258204,15,,75cd8629893d8c6b89f6b8595efb4766ec72ade5f4d73c1d2cdad2a96f560e6b,completed,False,,,
rdfs,3,500,35105,BASE-Q03,wellbeing,domain,authorities,data_owner,restricted,set_union,edge1|edge2|edge3,3,66.909834,199.61636099999998,504,,0f2fd59ce6dac99c6d4b906f7fa3533d34f49d248f3a0542a4ae6fa554f74947,completed,False,,,
rdfs,3,500,35105,BASE-Q04,decision,core,authority_key:http://example.org/smartcity#UserB,data_owner,confidential,single,edge2,1,21.520297,21.520297,7,,cc222a87554e870ffae43cba023647670c0589b8ec1b4500dd1d797a399c3bf2,completed,False,,,
rdfs,3,500,35105,BASE-Q05,wellbeing,domain,authorities,data_owner,restricted,set_union,edge1|edge2|edge3,3,20.263463,56.203096,5,,4b096b851fd9e6935d2e2e6c7bd57464c473db58008af4b34e60338033a84d23,completed,False,,,
rdfs,3,500,35105,BASE-Q06,identity_consent,core,cloud,global,internal,single,cloud,1,4.111236,4.111236,10,,f8aebcef3bdb5c68142d34426190fd6a36c4b31394471c9c7602e6c19e67ff84,completed,False,,,
rdfs,3,500,35105,BASE-Q07,observability,core,fog,regional,internal,single,fog,1,42.293685,42.293685,14,,814259ff1cb4d14a703b44dfa8ac1609e4a6f41bbceee0d8c046f23586242dd3,completed,False,,,
rdfs,3,500,35105,BASE-Q08,observability,core,fog,regional,internal,single,fog,1,39.068111,39.068111,2,,6527f1e187dfa51f5dc78e109fe2d9fb47aed82a4ec8f897d1dda6ee6850aa0a,completed,False,,,
rdfs,3,500,35105,BASE-Q09,wellbeing,domain,authorities,data_owner,restricted,set_union,edge1|edge2|edge3,3,113.916426,339.20666,506,,03fb5c704e3543a11dd248a2d894ccb7afaefd99ca08beba2ce6c544912d41c7,completed,False,,,
rdfs,3,500,35105,BASE-Q10,observability,domain,authorities,data_owner,restricted,set_union,edge1|edge2|edge3,3,273.632759,812.070299,504,,10d067607b3e689df21e19820fec64c4ef53e0b5eb53b9a713732558aa7f0071,completed,False,,,
rdfs,3,500,35105,BASE-Q11,wellbeing,core,authority_key:http://example.org/smartcity#UserA,data_owner,confidential,single,edge1,1,14.563982,14.563982,1,,941d461ce01f2fa52ba95291e46e52524d75bd44e2b938eab7e81404936a8b7c,completed,False,,,
rdfs,3,500,35105,BASE-Q12,adaptation,core,authorities,data_owner,confidential,set_union,edge1|edge2|edge3,3,15.019074,43.512314,1,,ddcd6b8cd42f3d2e1f6aa052eeeca5d4423f9db85cdc91915481db3956dfffff,completed,False,,,
rdfs,3,500,35105,BASE-Q13,adaptation,core,authorities,data_owner,confidential,set_union,edge1|edge2|edge3,3,26.655519,62.793966999999995,1,,25e56d4be1969d1d6de5386e2c3ff26456f8069edb7847a9dc7e32a9b09c8948,completed,False,,,
rdfs,3,500,35105,BASE-Q14,delegation,core,authority_key:http://example.org/smartcity#UserA,data_owner,confidential,single,edge1,1,16.843574,16.843574,1,,dcd8c3258e95549dde016df10cf22183c036214d75d30e686ca7ac2fb5ea3271,completed,False,,,
rdfs,3,500,35105,BASE-Q15,identity_consent,core,authorities,data_owner,confidential,set_union,edge1|edge2|edge3,3,12.113741,35.512311,1,,7ac55bded7c8d1294bfcac4ddeb28b5921a8083a19185e216bf5d1c0d62bd370,completed,False,,,
rdfs,3,500,35105,BASE-Q16,federation,core,authorities,data_owner,confidential,set_union,edge1|edge2|edge3,3,26.601463,75.715438,3,,550eeca87dc96402bbed090f1737eaacfb6b27d2290401797018cbcf303b8147,completed,False,,,
rdfs,3,500,35105,BASE-Q17,context_zones,domain,authorities,data_owner,restricted,set_union,edge1|edge2|edge3,3,22.352379,64.507935,1,,50b7b5a085e0802a1897953a959e0c9ea4c5f943dc26de55b2219ea7deac4b89,completed,False,,,
rdfs,3,500,35105,BASE-Q18,context_zones,core,authorities,data_owner,confidential,set_union,edge1|edge2|edge3,3,274.074703,294.105975,1,,200d4d55bb0d8b9374961d2df3fa99d83d8caf54dc79a7784bb84dd44b081eda,completed,False,,,
rdfs,3,500,35105,BASE-Q19,decision,core,fog,regional,internal,single,fog,1,35.339703,35.339703,9,,443ff98a2de06ad51f558d63e0e63398d704563a4c9e035dd9323360e09c09bb,completed,False,,,
rdfs,3,500,35105,BASE-Q20,identity_consent,domain,authorities,data_owner,restricted,set_union,edge1|edge2|edge3,3,121.144781,352.708984,504,,3884a662286545e0d04aac3e476e174a688df12eb4de66112e76c1dcceba3b3a,completed,False,,,
rdfs,3,500,35105,BASE-Q21,decision,core,authorities,data_owner,confidential,set_union,edge1|edge2|edge3,3,31.398111,84.509829,11,,7fc13e36a90de226eedecbd26ccd453be5ba11798c2c5af4a7d857a15cbb7e1e,completed,False,,,
rdfs,3,500,35105,BASE-Q22,adaptation,core,authorities,data_owner,confidential,set_union,edge1|edge2|edge3,3,23.95163,70.9259,3,,70205401426a8e8adbf4220710b3638c6a47af2e7e7264f0b771b1bcbb070e80,completed,False,,,
rdfs,3,500,35105,BASE-Q23,topology,core,authorities,data_owner,confidential,set_union,edge1|edge2|edge3,3,104.407759,310.108554,501,,e05e7092a4cf6ac418481aaf8b197928d727f7b1a4599f0dc4726278b0a68a0e,completed,False,,,
rdfs,3,500,35105,BASE-Q24,federation,core,authorities,data_owner,confidential,set_union,edge1|edge2|edge3,3,33.346575,84.381236,5,,0d4871d54d4eadbfa110f9223c2a6b641ea8c65326db34ade1288d5eab5ceb54,completed,False,,,
rdfs,3,500,35105,BASE-Q25,identity_consent,core,authorities,data_owner,confidential,set_union,edge1|edge2|edge3,3,16.498336,44.276984,1,,4591a69ecb6837fd65b28a9688ad10f0fb7b8ca54c1a6ac395ef142fc831cfbf,completed,False,,,
rdfs,3,500,35105,BASE-Q26,observability,core,fog,regional,internal,boolean_or,fog,1,5.783889,5.783889,1,True,35df7182aa6c75e0a1066245f679b81ec9ad05e9964a0684980a466c9cc63ac4,completed,False,,,
rdfs,3,500,35105,BASE-Q27,adaptation,core,authorities,data_owner,confidential,boolean_or,edge1|edge2|edge3,3,8.626833,25.797196,1,True,35df7182aa6c75e0a1066245f679b81ec9ad05e9964a0684980a466c9cc63ac4,completed,False,,,
rdfs,3,500,35105,BASE-Q28,identity_consent,domain,authorities,data_owner,restricted,boolean_or,edge1|edge2|edge3,3,54.702185,140.260869,0,False,92b91e0dd8f69dcc43f3c56062f944147504cf0d80f20c98005fda34c727fd7e,completed,False,,,
rdfs,3,500,35105,BASE-Q29,topology,core,fog,regional,internal,boolean_or,fog,1,14.701444,14.701444,1,True,35df7182aa6c75e0a1066245f679b81ec9ad05e9964a0684980a466c9cc63ac4,completed,False,,,
rdfs,3,500,35105,BASE-Q30,federation,core,authorities,data_owner,confidential,boolean_or,edge1|edge2|edge3,3,6.752564,19.838268,1,True,35df7182aa6c75e0a1066245f679b81ec9ad05e9964a0684980a466c9cc63ac4,completed,False,,,
rdfs,3,500,35105,BASE-Q31,identity_consent,core,cloud,global,internal,single,cloud,1,8.258877,8.258877,3,,a3f296325bd2022ac9e2fb848837fc93d53db534fb2c2f6ac0ff467cd99cd89c,completed,False,,,
rdfs,3,500,35105,BASE-Q32,decision,core,fog,regional,internal,single,fog,1,16.595982,16.595982,4,,b91031de6b6257d2428b9195175f3c860291b874d6603c50eb4713a1b65b2628,completed,False,,,
rdfs,3,500,35105,BASE-Q33,observability,core,authority_key:http://example.org/smartcity#UserB,data_owner,confidential,single,edge2,1,23.70987,23.70987,6,,8e363408b0b303261d66b3e54c3fa0778a8cd897c4c0b092f738052acc24c9a2,completed,False,,,
rdfs,3,500,35105,BASE-Q34,topology,core,fog,regional,internal,single,fog,1,10.825537,10.825537,1,,7c66062f36ae31e8068455da76c0bb4f918e7f6b8ecee7cd8a7946f3b6047884,completed,False,,,
rdfs,3,500,35105,BASE-Q35,delegation,core,authorities,data_owner,confidential,set_union,edge1|edge2|edge3,3,56.9615,115.324794,180,,496f817f7c8ccec2b677b93877c2e54259f1052bee3fa9bbc330cf1af1a46630,completed,False,,,
rdfs,3,500,35105,EXT-Q01,semantic_schema,core,cloud,global,internal,single,cloud,1,7.921799,7.921799,6,,66d5edbbdc2282624ffec271a4a523a20fdc7331b886d2884edf86a885532bcc,completed,False,,,
rdfs,3,500,35105,EXT-Q02,semantic_schema,core,cloud,global,internal,single,cloud,1,4.946649,4.946649,3,,81bea9a8c2d4cf1237d7fb131249cc18ec4ca629eeabaadbd5f0b9b58d3e3333,completed,False,,,
rdfs,3,500,35105,EXT-Q03,policy_governance,core,cloud,global,internal,single,cloud,1,15.327338,15.327338,79,,d73ae3d5ddfcd345147bae778101c21ab13194fca3fa92ad08259d39931b66d5,completed,False,,,
rdfs,3,500,35105,EXT-Q04,policy_governance,core,cloud,global,internal,single,cloud,1,48.036177,48.036177,55,,fced7e97d29b215a8321753998b7519dc1825dacc4af090c67ffc54bee4479bc,completed,False,,,
rdfs,3,500,35105,EXT-Q05,semantic_schema,core,cloud,global,internal,single,cloud,1,16.596596,16.596596,17,,e0fc9190703b6a7b2695ddc448f5c7e54c4feeff2545477c3194ebfd8ccb1f0c,completed,False,,,
rdfs,3,500,35105,EXT-Q06,semantic_schema,core,cloud,global,internal,single,cloud,1,3.894848,3.894848,12,,1377568d225cfb45a1899c2ea951adf7ebda5ada4e188dbf5f114110484fa3ae,completed,False,,,
rdfs,3,500,35105,EXT-Q07,policy_governance,core,cloud,global,internal,single,cloud,1,9.257421,9.257421,67,,c3cf27e703656fdaa8295f23b31076c1afcb14a5022b1b47538e2961fe033646,completed,False,,,
rdfs,3,500,35105,EXT-Q08,policy_governance,core,cloud,global,internal,single,cloud,1,56.100404,56.100404,1089,,cb9e0103c9327f1c4691ec9d7612deebd04c0e73140f23e2a6209bb8af1efc51,completed,False,,,
rdfs,3,500,35105,EXT-Q09,policy_governance,core,cloud,global,internal,single,cloud,1,14.469623,14.469623,6,,68de07660e010156bf3f3ea01000180657c8e8fc155ac9a053c3a64dbc538102,completed,False,,,
rdfs,3,500,35105,EXT-Q10,policy_governance,core,cloud,global,internal,single,cloud,1,39.231118,39.231118,0,,e3b0c44298fc1c149afbf4c8996fb92427ae41e4649b934ca495991b7852b855,completed,False,,,
rdfs,3,500,35105,EXT-Q11,identity_consent,core,authorities,data_owner,confidential,set_union,edge1|edge2|edge3,3,100.035629,294.888568,525,,7a184c1471f857803678b1c098023801815a3697bad5e739cdc7e868fe057fa7,completed,False,,,
rdfs,3,500,35105,EXT-Q12,identity_consent,core,authorities,data_owner,confidential,set_union,edge1|edge2|edge3,3,101.492648,298.484847,528,,52290a2b1307cd4d9af1d7e2de22fce9b588933c38babca6118cebd24243116f,completed,False,,,
rdfs,3,500,35105,EXT-Q13,identity_consent,core,authorities,data_owner,confidential,set_union,edge1|edge2|edge3,3,141.683463,410.941113,0,,e3b0c44298fc1c149afbf4c8996fb92427ae41e4649b934ca495991b7852b855,completed,False,,,
rdfs,3,500,35105,EXT-Q14,identity_consent,core,authorities,data_owner,confidential,set_union,edge1|edge2|edge3,3,135.049204,403.661464,0,,e3b0c44298fc1c149afbf4c8996fb92427ae41e4649b934ca495991b7852b855,completed,False,,,
rdfs,3,500,35105,EXT-Q15,identity_consent,core,authorities,data_owner,confidential,set_union,edge1|edge2|edge3,3,1394.97287,4109.990133,0,,e3b0c44298fc1c149afbf4c8996fb92427ae41e4649b934ca495991b7852b855,completed,False,,,
rdfs,3,500,35105,EXT-Q16,identity_consent,core,authorities,data_owner,confidential,set_union,edge1|edge2|edge3,3,864.80424,2572.2308510000003,0,,e3b0c44298fc1c149afbf4c8996fb92427ae41e4649b934ca495991b7852b855,completed,False,,,
rdfs,3,500,35105,EXT-Q17,identity_consent,core,authorities,data_owner,confidential,set_union,edge1|edge2|edge3,3,42.184241,95.38886600000001,8,,3071bd3ad9cc1daac2632f317152a64e2d9d9e0d189068465ece1f8c3872334f,completed,False,,,
rdfs,3,500,35105,EXT-Q18,identity_consent,core,authorities,data_owner,confidential,set_union,edge1|edge2|edge3,3,162.304463,475.6599,0,,e3b0c44298fc1c149afbf4c8996fb92427ae41e4649b934ca495991b7852b855,completed,False,,,
rdfs,3,500,35105,EXT-Q19,identity_consent,core,authorities,data_owner,confidential,set_union,edge1|edge2|edge3,3,110.044759,322.987152,0,,e3b0c44298fc1c149afbf4c8996fb92427ae41e4649b934ca495991b7852b855,completed,False,,,
rdfs,3,500,35105,EXT-Q20,identity_consent,core,authorities,data_owner,confidential,set_union,edge1|edge2|edge3,3,13.409445,39.185609,0,,e3b0c44298fc1c149afbf4c8996fb92427ae41e4649b934ca495991b7852b855,completed,False,,,
rdfs,3,500,35105,EXT-Q21,identity_consent,core,authorities,data_owner,confidential,set_union,edge1|edge2|edge3,3,30.625742,75.518002,42,,5f5f842f77c77fd4daaf1aeead5ac66f83ba3baa3a0c30af7c9fc75f471e69cc,completed,False,,,
rdfs,3,500,35105,EXT-Q22,security_identity,domain,authorities,data_owner,restricted,set_union,edge1|edge2|edge3,3,381.278111,1006.1657749999999,0,,e3b0c44298fc1c149afbf4c8996fb92427ae41e4649b934ca495991b7852b855,completed,False,,,
rdfs,3,500,35105,EXT-Q23,data_lifecycle,core,authorities,data_owner,confidential,set_union,edge1|edge2|edge3,3,26.522055,73.448306,3,,3955e7b96dea26719774b2d2a200be73c38cf84521f9352a6b96ed1af0a71d7a,completed,False,,,
rdfs,3,500,35105,EXT-Q24,data_lifecycle,core,authorities,data_owner,confidential,set_union,edge1|edge2|edge3,3,137.160759,406.830985,502,,cc6ab0f000aa5583447de693f3ecb6b7f61b8b4d68cc162137de3731343157b2,completed,False,,,
rdfs,3,500,35105,EXT-Q25,data_lifecycle,domain,authorities,data_owner,restricted,set_union,edge1|edge2|edge3,3,210.489796,626.412923,0,,e3b0c44298fc1c149afbf4c8996fb92427ae41e4649b934ca495991b7852b855,completed,False,,,
rdfs,3,500,35105,EXT-Q26,security_identity,core,authorities,data_owner,confidential,set_union,edge1|edge2|edge3,3,481.939241,1424.926715,504,,568ca4d1de868bca17daf5210eada824632ea4de68b88ee9e12e09afc2485226,completed,False,,,
rdfs,3,500,35105,EXT-Q27,security_identity,core,authorities,data_owner,confidential,set_union,edge1|edge2|edge3,3,44.1715,115.45978600000001,0,,e3b0c44298fc1c149afbf4c8996fb92427ae41e4649b934ca495991b7852b855,completed,False,,,
rdfs,3,500,35105,EXT-Q28,security_identity,core,authorities,data_owner,confidential,set_union,edge1|edge2|edge3,3,19.881241,57.081857,0,,e3b0c44298fc1c149afbf4c8996fb92427ae41e4649b934ca495991b7852b855,completed,False,,,
rdfs,3,500,35105,EXT-Q29,security_identity,core,cloud,global,internal,single,cloud,1,5.228556,5.228556,1,,5e56d4b1c34d01016304a6e8bc0397a3d6e7898ce43942ff1b6aab07b06810f2,completed,False,,,
rdfs,3,500,35105,EXT-Q30,security_identity,core,cloud,global,internal,single,cloud,1,2.678892,2.678892,0,,e3b0c44298fc1c149afbf4c8996fb92427ae41e4649b934ca495991b7852b855,completed,False,,,
rdfs,3,500,35105,EXT-Q31,data_lifecycle,core,authorities,data_owner,confidential,set_union,edge1|edge2|edge3,3,18.33363,54.899060000000006,0,,e3b0c44298fc1c149afbf4c8996fb92427ae41e4649b934ca495991b7852b855,completed,False,,,
rdfs,3,500,35105,EXT-Q32,data_lifecycle,core,authorities,data_owner,confidential,set_union,edge1|edge2|edge3,3,11.846704,34.401939999999996,0,,e3b0c44298fc1c149afbf4c8996fb92427ae41e4649b934ca495991b7852b855,completed,False,,,
rdfs,3,500,35105,EXT-Q33,data_lifecycle,core,authorities,data_owner,confidential,set_union,edge1|edge2|edge3,3,22.5365,66.097305,0,,e3b0c44298fc1c149afbf4c8996fb92427ae41e4649b934ca495991b7852b855,completed,False,,,
rdfs,3,500,35105,EXT-Q34,data_lifecycle,core,authorities,data_owner,confidential,set_union,edge1|edge2|edge3,3,19.484685,57.686837999999995,0,,e3b0c44298fc1c149afbf4c8996fb92427ae41e4649b934ca495991b7852b855,completed,False,,,
rdfs,3,500,35105,EXT-Q35,data_lifecycle,core,authorities,data_owner,confidential,set_union,edge1|edge2|edge3,3,52.636703,155.551211,506,,e159afa16c0ecbbd3cf7fcff418e7e26ab45563c465ecee53dd366752837dae4,completed,False,,,
rdfs,3,500,35105,EXT-Q36,context_zones,core,authority_key:http://example.org/smartcity#UserA,data_owner,confidential,single,edge1,1,23.690463,23.690463,1,,b691a10c930fd32c789bb07f0f1fd7d606e3241b1fbe110ce3bb9c0f5b95cd37,completed,False,,,
rdfs,3,500,35105,EXT-Q37,context_zones,domain,authorities,data_owner,restricted,set_union,edge1|edge2|edge3,3,75.701389,194.231963,0,,e3b0c44298fc1c149afbf4c8996fb92427ae41e4649b934ca495991b7852b855,completed,False,,,
rdfs,3,500,35105,EXT-Q38,context_zones,domain,authorities,data_owner,restricted,set_union,edge1|edge2|edge3,3,39.685129,117.968956,1,,d0d58146bc80e4e03947b8200631e8b89fdb27ee77b2a31daf4bee1a10c44367,completed,False,,,
rdfs,3,500,35105,EXT-Q39,context_zones,core,authority_key:http://example.org/smartcity#UserA,data_owner,confidential,single,edge1,1,15.564074,15.564074,5,,1ca154c8210da56b45e42825f86a318f53dc0325a456648a0db2cbcced59de18,completed,False,,,
rdfs,3,500,35105,EXT-Q40,trust,core,fog,regional,internal,single,fog,1,30.631852,30.631852,12,,44d1133750d0daf65e973d007b6a6e9b1e1cf12491f15ed0d6fec1877346ffa9,completed,False,,,
rdfs,3,500,35105,EXT-Q41,trust,core,fog,regional,internal,single,fog,1,27.718908,27.718908,0,,e3b0c44298fc1c149afbf4c8996fb92427ae41e4649b934ca495991b7852b855,completed,False,,,
rdfs,3,500,35105,EXT-Q42,trust,core,fog,regional,internal,single,fog,1,21.070667,21.070667,9,,f05876d6579062dc6d4275cbdc95e4e521b19a1850e9ebef4a6cb7a737cd9c12,completed,False,,,
rdfs,3,500,35105,EXT-Q43,trust,core,fog,regional,internal,single,fog,1,157.603204,157.603204,12,,09e36e91c47b761f1f036d024c43d3a5da0aa11bcdec5c62a51401f663593326,completed,False,,,
rdfs,3,500,35105,EXT-Q44,trust,core,authorities,data_owner,confidential,set_union,edge1|edge2|edge3,3,28.423741,68.621507,10,,106b6808e582efd6a78626f18c7807191e7a08ebe629f87847227d80e6ce6f19,completed,False,,,
rdfs,3,500,35105,EXT-Q45,trust,core,authorities,data_owner,confidential,set_union,edge1|edge2|edge3,3,49.790223,146.653098,0,,e3b0c44298fc1c149afbf4c8996fb92427ae41e4649b934ca495991b7852b855,completed,False,,,
rdfs,3,500,35105,EXT-Q46,decision,core,authorities,data_owner,confidential,set_union,edge1|edge2|edge3,3,38.716315,93.060794,11,,497649f7b7fb5bb312db17c133552fcb5363c177bcdf3a7d4da3f9e09d27ef3a,completed,False,,,
rdfs,3,500,35105,EXT-Q47,decision,core,authorities,data_owner,confidential,set_union,edge1|edge2|edge3,3,38.175778,96.08587,0,,e3b0c44298fc1c149afbf4c8996fb92427ae41e4649b934ca495991b7852b855,completed,False,,,
rdfs,3,500,35105,EXT-Q48,decision,core,authorities,data_owner,confidential,set_union,edge1|edge2|edge3,3,33.898278,97.653464,0,,e3b0c44298fc1c149afbf4c8996fb92427ae41e4649b934ca495991b7852b855,completed,False,,,
rdfs,3,500,35105,EXT-Q49,decision,core,authorities,data_owner,confidential,set_union,edge1|edge2|edge3,3,34.625228,87.818395,8,,61a1a998385e4071933469d06cffd5e2cd092016daefcdce08d2e38a8bf4d078,completed,False,,,
rdfs,3,500,35105,EXT-Q50,decision,core,authorities,data_owner,confidential,set_union,edge1|edge2|edge3,3,32.898167,98.326005,0,,e3b0c44298fc1c149afbf4c8996fb92427ae41e4649b934ca495991b7852b855,completed,False,,,
rdfs,3,500,35105,EXT-Q51,decision,core,authorities,data_owner,confidential,set_union,edge1|edge2|edge3,3,31.462797,77.39152899999999,32,,d96e9e0968e2bb5a55d9ce98a9e9522d5cb6082d083dcb5d8b65c30d87614d48,completed,False,,,
rdfs,3,500,35105,EXT-Q52,decision,core,authorities,data_owner,confidential,set_union,edge1|edge2|edge3,3,29.951037,73.999157,32,,e4cc722951be46789eb75264501a53ba96774192510017491e856efc76f0aa19,completed,False,,,
rdfs,3,500,35105,EXT-Q53,decision,core,authorities,data_owner,confidential,set_union,edge1|edge2|edge3,3,50.792111,145.932837,0,,e3b0c44298fc1c149afbf4c8996fb92427ae41e4649b934ca495991b7852b855,completed,False,,,
rdfs,3,500,35105,EXT-Q54,decision,domain,authorities,data_owner,restricted,set_union,edge1|edge2|edge3,3,79.195352,233.01641,0,,e3b0c44298fc1c149afbf4c8996fb92427ae41e4649b934ca495991b7852b855,completed,False,,,
rdfs,3,500,35105,EXT-Q55,decision,core,authorities,data_owner,confidential,set_union,edge1|edge2|edge3,3,20.817834,58.400247,8,,8c3e48566f94616cee569d9b5812ba30ec566c1adc22c2c92d13749c523df534,completed,False,,,
rdfs,3,500,35105,EXT-Q56,decision,core,authorities,data_owner,confidential,set_union,edge1|edge2|edge3,3,49.615518,145.99400500000002,0,,e3b0c44298fc1c149afbf4c8996fb92427ae41e4649b934ca495991b7852b855,completed,False,,,
rdfs,3,500,35105,EXT-Q57,decision,core,authorities,data_owner,confidential,set_union,edge1|edge2|edge3,3,18.800204,55.900449,7,,058d2944c03f01a48917edc20c871d5f86e2b184778cd894bf433e94a8ffca12,completed,False,,,
rdfs,3,500,35105,EXT-Q58,decision,core,authorities,data_owner,confidential,set_union,edge1|edge2|edge3,3,29.692667,88.273,7,,5a003716962d1299d69dd1de460f6a48eb40b34fbbb1eeb486379f039621a795,completed,False,,,
rdfs,3,500,35105,EXT-Q59,adaptation,core,authorities,data_owner,confidential,set_union,edge1|edge2|edge3,3,67.418129,143.803991,35,,13174fdc62dcf1fb82964d21f2ae1d433999faabd3565ac32b4f7d156d1f54ee,completed,False,,,
rdfs,3,500,35105,EXT-Q60,adaptation,core,authorities,data_owner,confidential,set_union,edge1|edge2|edge3,3,28.159314,79.98571799999999,1,,285931564bf116179a45da920fdf958a3347ea1df763213bb7e2afba77c47d16,completed,False,,,
rdfs,3,500,35105,EXT-Q61,adaptation,core,authorities,data_owner,confidential,set_union,edge1|edge2|edge3,3,8.761604,25.438993,0,,e3b0c44298fc1c149afbf4c8996fb92427ae41e4649b934ca495991b7852b855,completed,False,,,
rdfs,3,500,35105,EXT-Q62,adaptation,core,authorities,data_owner,confidential,set_union,edge1|edge2|edge3,3,22.797556,67.286251,1,,3dafef0eca79c68f05b79939f40198bc13232639d500d3e9875bc263b0f00d4d,completed,False,,,
rdfs,3,500,35105,EXT-Q63,delegation,core,authorities,data_owner,confidential,set_union,edge1|edge2|edge3,3,24.738055,72.213123,1,,d4b4c3785ae985658dfc4a4433dd002e5aec5a2321080af4e85474c06a3404f5,completed,False,,,
rdfs,3,500,35105,EXT-Q64,delegation,core,authorities,data_owner,confidential,set_union,edge1|edge2|edge3,3,21.914889,62.363544,0,,e3b0c44298fc1c149afbf4c8996fb92427ae41e4649b934ca495991b7852b855,completed,False,,,
rdfs,3,500,35105,EXT-Q65,delegation,core,authorities,data_owner,confidential,set_union,edge1|edge2|edge3,3,13.06763,38.583072,0,,e3b0c44298fc1c149afbf4c8996fb92427ae41e4649b934ca495991b7852b855,completed,False,,,
rdfs,3,500,35105,EXT-Q66,federation,core,authorities,data_owner,confidential,set_union,edge1|edge2|edge3,3,26.040222,73.053733,2,,1a9af60cfbb87dd79b68021c3d70e1ee6f230e648f1ad6360ef50fffd374b4df,completed,False,,,
rdfs,3,500,35105,EXT-Q67,federation,core,authorities,data_owner,confidential,set_union,edge1|edge2|edge3,3,39.703592,115.625306,0,,e3b0c44298fc1c149afbf4c8996fb92427ae41e4649b934ca495991b7852b855,completed,False,,,
rdfs,3,500,35105,EXT-Q68,federation,core,authorities,data_owner,confidential,set_union,edge1|edge2|edge3,3,25.191611,74.75053,0,,e3b0c44298fc1c149afbf4c8996fb92427ae41e4649b934ca495991b7852b855,completed,False,,,
rdfs,3,500,35105,EXT-Q69,federation,core,authorities,data_owner,confidential,set_union,edge1|edge2|edge3,3,28.069942,82.845979,2,,8271d93912e320b11a3ca6d70e5061d5132abb26053b022198090871531d61eb,completed,False,,,
rdfs,3,500,35105,EXT-Q70,audit_temporal,core,authorities,data_owner,confidential,set_union,edge1|edge2|edge3,3,110.707241,181.619174,204,,01824916f48e90d6c6df066f2950c4d8a2e2d6f71ba4af556d43e8921ae41930,completed,False,,,
rdfs,3,500,35105,EXT-Q71,audit_temporal,core,authorities,data_owner,confidential,set_union,edge1|edge2|edge3,3,42.422797,110.845043,0,,e3b0c44298fc1c149afbf4c8996fb92427ae41e4649b934ca495991b7852b855,completed,False,,,
rdfs,3,500,35105,EXT-Q72,audit_temporal,core,authorities,data_owner,confidential,set_union,edge1|edge2|edge3,3,30.066963,82.631386,0,,e3b0c44298fc1c149afbf4c8996fb92427ae41e4649b934ca495991b7852b855,completed,False,,,
rdfs,3,500,35105,EXT-Q73,audit_temporal,core,authorities,data_owner,confidential,set_union,edge1|edge2|edge3,3,780.6715,2298.629177,4622,,41552ed96ec73b9580c2c7465ea892f6f0de07340dcda6fcb907d964e3341c1a,completed,False,,,
rdfs,3,500,35105,EXT-Q74,audit_temporal,core,authorities,data_owner,confidential,set_union,edge1|edge2|edge3,3,1321.82411,3354.51663,0,,e3b0c44298fc1c149afbf4c8996fb92427ae41e4649b934ca495991b7852b855,completed,False,,,
rdfs,3,500,35105,EXT-Q75,validation,core,cloud,global,internal,single,cloud,1,17.608438,17.608438,74,,8dd432df42d733f2411b2aebc51682848ddadc97425c41088f0a99090f77f1c0,completed,False,,,
rdfs,3,500,35105,EXT-Q76,validation,core,cloud,global,internal,single,cloud,1,5.099814,5.099814,9,,50bf3d3f7f446e045722279f6d243ecc804cd2cf73b381d9c89f530b567855ea,completed,False,,,
rdfs,3,500,35105,EXT-Q77,validation,core,cloud,global,internal,single,cloud,1,18.568286,18.568286,6,,ba52fb52449a77784e328f0aaa19807ddd9156c7457ea722a8af2f2082dce9ad,completed,False,,,
rdfs,3,500,35105,EXT-Q78,policy_governance,core,cloud,global,internal,single,cloud,1,27.864285,27.864285,37,,dc49d089c1cfb621b31177ad5794c8ca7638f40689eba56af4f4ea2a38c683f1,completed,False,,,
rdfs,3,500,35105,EXT-Q79,policy_governance,core,cloud,global,internal,single,cloud,1,10.440623,10.440623,0,,e3b0c44298fc1c149afbf4c8996fb92427ae41e4649b934ca495991b7852b855,completed,False,,,
rdfs,3,500,35105,EXT-Q80,validation,core,cloud,global,internal,single,cloud,1,32.565625,32.565625,13,,0cefa3a1036bceb704603183fe7520794c05d65538c743c77d376c43ebdc560c,completed,False,,,
owlrl,1,500,35105,BASE-Q01,identity_consent,core,authorities,data_owner,confidential,set_union,edge1|edge2|edge3,3,95.830445,285.708027,504,,ff3ce94d275620cecc9b21539d797cc3a2da2f115be4d99cf02e00d53299236f,completed,False,,,
owlrl,1,500,35105,BASE-Q02,topology,core,authority_key:http://example.org/smartcity#UserB,data_owner,confidential,single,edge2,1,23.992629,23.992629,15,,75cd8629893d8c6b89f6b8595efb4766ec72ade5f4d73c1d2cdad2a96f560e6b,completed,False,,,
owlrl,1,500,35105,BASE-Q03,wellbeing,domain,authorities,data_owner,restricted,set_union,edge1|edge2|edge3,3,88.502778,264.247165,504,,0f2fd59ce6dac99c6d4b906f7fa3533d34f49d248f3a0542a4ae6fa554f74947,completed,False,,,
owlrl,1,500,35105,BASE-Q04,decision,core,authority_key:http://example.org/smartcity#UserB,data_owner,confidential,single,edge2,1,22.948444,22.948444,7,,cc222a87554e870ffae43cba023647670c0589b8ec1b4500dd1d797a399c3bf2,completed,False,,,
owlrl,1,500,35105,BASE-Q05,wellbeing,domain,authorities,data_owner,restricted,set_union,edge1|edge2|edge3,3,20.29,57.13309699999999,5,,4b096b851fd9e6935d2e2e6c7bd57464c473db58008af4b34e60338033a84d23,completed,False,,,
owlrl,1,500,35105,BASE-Q06,identity_consent,core,cloud,global,internal,single,cloud,1,4.734484,4.734484,10,,f8aebcef3bdb5c68142d34426190fd6a36c4b31394471c9c7602e6c19e67ff84,completed,False,,,
owlrl,1,500,35105,BASE-Q07,observability,core,fog,regional,internal,single,fog,1,37.492407,37.492407,12,,0516a9d4345b96b06a696bef8713c0d423f25cbf05a2a51457e526a3f88a9f75,completed,False,,,
owlrl,1,500,35105,BASE-Q08,observability,core,fog,regional,internal,single,fog,1,39.486426,39.486426,2,,6527f1e187dfa51f5dc78e109fe2d9fb47aed82a4ec8f897d1dda6ee6850aa0a,completed,False,,,
owlrl,1,500,35105,BASE-Q09,wellbeing,domain,authorities,data_owner,restricted,set_union,edge1|edge2|edge3,3,113.380945,337.710159,506,,03fb5c704e3543a11dd248a2d894ccb7afaefd99ca08beba2ce6c544912d41c7,completed,False,,,
owlrl,1,500,35105,BASE-Q10,observability,domain,authorities,data_owner,restricted,set_union,edge1|edge2|edge3,3,272.750796,811.6818539999999,504,,10d067607b3e689df21e19820fec64c4ef53e0b5eb53b9a713732558aa7f0071,completed,False,,,
owlrl,1,500,35105,BASE-Q11,wellbeing,core,authority_key:http://example.org/smartcity#UserA,data_owner,confidential,single,edge1,1,14.5795,14.5795,1,,941d461ce01f2fa52ba95291e46e52524d75bd44e2b938eab7e81404936a8b7c,completed,False,,,
owlrl,1,500,35105,BASE-Q12,adaptation,core,authorities,data_owner,confidential,set_union,edge1|edge2|edge3,3,14.983815,42.839591,1,,ddcd6b8cd42f3d2e1f6aa052eeeca5d4423f9db85cdc91915481db3956dfffff,completed,False,,,
owlrl,1,500,35105,BASE-Q13,adaptation,core,authorities,data_owner,confidential,set_union,edge1|edge2|edge3,3,18.881963,54.423411,1,,25e56d4be1969d1d6de5386e2c3ff26456f8069edb7847a9dc7e32a9b09c8948,completed,False,,,
owlrl,1,500,35105,BASE-Q14,delegation,core,authority_key:http://example.org/smartcity#UserA,data_owner,confidential,single,edge1,1,17.443833,17.443833,1,,dcd8c3258e95549dde016df10cf22183c036214d75d30e686ca7ac2fb5ea3271,completed,False,,,
owlrl,1,500,35105,BASE-Q15,identity_consent,core,authorities,data_owner,confidential,set_union,edge1|edge2|edge3,3,12.155574,34.967347000000004,1,,7ac55bded7c8d1294bfcac4ddeb28b5921a8083a19185e216bf5d1c0d62bd370,completed,False,,,
owlrl,1,500,35105,BASE-Q16,federation,core,authorities,data_owner,confidential,set_union,edge1|edge2|edge3,3,26.882093,75.526734,3,,550eeca87dc96402bbed090f1737eaacfb6b27d2290401797018cbcf303b8147,completed,False,,,
owlrl,1,500,35105,BASE-Q17,context_zones,domain,authorities,data_owner,restricted,set_union,edge1|edge2|edge3,3,22.194083,64.04278599999999,1,,50b7b5a085e0802a1897953a959e0c9ea4c5f943dc26de55b2219ea7deac4b89,completed,False,,,
owlrl,1,500,35105,BASE-Q18,context_zones,core,authorities,data_owner,confidential,set_union,edge1|edge2|edge3,3,10.375481,30.396531000000003,1,,200d4d55bb0d8b9374961d2df3fa99d83d8caf54dc79a7784bb84dd44b081eda,completed,False,,,
owlrl,1,500,35105,BASE-Q19,decision,core,fog,regional,internal,single,fog,1,36.270555,36.270555,9,,443ff98a2de06ad51f558d63e0e63398d704563a4c9e035dd9323360e09c09bb,completed,False,,,
owlrl,1,500,35105,BASE-Q20,identity_consent,domain,authorities,data_owner,restricted,set_union,edge1|edge2|edge3,3,444.822018,674.866513,504,,3884a662286545e0d04aac3e476e174a688df12eb4de66112e76c1dcceba3b3a,completed,False,,,
owlrl,1,500,35105,BASE-Q21,decision,core,authorities,data_owner,confidential,set_union,edge1|edge2|edge3,3,32.250741,85.574702,11,,7fc13e36a90de226eedecbd26ccd453be5ba11798c2c5af4a7d857a15cbb7e1e,completed,False,,,
owlrl,1,500,35105,BASE-Q22,adaptation,core,authorities,data_owner,confidential,set_union,edge1|edge2|edge3,3,26.480741,73.857919,3,,70205401426a8e8adbf4220710b3638c6a47af2e7e7264f0b771b1bcbb070e80,completed,False,,,
owlrl,1,500,35105,BASE-Q23,topology,core,authorities,data_owner,confidential,set_union,edge1|edge2|edge3,3,107.429574,314.321795,501,,e05e7092a4cf6ac418481aaf8b197928d727f7b1a4599f0dc4726278b0a68a0e,completed,False,,,
owlrl,1,500,35105,BASE-Q24,federation,core,authorities,data_owner,confidential,set_union,edge1|edge2|edge3,3,29.350574,80.617235,5,,0d4871d54d4eadbfa110f9223c2a6b641ea8c65326db34ade1288d5eab5ceb54,completed,False,,,
owlrl,1,500,35105,BASE-Q25,identity_consent,core,authorities,data_owner,confidential,set_union,edge1|edge2|edge3,3,16.364427,43.439409,1,,4591a69ecb6837fd65b28a9688ad10f0fb7b8ca54c1a6ac395ef142fc831cfbf,completed,False,,,
owlrl,1,500,35105,BASE-Q26,observability,core,fog,regional,internal,boolean_or,fog,1,6.276445,6.276445,1,True,35df7182aa6c75e0a1066245f679b81ec9ad05e9964a0684980a466c9cc63ac4,completed,False,,,
owlrl,1,500,35105,BASE-Q27,adaptation,core,authorities,data_owner,confidential,boolean_or,edge1|edge2|edge3,3,10.030649,27.017085,1,True,35df7182aa6c75e0a1066245f679b81ec9ad05e9964a0684980a466c9cc63ac4,completed,False,,,
owlrl,1,500,35105,BASE-Q28,identity_consent,domain,authorities,data_owner,restricted,boolean_or,edge1|edge2|edge3,3,61.657981,148.334925,0,False,92b91e0dd8f69dcc43f3c56062f944147504cf0d80f20c98005fda34c727fd7e,completed,False,,,
owlrl,1,500,35105,BASE-Q29,topology,core,fog,regional,internal,boolean_or,fog,1,14.131093,14.131093,1,True,35df7182aa6c75e0a1066245f679b81ec9ad05e9964a0684980a466c9cc63ac4,completed,False,,,
owlrl,1,500,35105,BASE-Q30,federation,core,authorities,data_owner,confidential,boolean_or,edge1|edge2|edge3,3,10.622254,24.870662,1,True,35df7182aa6c75e0a1066245f679b81ec9ad05e9964a0684980a466c9cc63ac4,completed,False,,,
owlrl,1,500,35105,BASE-Q31,identity_consent,core,cloud,global,internal,single,cloud,1,8.884211,8.884211,3,,a3f296325bd2022ac9e2fb848837fc93d53db534fb2c2f6ac0ff467cd99cd89c,completed,False,,,
owlrl,1,500,35105,BASE-Q32,decision,core,fog,regional,internal,single,fog,1,16.2505,16.2505,4,,b91031de6b6257d2428b9195175f3c860291b874d6603c50eb4713a1b65b2628,completed,False,,,
owlrl,1,500,35105,BASE-Q33,observability,core,authority_key:http://example.org/smartcity#UserB,data_owner,confidential,single,edge2,1,27.127444,27.127444,6,,4d866077c5f4748a36c9c3a34b9c4fb687f2bff1507b3769fe810d6cc994942e,completed,False,,,
owlrl,1,500,35105,BASE-Q34,topology,core,fog,regional,internal,single,fog,1,10.859519,10.859519,1,,7c66062f36ae31e8068455da76c0bb4f918e7f6b8ecee7cd8a7946f3b6047884,completed,False,,,
owlrl,1,500,35105,BASE-Q35,delegation,core,authorities,data_owner,confidential,set_union,edge1|edge2|edge3,3,57.668167,117.388463,180,,56209ad42eb677718c0bba3e1f9fcee730c2c2912264ceea293e4ef01f23a56f,completed,False,,,
owlrl,1,500,35105,EXT-Q01,semantic_schema,core,cloud,global,internal,single,cloud,1,6.582278,6.582278,6,,66d5edbbdc2282624ffec271a4a523a20fdc7331b886d2884edf86a885532bcc,completed,False,,,
owlrl,1,500,35105,EXT-Q02,semantic_schema,core,cloud,global,internal,single,cloud,1,5.209337,5.209337,3,,81bea9a8c2d4cf1237d7fb131249cc18ec4ca629eeabaadbd5f0b9b58d3e3333,completed,False,,,
owlrl,1,500,35105,EXT-Q03,policy_governance,core,cloud,global,internal,single,cloud,1,18.493467,18.493467,79,,d73ae3d5ddfcd345147bae778101c21ab13194fca3fa92ad08259d39931b66d5,completed,False,,,
owlrl,1,500,35105,EXT-Q04,policy_governance,core,cloud,global,internal,single,cloud,1,17.344714,17.344714,55,,fced7e97d29b215a8321753998b7519dc1825dacc4af090c67ffc54bee4479bc,completed,False,,,
owlrl,1,500,35105,EXT-Q05,semantic_schema,core,cloud,global,internal,single,cloud,1,19.134859,19.134859,17,,e0fc9190703b6a7b2695ddc448f5c7e54c4feeff2545477c3194ebfd8ccb1f0c,completed,False,,,
owlrl,1,500,35105,EXT-Q06,semantic_schema,core,cloud,global,internal,single,cloud,1,3.497246,3.497246,12,,1377568d225cfb45a1899c2ea951adf7ebda5ada4e188dbf5f114110484fa3ae,completed,False,,,
owlrl,1,500,35105,EXT-Q07,policy_governance,core,cloud,global,internal,single,cloud,1,9.259231,9.259231,67,,c3cf27e703656fdaa8295f23b31076c1afcb14a5022b1b47538e2961fe033646,completed,False,,,
owlrl,1,500,35105,EXT-Q08,policy_governance,core,cloud,global,internal,single,cloud,1,65.857148,65.857148,1089,,cb9e0103c9327f1c4691ec9d7612deebd04c0e73140f23e2a6209bb8af1efc51,completed,False,,,
owlrl,1,500,35105,EXT-Q09,policy_governance,core,cloud,global,internal,single,cloud,1,18.090985,18.090985,6,,68de07660e010156bf3f3ea01000180657c8e8fc155ac9a053c3a64dbc538102,completed,False,,,
owlrl,1,500,35105,EXT-Q10,policy_governance,core,cloud,global,internal,single,cloud,1,58.549879,58.549879,0,,e3b0c44298fc1c149afbf4c8996fb92427ae41e4649b934ca495991b7852b855,completed,False,,,
owlrl,1,500,35105,EXT-Q11,identity_consent,core,authorities,data_owner,confidential,set_union,edge1|edge2|edge3,3,100.218056,294.20014100000003,525,,7a184c1471f857803678b1c098023801815a3697bad5e739cdc7e868fe057fa7,completed,False,,,
owlrl,1,500,35105,EXT-Q12,identity_consent,core,authorities,data_owner,confidential,set_union,edge1|edge2|edge3,3,101.331222,295.391251,528,,52290a2b1307cd4d9af1d7e2de22fce9b588933c38babca6118cebd24243116f,completed,False,,,
owlrl,1,500,35105,EXT-Q13,identity_consent,core,authorities,data_owner,confidential,set_union,edge1|edge2|edge3,3,134.983666,402.406183,0,,e3b0c44298fc1c149afbf4c8996fb92427ae41e4649b934ca495991b7852b855,completed,False,,,
owlrl,1,500,35105,EXT-Q14,identity_consent,core,authorities,data_owner,confidential,set_union,edge1|edge2|edge3,3,135.403852,404.71566800000005,0,,e3b0c44298fc1c149afbf4c8996fb92427ae41e4649b934ca495991b7852b855,completed,False,,,
owlrl,1,500,35105,EXT-Q15,identity_consent,core,authorities,data_owner,confidential,set_union,edge1|edge2|edge3,3,1389.453981,4127.54903,0,,e3b0c44298fc1c149afbf4c8996fb92427ae41e4649b934ca495991b7852b855,completed,False,,,
owlrl,1,500,35105,EXT-Q16,identity_consent,core,authorities,data_owner,confidential,set_union,edge1|edge2|edge3,3,865.530462,2575.876744,0,,e3b0c44298fc1c149afbf4c8996fb92427ae41e4649b934ca495991b7852b855,completed,False,,,
owlrl,1,500,35105,EXT-Q17,identity_consent,core,authorities,data_owner,confidential,set_union,edge1|edge2|edge3,3,41.857407,95.230033,8,,3071bd3ad9cc1daac2632f317152a64e2d9d9e0d189068465ece1f8c3872334f,completed,False,,,
owlrl,1,500,35105,EXT-Q18,identity_consent,core,authorities,data_owner,confidential,set_union,edge1|edge2|edge3,3,161.294481,474.10534099999995,0,,e3b0c44298fc1c149afbf4c8996fb92427ae41e4649b934ca495991b7852b855,completed,False,,,
owlrl,1,500,35105,EXT-Q19,identity_consent,core,authorities,data_owner,confidential,set_union,edge1|edge2|edge3,3,110.171593,322.65024500000004,0,,e3b0c44298fc1c149afbf4c8996fb92427ae41e4649b934ca495991b7852b855,completed,False,,,
owlrl,1,500,35105,EXT-Q20,identity_consent,core,authorities,data_owner,confidential,set_union,edge1|edge2|edge3,3,13.593518,38.966496,0,,e3b0c44298fc1c149afbf4c8996fb92427ae41e4649b934ca495991b7852b855,completed,False,,,
owlrl,1,500,35105,EXT-Q21,identity_consent,core,authorities,data_owner,confidential,set_union,edge1|edge2|edge3,3,24.825167,70.749715,58,,6e6d9e3db6cd7bbb93e0d6feafb155f966b98e945250ca473bf302c2a406fef9,completed,False,,,
owlrl,1,500,35105,EXT-Q22,security_identity,domain,authorities,data_owner,restricted,set_union,edge1|edge2|edge3,3,370.300852,948.279719,0,,e3b0c44298fc1c149afbf4c8996fb92427ae41e4649b934ca495991b7852b855,completed,False,,,
owlrl,1,500,35105,EXT-Q23,data_lifecycle,core,authorities,data_owner,confidential,set_union,edge1|edge2|edge3,3,25.852426,72.160306,3,,3955e7b96dea26719774b2d2a200be73c38cf84521f9352a6b96ed1af0a71d7a,completed,False,,,
owlrl,1,500,35105,EXT-Q24,data_lifecycle,core,authorities,data_owner,confidential,set_union,edge1|edge2|edge3,3,147.959092,422.24613,502,,cc6ab0f000aa5583447de693f3ecb6b7f61b8b4d68cc162137de3731343157b2,completed,False,,,
owlrl,1,500,35105,EXT-Q25,data_lifecycle,domain,authorities,data_owner,restricted,set_union,edge1|edge2|edge3,3,207.932852,620.257552,0,,e3b0c44298fc1c149afbf4c8996fb92427ae41e4649b934ca495991b7852b855,completed,False,,,
owlrl,1,500,35105,EXT-Q26,security_identity,core,authorities,data_owner,confidential,set_union,edge1|edge2|edge3,3,476.438482,1418.614824,504,,568ca4d1de868bca17daf5210eada824632ea4de68b88ee9e12e09afc2485226,completed,False,,,
owlrl,1,500,35105,EXT-Q27,security_identity,core,authorities,data_owner,confidential,set_union,edge1|edge2|edge3,3,48.160944,121.04080400000001,0,,e3b0c44298fc1c149afbf4c8996fb92427ae41e4649b934ca495991b7852b855,completed,False,,,
owlrl,1,500,35105,EXT-Q28,security_identity,core,authorities,data_owner,confidential,set_union,edge1|edge2|edge3,3,19.693648,57.349244999999996,0,,e3b0c44298fc1c149afbf4c8996fb92427ae41e4649b934ca495991b7852b855,completed,False,,,
owlrl,1,500,35105,EXT-Q29,security_identity,core,cloud,global,internal,single,cloud,1,3.199542,3.199542,1,,5e56d4b1c34d01016304a6e8bc0397a3d6e7898ce43942ff1b6aab07b06810f2,completed,False,,,
owlrl,1,500,35105,EXT-Q30,security_identity,core,cloud,global,internal,single,cloud,1,2.642545,2.642545,0,,e3b0c44298fc1c149afbf4c8996fb92427ae41e4649b934ca495991b7852b855,completed,False,,,
owlrl,1,500,35105,EXT-Q31,data_lifecycle,core,authorities,data_owner,confidential,set_union,edge1|edge2|edge3,3,28.930554,66.75361000000001,0,,e3b0c44298fc1c149afbf4c8996fb92427ae41e4649b934ca495991b7852b855,completed,False,,,
owlrl,1,500,35105,EXT-Q32,data_lifecycle,core,authorities,data_owner,confidential,set_union,edge1|edge2|edge3,3,12.546,34.403458,0,,e3b0c44298fc1c149afbf4c8996fb92427ae41e4649b934ca495991b7852b855,completed,False,,,
owlrl,1,500,35105,EXT-Q33,data_lifecycle,core,authorities,data_owner,confidential,set_union,edge1|edge2|edge3,3,22.471037,65.965713,0,,e3b0c44298fc1c149afbf4c8996fb92427ae41e4649b934ca495991b7852b855,completed,False,,,
owlrl,1,500,35105,EXT-Q34,data_lifecycle,core,authorities,data_owner,confidential,set_union,edge1|edge2|edge3,3,18.649222,55.77019,0,,e3b0c44298fc1c149afbf4c8996fb92427ae41e4649b934ca495991b7852b855,completed,False,,,
owlrl,1,500,35105,EXT-Q35,data_lifecycle,core,authorities,data_owner,confidential,set_union,edge1|edge2|edge3,3,74.007982,177.190675,506,,e159afa16c0ecbbd3cf7fcff418e7e26ab45563c465ecee53dd366752837dae4,completed,False,,,
owlrl,1,500,35105,EXT-Q36,context_zones,core,authority_key:http://example.org/smartcity#UserA,data_owner,confidential,single,edge1,1,24.030037,24.030037,1,,b691a10c930fd32c789bb07f0f1fd7d606e3241b1fbe110ce3bb9c0f5b95cd37,completed,False,,,
owlrl,1,500,35105,EXT-Q37,context_zones,domain,authorities,data_owner,restricted,set_union,edge1|edge2|edge3,3,75.871241,195.366112,0,,e3b0c44298fc1c149afbf4c8996fb92427ae41e4649b934ca495991b7852b855,completed,False,,,
owlrl,1,500,35105,EXT-Q38,context_zones,domain,authorities,data_owner,restricted,set_union,edge1|edge2|edge3,3,41.005773,120.677884,1,,d0d58146bc80e4e03947b8200631e8b89fdb27ee77b2a31daf4bee1a10c44367,completed,False,,,
owlrl,1,500,35105,EXT-Q39,context_zones,core,authority_key:http://example.org/smartcity#UserA,data_owner,confidential,single,edge1,1,16.295814,16.295814,5,,1ca154c8210da56b45e42825f86a318f53dc0325a456648a0db2cbcced59de18,completed,False,,,
owlrl,1,500,35105,EXT-Q40,trust,core,fog,regional,internal,single,fog,1,31.119481,31.119481,12,,44d1133750d0daf65e973d007b6a6e9b1e1cf12491f15ed0d6fec1877346ffa9,completed,False,,,
owlrl,1,500,35105,EXT-Q41,trust,core,fog,regional,internal,single,fog,1,153.056352,153.056352,0,,e3b0c44298fc1c149afbf4c8996fb92427ae41e4649b934ca495991b7852b855,completed,False,,,
owlrl,1,500,35105,EXT-Q42,trust,core,fog,regional,internal,single,fog,1,20.570833,20.570833,9,,f05876d6579062dc6d4275cbdc95e4e521b19a1850e9ebef4a6cb7a737cd9c12,completed,False,,,
owlrl,1,500,35105,EXT-Q43,trust,core,fog,regional,internal,single,fog,1,34.810555,34.810555,12,,09e36e91c47b761f1f036d024c43d3a5da0aa11bcdec5c62a51401f663593326,completed,False,,,
owlrl,1,500,35105,EXT-Q44,trust,core,authorities,data_owner,confidential,set_union,edge1|edge2|edge3,3,23.73587,63.478988,10,,106b6808e582efd6a78626f18c7807191e7a08ebe629f87847227d80e6ce6f19,completed,False,,,
owlrl,1,500,35105,EXT-Q45,trust,core,authorities,data_owner,confidential,set_union,edge1|edge2|edge3,3,49.393259,146.226635,0,,e3b0c44298fc1c149afbf4c8996fb92427ae41e4649b934ca495991b7852b855,completed,False,,,
owlrl,1,500,35105,EXT-Q46,decision,core,authorities,data_owner,confidential,set_union,edge1|edge2|edge3,3,32.753926,87.273387,11,,497649f7b7fb5bb312db17c133552fcb5363c177bcdf3a7d4da3f9e09d27ef3a,completed,False,,,
owlrl,1,500,35105,EXT-Q47,decision,core,authorities,data_owner,confidential,set_union,edge1|edge2|edge3,3,37.570259,95.657722,0,,e3b0c44298fc1c149afbf4c8996fb92427ae41e4649b934ca495991b7852b855,completed,False,,,
owlrl,1,500,35105,EXT-Q48,decision,core,authorities,data_owner,confidential,set_union,edge1|edge2|edge3,3,33.300093,94.781224,0,,e3b0c44298fc1c149afbf4c8996fb92427ae41e4649b934ca495991b7852b855,completed,False,,,
owlrl,1,500,35105,EXT-Q49,decision,core,authorities,data_owner,confidential,set_union,edge1|edge2|edge3,3,28.024759,78.562921,8,,61a1a998385e4071933469d06cffd5e2cd092016daefcdce08d2e38a8bf4d078,completed,False,,,
owlrl,1,500,35105,EXT-Q50,decision,core,authorities,data_owner,confidential,set_union,edge1|edge2|edge3,3,33.042686,98.575209,0,,e3b0c44298fc1c149afbf4c8996fb92427ae41e4649b934ca495991b7852b855,completed,False,,,
owlrl,1,500,35105,EXT-Q51,decision,core,authorities,data_owner,confidential,set_union,edge1|edge2|edge3,3,289.229992,345.937567,32,,d96e9e0968e2bb5a55d9ce98a9e9522d5cb6082d083dcb5d8b65c30d87614d48,completed,False,,,
owlrl,1,500,35105,EXT-Q52,decision,core,authorities,data_owner,confidential,set_union,edge1|edge2|edge3,3,30.657925,82.116266,32,,e4cc722951be46789eb75264501a53ba96774192510017491e856efc76f0aa19,completed,False,,,
owlrl,1,500,35105,EXT-Q53,decision,core,authorities,data_owner,confidential,set_union,edge1|edge2|edge3,3,51.023352,146.428875,0,,e3b0c44298fc1c149afbf4c8996fb92427ae41e4649b934ca495991b7852b855,completed,False,,,
owlrl,1,500,35105,EXT-Q54,decision,domain,authorities,data_owner,restricted,set_union,edge1|edge2|edge3,3,80.2085,235.711078,0,,e3b0c44298fc1c149afbf4c8996fb92427ae41e4649b934ca495991b7852b855,completed,False,,,
owlrl,1,500,35105,EXT-Q55,decision,core,authorities,data_owner,confidential,set_union,edge1|edge2|edge3,3,20.639852,59.297525,8,,8c3e48566f94616cee569d9b5812ba30ec566c1adc22c2c92d13749c523df534,completed,False,,,
owlrl,1,500,35105,EXT-Q56,decision,core,authorities,data_owner,confidential,set_union,edge1|edge2|edge3,3,49.571055,146.118115,0,,e3b0c44298fc1c149afbf4c8996fb92427ae41e4649b934ca495991b7852b855,completed,False,,,
owlrl,1,500,35105,EXT-Q57,decision,core,authorities,data_owner,confidential,set_union,edge1|edge2|edge3,3,29.390722,67.884833,7,,058d2944c03f01a48917edc20c871d5f86e2b184778cd894bf433e94a8ffca12,completed,False,,,
owlrl,1,500,35105,EXT-Q58,decision,core,authorities,data_owner,confidential,set_union,edge1|edge2|edge3,3,30.882666,90.038369,7,,5a003716962d1299d69dd1de460f6a48eb40b34fbbb1eeb486379f039621a795,completed,False,,,
owlrl,1,500,35105,EXT-Q59,adaptation,core,authorities,data_owner,confidential,set_union,edge1|edge2|edge3,3,67.539074,143.26426800000002,35,,a67f4df76b0ad2595fa03a50ef968560610616068e1b79b7d520849c791090ca,completed,False,,,
owlrl,1,500,35105,EXT-Q60,adaptation,core,authorities,data_owner,confidential,set_union,edge1|edge2|edge3,3,285.904185,337.486366,1,,285931564bf116179a45da920fdf958a3347ea1df763213bb7e2afba77c47d16,completed,False,,,
owlrl,1,500,35105,EXT-Q61,adaptation,core,authorities,data_owner,confidential,set_union,edge1|edge2|edge3,3,11.80787,28.496214000000002,0,,e3b0c44298fc1c149afbf4c8996fb92427ae41e4649b934ca495991b7852b855,completed,False,,,
owlrl,1,500,35105,EXT-Q62,adaptation,core,authorities,data_owner,confidential,set_union,edge1|edge2|edge3,3,22.768741,66.254639,1,,3dafef0eca79c68f05b79939f40198bc13232639d500d3e9875bc263b0f00d4d,completed,False,,,
owlrl,1,500,35105,EXT-Q63,delegation,core,authorities,data_owner,confidential,set_union,edge1|edge2|edge3,3,25.944722,74.128938,1,,d4b4c3785ae985658dfc4a4433dd002e5aec5a2321080af4e85474c06a3404f5,completed,False,,,
owlrl,1,500,35105,EXT-Q64,delegation,core,authorities,data_owner,confidential,set_union,edge1|edge2|edge3,3,21.420055,62.272487,0,,e3b0c44298fc1c149afbf4c8996fb92427ae41e4649b934ca495991b7852b855,completed,False,,,
owlrl,1,500,35105,EXT-Q65,delegation,core,authorities,data_owner,confidential,set_union,edge1|edge2|edge3,3,12.831148,38.306219999999996,0,,e3b0c44298fc1c149afbf4c8996fb92427ae41e4649b934ca495991b7852b855,completed,False,,,
owlrl,1,500,35105,EXT-Q66,federation,core,authorities,data_owner,confidential,set_union,edge1|edge2|edge3,3,26.380888,73.289176,2,,1a9af60cfbb87dd79b68021c3d70e1ee6f230e648f1ad6360ef50fffd374b4df,completed,False,,,
owlrl,1,500,35105,EXT-Q67,federation,core,authorities,data_owner,confidential,set_union,edge1|edge2|edge3,3,39.662593,115.523233,0,,e3b0c44298fc1c149afbf4c8996fb92427ae41e4649b934ca495991b7852b855,completed,False,,,
owlrl,1,500,35105,EXT-Q68,federation,core,authorities,data_owner,confidential,set_union,edge1|edge2|edge3,3,25.852236,75.727736,0,,e3b0c44298fc1c149afbf4c8996fb92427ae41e4649b934ca495991b7852b855,completed,False,,,
owlrl,1,500,35105,EXT-Q69,federation,core,authorities,data_owner,confidential,set_union,edge1|edge2|edge3,3,28.749611,83.206405,2,,8271d93912e320b11a3ca6d70e5061d5132abb26053b022198090871531d61eb,completed,False,,,
owlrl,1,500,35105,EXT-Q70,audit_temporal,core,authorities,data_owner,confidential,set_union,edge1|edge2|edge3,3,110.694982,181.46411799999998,204,,01824916f48e90d6c6df066f2950c4d8a2e2d6f71ba4af556d43e8921ae41930,completed,False,,,
owlrl,1,500,35105,EXT-Q71,audit_temporal,core,authorities,data_owner,confidential,set_union,edge1|edge2|edge3,3,42.659167,110.64945,0,,e3b0c44298fc1c149afbf4c8996fb92427ae41e4649b934ca495991b7852b855,completed,False,,,
owlrl,1,500,35105,EXT-Q72,audit_temporal,core,authorities,data_owner,confidential,set_union,edge1|edge2|edge3,3,35.266055,92.43808800000001,0,,e3b0c44298fc1c149afbf4c8996fb92427ae41e4649b934ca495991b7852b855,completed,False,,,
owlrl,1,500,35105,EXT-Q73,audit_temporal,core,authorities,data_owner,confidential,set_union,edge1|edge2|edge3,3,1080.907,3159.007379,4622,,41552ed96ec73b9580c2c7465ea892f6f0de07340dcda6fcb907d964e3341c1a,completed,False,,,
owlrl,1,500,35105,EXT-Q74,audit_temporal,core,authorities,data_owner,confidential,set_union,edge1|edge2|edge3,3,1469.308962,4312.967681,0,,e3b0c44298fc1c149afbf4c8996fb92427ae41e4649b934ca495991b7852b855,completed,False,,,
owlrl,1,500,35105,EXT-Q75,validation,core,cloud,global,internal,single,cloud,1,18.101443,18.101443,74,,8dd432df42d733f2411b2aebc51682848ddadc97425c41088f0a99090f77f1c0,completed,False,,,
owlrl,1,500,35105,EXT-Q76,validation,core,cloud,global,internal,single,cloud,1,16.379494,16.379494,9,,50bf3d3f7f446e045722279f6d243ecc804cd2cf73b381d9c89f530b567855ea,completed,False,,,
owlrl,1,500,35105,EXT-Q77,validation,core,cloud,global,internal,single,cloud,1,9.069747,9.069747,6,,ba52fb52449a77784e328f0aaa19807ddd9156c7457ea722a8af2f2082dce9ad,completed,False,,,
owlrl,1,500,35105,EXT-Q78,policy_governance,core,cloud,global,internal,single,cloud,1,12.507936,12.507936,37,,dc49d089c1cfb621b31177ad5794c8ca7638f40689eba56af4f4ea2a38c683f1,completed,False,,,
owlrl,1,500,35105,EXT-Q79,policy_governance,core,cloud,global,internal,single,cloud,1,10.342889,10.342889,0,,e3b0c44298fc1c149afbf4c8996fb92427ae41e4649b934ca495991b7852b855,completed,False,,,
owlrl,1,500,35105,EXT-Q80,validation,core,cloud,global,internal,single,cloud,1,33.374799,33.374799,13,,0cefa3a1036bceb704603183fe7520794c05d65538c743c77d376c43ebdc560c,completed,False,,,
owlrl,2,500,35105,BASE-Q01,identity_consent,core,authorities,data_owner,confidential,set_union,edge1|edge2|edge3,3,95.535481,283.86269100000004,504,,ff3ce94d275620cecc9b21539d797cc3a2da2f115be4d99cf02e00d53299236f,completed,False,,,
owlrl,2,500,35105,BASE-Q02,topology,core,authority_key:http://example.org/smartcity#UserB,data_owner,confidential,single,edge2,1,24.013092,24.013092,15,,75cd8629893d8c6b89f6b8595efb4766ec72ade5f4d73c1d2cdad2a96f560e6b,completed,False,,,
owlrl,2,500,35105,BASE-Q03,wellbeing,domain,authorities,data_owner,restricted,set_union,edge1|edge2|edge3,3,88.520259,262.541478,504,,0f2fd59ce6dac99c6d4b906f7fa3533d34f49d248f3a0542a4ae6fa554f74947,completed,False,,,
owlrl,2,500,35105,BASE-Q04,decision,core,authority_key:http://example.org/smartcity#UserB,data_owner,confidential,single,edge2,1,21.828093,21.828093,7,,cc222a87554e870ffae43cba023647670c0589b8ec1b4500dd1d797a399c3bf2,completed,False,,,
owlrl,2,500,35105,BASE-Q05,wellbeing,domain,authorities,data_owner,restricted,set_union,edge1|edge2|edge3,3,20.303741,56.70143,5,,4b096b851fd9e6935d2e2e6c7bd57464c473db58008af4b34e60338033a84d23,completed,False,,,
owlrl,2,500,35105,BASE-Q06,identity_consent,core,cloud,global,internal,single,cloud,1,3.974461,3.974461,10,,f8aebcef3bdb5c68142d34426190fd6a36c4b31394471c9c7602e6c19e67ff84,completed,False,,,
owlrl,2,500,35105,BASE-Q07,observability,core,fog,regional,internal,single,fog,1,61.009259,61.009259,12,,0516a9d4345b96b06a696bef8713c0d423f25cbf05a2a51457e526a3f88a9f75,completed,False,,,
owlrl,2,500,35105,BASE-Q08,observability,core,fog,regional,internal,single,fog,1,39.010963,39.010963,2,,6527f1e187dfa51f5dc78e109fe2d9fb47aed82a4ec8f897d1dda6ee6850aa0a,completed,False,,,
owlrl,2,500,35105,BASE-Q09,wellbeing,domain,authorities,data_owner,restricted,set_union,edge1|edge2|edge3,3,113.48087,337.698343,506,,03fb5c704e3543a11dd248a2d894ccb7afaefd99ca08beba2ce6c544912d41c7,completed,False,,,
owlrl,2,500,35105,BASE-Q10,observability,domain,authorities,data_owner,restricted,set_union,edge1|edge2|edge3,3,273.479444,812.111579,504,,10d067607b3e689df21e19820fec64c4ef53e0b5eb53b9a713732558aa7f0071,completed,False,,,
owlrl,2,500,35105,BASE-Q11,wellbeing,core,authority_key:http://example.org/smartcity#UserA,data_owner,confidential,single,edge1,1,14.480185,14.480185,1,,941d461ce01f2fa52ba95291e46e52524d75bd44e2b938eab7e81404936a8b7c,completed,False,,,
owlrl,2,500,35105,BASE-Q12,adaptation,core,authorities,data_owner,confidential,set_union,edge1|edge2|edge3,3,15.331981,43.727536,1,,ddcd6b8cd42f3d2e1f6aa052eeeca5d4423f9db85cdc91915481db3956dfffff,completed,False,,,
owlrl,2,500,35105,BASE-Q13,adaptation,core,authorities,data_owner,confidential,set_union,edge1|edge2|edge3,3,18.881112,53.627392,1,,25e56d4be1969d1d6de5386e2c3ff26456f8069edb7847a9dc7e32a9b09c8948,completed,False,,,
owlrl,2,500,35105,BASE-Q14,delegation,core,authority_key:http://example.org/smartcity#UserA,data_owner,confidential,single,edge1,1,16.707352,16.707352,1,,dcd8c3258e95549dde016df10cf22183c036214d75d30e686ca7ac2fb5ea3271,completed,False,,,
owlrl,2,500,35105,BASE-Q15,identity_consent,core,authorities,data_owner,confidential,set_union,edge1|edge2|edge3,3,11.980107,35.221514,1,,7ac55bded7c8d1294bfcac4ddeb28b5921a8083a19185e216bf5d1c0d62bd370,completed,False,,,
owlrl,2,500,35105,BASE-Q16,federation,core,authorities,data_owner,confidential,set_union,edge1|edge2|edge3,3,29.619685,78.053085,3,,550eeca87dc96402bbed090f1737eaacfb6b27d2290401797018cbcf303b8147,completed,False,,,
owlrl,2,500,35105,BASE-Q17,context_zones,domain,authorities,data_owner,restricted,set_union,edge1|edge2|edge3,3,22.256139,64.730917,1,,50b7b5a085e0802a1897953a959e0c9ea4c5f943dc26de55b2219ea7deac4b89,completed,False,,,
owlrl,2,500,35105,BASE-Q18,context_zones,core,authorities,data_owner,confidential,set_union,edge1|edge2|edge3,3,10.615834,31.205309999999997,1,,200d4d55bb0d8b9374961d2df3fa99d83d8caf54dc79a7784bb84dd44b081eda,completed,False,,,
owlrl,2,500,35105,BASE-Q19,decision,core,fog,regional,internal,single,fog,1,36.945204,36.945204,9,,443ff98a2de06ad51f558d63e0e63398d704563a4c9e035dd9323360e09c09bb,completed,False,,,
owlrl,2,500,35105,BASE-Q20,identity_consent,domain,authorities,data_owner,restricted,set_union,edge1|edge2|edge3,3,146.634408,376.123606,504,,3884a662286545e0d04aac3e476e174a688df12eb4de66112e76c1dcceba3b3a,completed,False,,,
owlrl,2,500,35105,BASE-Q21,decision,core,authorities,data_owner,confidential,set_union,edge1|edge2|edge3,3,32.221796,85.239162,11,,7fc13e36a90de226eedecbd26ccd453be5ba11798c2c5af4a7d857a15cbb7e1e,completed,False,,,
owlrl,2,500,35105,BASE-Q22,adaptation,core,authorities,data_owner,confidential,set_union,edge1|edge2|edge3,3,24.294704,71.562808,3,,70205401426a8e8adbf4220710b3638c6a47af2e7e7264f0b771b1bcbb070e80,completed,False,,,
owlrl,2,500,35105,BASE-Q23,topology,core,authorities,data_owner,confidential,set_union,edge1|edge2|edge3,3,105.221704,312.140184,501,,e05e7092a4cf6ac418481aaf8b197928d727f7b1a4599f0dc4726278b0a68a0e,completed,False,,,
owlrl,2,500,35105,BASE-Q24,federation,core,authorities,data_owner,confidential,set_union,edge1|edge2|edge3,3,29.926203,81.700957,5,,0d4871d54d4eadbfa110f9223c2a6b641ea8c65326db34ade1288d5eab5ceb54,completed,False,,,
owlrl,2,500,35105,BASE-Q25,identity_consent,core,authorities,data_owner,confidential,set_union,edge1|edge2|edge3,3,16.619261,43.342612,1,,4591a69ecb6837fd65b28a9688ad10f0fb7b8ca54c1a6ac395ef142fc831cfbf,completed,False,,,
owlrl,2,500,35105,BASE-Q26,observability,core,fog,regional,internal,boolean_or,fog,1,9.058796,9.058796,1,True,35df7182aa6c75e0a1066245f679b81ec9ad05e9964a0684980a466c9cc63ac4,completed,False,,,
owlrl,2,500,35105,BASE-Q27,adaptation,core,authorities,data_owner,confidential,boolean_or,edge1|edge2|edge3,3,10.558018,27.68638,1,True,35df7182aa6c75e0a1066245f679b81ec9ad05e9964a0684980a466c9cc63ac4,completed,False,,,
owlrl,2,500,35105,BASE-Q28,identity_consent,domain,authorities,data_owner,restricted,boolean_or,edge1|edge2|edge3,3,61.505204,148.208166,0,False,92b91e0dd8f69dcc43f3c56062f944147504cf0d80f20c98005fda34c727fd7e,completed,False,,,
owlrl,2,500,35105,BASE-Q29,topology,core,fog,regional,internal,boolean_or,fog,1,17.608852,17.608852,1,True,35df7182aa6c75e0a1066245f679b81ec9ad05e9964a0684980a466c9cc63ac4,completed,False,,,
owlrl,2,500,35105,BASE-Q30,federation,core,authorities,data_owner,confidential,boolean_or,edge1|edge2|edge3,3,7.750611,21.680934999999998,1,True,35df7182aa6c75e0a1066245f679b81ec9ad05e9964a0684980a466c9cc63ac4,completed,False,,,
owlrl,2,500,35105,BASE-Q31,identity_consent,core,cloud,global,internal,single,cloud,1,13.749608,13.749608,3,,a3f296325bd2022ac9e2fb848837fc93d53db534fb2c2f6ac0ff467cd99cd89c,completed,False,,,
owlrl,2,500,35105,BASE-Q32,decision,core,fog,regional,internal,single,fog,1,17.625611,17.625611,4,,b91031de6b6257d2428b9195175f3c860291b874d6603c50eb4713a1b65b2628,completed,False,,,
owlrl,2,500,35105,BASE-Q33,observability,core,authority_key:http://example.org/smartcity#UserB,data_owner,confidential,single,edge2,1,25.012574,25.012574,6,,4d866077c5f4748a36c9c3a34b9c4fb687f2bff1507b3769fe810d6cc994942e,completed,False,,,
owlrl,2,500,35105,BASE-Q34,topology,core,fog,regional,internal,single,fog,1,14.818648,14.818648,1,,7c66062f36ae31e8068455da76c0bb4f918e7f6b8ecee7cd8a7946f3b6047884,completed,False,,,
owlrl,2,500,35105,BASE-Q35,delegation,core,authorities,data_owner,confidential,set_union,edge1|edge2|edge3,3,57.056833,115.980667,180,,56209ad42eb677718c0bba3e1f9fcee730c2c2912264ceea293e4ef01f23a56f,completed,False,,,
owlrl,2,500,35105,EXT-Q01,semantic_schema,core,cloud,global,internal,single,cloud,1,6.547372,6.547372,6,,66d5edbbdc2282624ffec271a4a523a20fdc7331b886d2884edf86a885532bcc,completed,False,,,
owlrl,2,500,35105,EXT-Q02,semantic_schema,core,cloud,global,internal,single,cloud,1,4.820692,4.820692,3,,81bea9a8c2d4cf1237d7fb131249cc18ec4ca629eeabaadbd5f0b9b58d3e3333,completed,False,,,
owlrl,2,500,35105,EXT-Q03,policy_governance,core,cloud,global,internal,single,cloud,1,15.423463,15.423463,79,,d73ae3d5ddfcd345147bae778101c21ab13194fca3fa92ad08259d39931b66d5,completed,False,,,
owlrl,2,500,35105,EXT-Q04,policy_governance,core,cloud,global,internal,single,cloud,1,18.459699,18.459699,55,,fced7e97d29b215a8321753998b7519dc1825dacc4af090c67ffc54bee4479bc,completed,False,,,
owlrl,2,500,35105,EXT-Q05,semantic_schema,core,cloud,global,internal,single,cloud,1,23.189948,23.189948,17,,e0fc9190703b6a7b2695ddc448f5c7e54c4feeff2545477c3194ebfd8ccb1f0c,completed,False,,,
owlrl,2,500,35105,EXT-Q06,semantic_schema,core,cloud,global,internal,single,cloud,1,3.555708,3.555708,12,,1377568d225cfb45a1899c2ea951adf7ebda5ada4e188dbf5f114110484fa3ae,completed,False,,,
owlrl,2,500,35105,EXT-Q07,policy_governance,core,cloud,global,internal,single,cloud,1,9.168821,9.168821,67,,c3cf27e703656fdaa8295f23b31076c1afcb14a5022b1b47538e2961fe033646,completed,False,,,
owlrl,2,500,35105,EXT-Q08,policy_governance,core,cloud,global,internal,single,cloud,1,55.690084,55.690084,1089,,cb9e0103c9327f1c4691ec9d7612deebd04c0e73140f23e2a6209bb8af1efc51,completed,False,,,
owlrl,2,500,35105,EXT-Q09,policy_governance,core,cloud,global,internal,single,cloud,1,14.387845,14.387845,6,,68de07660e010156bf3f3ea01000180657c8e8fc155ac9a053c3a64dbc538102,completed,False,,,
owlrl,2,500,35105,EXT-Q10,policy_governance,core,cloud,global,internal,single,cloud,1,61.80736,61.80736,0,,e3b0c44298fc1c149afbf4c8996fb92427ae41e4649b934ca495991b7852b855,completed,False,,,
owlrl,2,500,35105,EXT-Q11,identity_consent,core,authorities,data_owner,confidential,set_union,edge1|edge2|edge3,3,100.436778,294.752715,525,,7a184c1471f857803678b1c098023801815a3697bad5e739cdc7e868fe057fa7,completed,False,,,
owlrl,2,500,35105,EXT-Q12,identity_consent,core,authorities,data_owner,confidential,set_union,edge1|edge2|edge3,3,376.658111,570.595046,528,,52290a2b1307cd4d9af1d7e2de22fce9b588933c38babca6118cebd24243116f,completed,False,,,
owlrl,2,500,35105,EXT-Q13,identity_consent,core,authorities,data_owner,confidential,set_union,edge1|edge2|edge3,3,135.653278,403.142628,0,,e3b0c44298fc1c149afbf4c8996fb92427ae41e4649b934ca495991b7852b855,completed,False,,,
owlrl,2,500,35105,EXT-Q14,identity_consent,core,authorities,data_owner,confidential,set_union,edge1|edge2|edge3,3,135.540148,404.640446,0,,e3b0c44298fc1c149afbf4c8996fb92427ae41e4649b934ca495991b7852b855,completed,False,,,
owlrl,2,500,35105,EXT-Q15,identity_consent,core,authorities,data_owner,confidential,set_union,edge1|edge2|edge3,3,1376.803258,4087.720384,0,,e3b0c44298fc1c149afbf4c8996fb92427ae41e4649b934ca495991b7852b855,completed,False,,,
owlrl,2,500,35105,EXT-Q16,identity_consent,core,authorities,data_owner,confidential,set_union,edge1|edge2|edge3,3,863.269092,2570.081634,0,,e3b0c44298fc1c149afbf4c8996fb92427ae41e4649b934ca495991b7852b855,completed,False,,,
owlrl,2,500,35105,EXT-Q17,identity_consent,core,authorities,data_owner,confidential,set_union,edge1|edge2|edge3,3,42.249185,95.17743999999999,8,,3071bd3ad9cc1daac2632f317152a64e2d9d9e0d189068465ece1f8c3872334f,completed,False,,,
owlrl,2,500,35105,EXT-Q18,identity_consent,core,authorities,data_owner,confidential,set_union,edge1|edge2|edge3,3,160.429167,473.585898,0,,e3b0c44298fc1c149afbf4c8996fb92427ae41e4649b934ca495991b7852b855,completed,False,,,
owlrl,2,500,35105,EXT-Q19,identity_consent,core,authorities,data_owner,confidential,set_union,edge1|edge2|edge3,3,115.05963,328.681355,0,,e3b0c44298fc1c149afbf4c8996fb92427ae41e4649b934ca495991b7852b855,completed,False,,,
owlrl,2,500,35105,EXT-Q20,identity_consent,core,authorities,data_owner,confidential,set_union,edge1|edge2|edge3,3,14.533075,41.17648,0,,e3b0c44298fc1c149afbf4c8996fb92427ae41e4649b934ca495991b7852b855,completed,False,,,
owlrl,2,500,35105,EXT-Q21,identity_consent,core,authorities,data_owner,confidential,set_union,edge1|edge2|edge3,3,24.875797,70.290584,58,,6e6d9e3db6cd7bbb93e0d6feafb155f966b98e945250ca473bf302c2a406fef9,completed,False,,,
owlrl,2,500,35105,EXT-Q22,security_identity,domain,authorities,data_owner,restricted,set_union,edge1|edge2|edge3,3,585.627536,1292.55802,0,,e3b0c44298fc1c149afbf4c8996fb92427ae41e4649b934ca495991b7852b855,completed,False,,,
owlrl,2,500,35105,EXT-Q23,data_lifecycle,core,authorities,data_owner,confidential,set_union,edge1|edge2|edge3,3,26.016815,72.229585,3,,3955e7b96dea26719774b2d2a200be73c38cf84521f9352a6b96ed1af0a71d7a,completed,False,,,
owlrl,2,500,35105,EXT-Q24,data_lifecycle,core,authorities,data_owner,confidential,set_union,edge1|edge2|edge3,3,137.020704,409.42531699999995,502,,cc6ab0f000aa5583447de693f3ecb6b7f61b8b4d68cc162137de3731343157b2,completed,False,,,
owlrl,2,500,35105,EXT-Q25,data_lifecycle,domain,authorities,data_owner,restricted,set_union,edge1|edge2|edge3,3,209.925315,625.2832020000001,0,,e3b0c44298fc1c149afbf4c8996fb92427ae41e4649b934ca495991b7852b855,completed,False,,,
owlrl,2,500,35105,EXT-Q26,security_identity,core,authorities,data_owner,confidential,set_union,edge1|edge2|edge3,3,589.194074,1540.18453,504,,568ca4d1de868bca17daf5210eada824632ea4de68b88ee9e12e09afc2485226,completed,False,,,
owlrl,2,500,35105,EXT-Q27,security_identity,core,authorities,data_owner,confidential,set_union,edge1|edge2|edge3,3,46.694148,117.780359,0,,e3b0c44298fc1c149afbf4c8996fb92427ae41e4649b934ca495991b7852b855,completed,False,,,
owlrl,2,500,35105,EXT-Q28,security_identity,core,authorities,data_owner,confidential,set_union,edge1|edge2|edge3,3,19.047518,56.453468,0,,e3b0c44298fc1c149afbf4c8996fb92427ae41e4649b934ca495991b7852b855,completed,False,,,
owlrl,2,500,35105,EXT-Q29,security_identity,core,cloud,global,internal,single,cloud,1,3.155005,3.155005,1,,5e56d4b1c34d01016304a6e8bc0397a3d6e7898ce43942ff1b6aab07b06810f2,completed,False,,,
owlrl,2,500,35105,EXT-Q30,security_identity,core,cloud,global,internal,single,cloud,1,2.72224,2.72224,0,,e3b0c44298fc1c149afbf4c8996fb92427ae41e4649b934ca495991b7852b855,completed,False,,,
owlrl,2,500,35105,EXT-Q31,data_lifecycle,core,authorities,data_owner,confidential,set_union,edge1|edge2|edge3,3,18.89613,55.0853,0,,e3b0c44298fc1c149afbf4c8996fb92427ae41e4649b934ca495991b7852b855,completed,False,,,
owlrl,2,500,35105,EXT-Q32,data_lifecycle,core,authorities,data_owner,confidential,set_union,edge1|edge2|edge3,3,11.131704,32.949051,0,,e3b0c44298fc1c149afbf4c8996fb92427ae41e4649b934ca495991b7852b855,completed,False,,,
owlrl,2,500,35105,EXT-Q33,data_lifecycle,core,authorities,data_owner,confidential,set_union,edge1|edge2|edge3,3,22.428814,66.533878,0,,e3b0c44298fc1c149afbf4c8996fb92427ae41e4649b934ca495991b7852b855,completed,False,,,
owlrl,2,500,35105,EXT-Q34,data_lifecycle,core,authorities,data_owner,confidential,set_union,edge1|edge2|edge3,3,18.691148,55.768263000000005,0,,e3b0c44298fc1c149afbf4c8996fb92427ae41e4649b934ca495991b7852b855,completed,False,,,
owlrl,2,500,35105,EXT-Q35,data_lifecycle,core,authorities,data_owner,confidential,set_union,edge1|edge2|edge3,3,52.534426,154.490101,506,,e159afa16c0ecbbd3cf7fcff418e7e26ab45563c465ecee53dd366752837dae4,completed,False,,,
owlrl,2,500,35105,EXT-Q36,context_zones,core,authority_key:http://example.org/smartcity#UserA,data_owner,confidential,single,edge1,1,24.601611,24.601611,1,,b691a10c930fd32c789bb07f0f1fd7d606e3241b1fbe110ce3bb9c0f5b95cd37,completed,False,,,
owlrl,2,500,35105,EXT-Q37,context_zones,domain,authorities,data_owner,restricted,set_union,edge1|edge2|edge3,3,76.236074,195.375259,0,,e3b0c44298fc1c149afbf4c8996fb92427ae41e4649b934ca495991b7852b855,completed,False,,,
owlrl,2,500,35105,EXT-Q38,context_zones,domain,authorities,data_owner,restricted,set_union,edge1|edge2|edge3,3,39.467901,117.89367899999999,1,,d0d58146bc80e4e03947b8200631e8b89fdb27ee77b2a31daf4bee1a10c44367,completed,False,,,
owlrl,2,500,35105,EXT-Q39,context_zones,core,authority_key:http://example.org/smartcity#UserA,data_owner,confidential,single,edge1,1,15.507723,15.507723,5,,1ca154c8210da56b45e42825f86a318f53dc0325a456648a0db2cbcced59de18,completed,False,,,
owlrl,2,500,35105,EXT-Q40,trust,core,fog,regional,internal,single,fog,1,31.1405,31.1405,12,,44d1133750d0daf65e973d007b6a6e9b1e1cf12491f15ed0d6fec1877346ffa9,completed,False,,,
owlrl,2,500,35105,EXT-Q41,trust,core,fog,regional,internal,single,fog,1,28.362796,28.362796,0,,e3b0c44298fc1c149afbf4c8996fb92427ae41e4649b934ca495991b7852b855,completed,False,,,
owlrl,2,500,35105,EXT-Q42,trust,core,fog,regional,internal,single,fog,1,20.971944,20.971944,9,,f05876d6579062dc6d4275cbdc95e4e521b19a1850e9ebef4a6cb7a737cd9c12,completed,False,,,
owlrl,2,500,35105,EXT-Q43,trust,core,fog,regional,internal,single,fog,1,36.926815,36.926815,12,,09e36e91c47b761f1f036d024c43d3a5da0aa11bcdec5c62a51401f663593326,completed,False,,,
owlrl,2,500,35105,EXT-Q44,trust,core,authorities,data_owner,confidential,set_union,edge1|edge2|edge3,3,23.183963,63.175173,10,,106b6808e582efd6a78626f18c7807191e7a08ebe629f87847227d80e6ce6f19,completed,False,,,
owlrl,2,500,35105,EXT-Q45,trust,core,authorities,data_owner,confidential,set_union,edge1|edge2|edge3,3,323.619867,421.64268300000003,0,,e3b0c44298fc1c149afbf4c8996fb92427ae41e4649b934ca495991b7852b855,completed,False,,,
owlrl,2,500,35105,EXT-Q46,decision,core,authorities,data_owner,confidential,set_union,edge1|edge2|edge3,3,33.862204,87.614756,11,,497649f7b7fb5bb312db17c133552fcb5363c177bcdf3a7d4da3f9e09d27ef3a,completed,False,,,
owlrl,2,500,35105,EXT-Q47,decision,core,authorities,data_owner,confidential,set_union,edge1|edge2|edge3,3,38.504574,96.507461,0,,e3b0c44298fc1c149afbf4c8996fb92427ae41e4649b934ca495991b7852b855,completed,False,,,
owlrl,2,500,35105,EXT-Q48,decision,core,authorities,data_owner,confidential,set_union,edge1|edge2|edge3,3,33.343203,97.077612,0,,e3b0c44298fc1c149afbf4c8996fb92427ae41e4649b934ca495991b7852b855,completed,False,,,
owlrl,2,500,35105,EXT-Q49,decision,core,authorities,data_owner,confidential,set_union,edge1|edge2|edge3,3,28.017111,78.108513,8,,61a1a998385e4071933469d06cffd5e2cd092016daefcdce08d2e38a8bf4d078,completed,False,,,
owlrl,2,500,35105,EXT-Q50,decision,core,authorities,data_owner,confidential,set_union,edge1|edge2|edge3,3,33.158222,99.047504,0,,e3b0c44298fc1c149afbf4c8996fb92427ae41e4649b934ca495991b7852b855,completed,False,,,
owlrl,2,500,35105,EXT-Q51,decision,core,authorities,data_owner,confidential,set_union,edge1|edge2|edge3,3,31.516907,78.02938,32,,d96e9e0968e2bb5a55d9ce98a9e9522d5cb6082d083dcb5d8b65c30d87614d48,completed,False,,,
owlrl,2,500,35105,EXT-Q52,decision,core,authorities,data_owner,confidential,set_union,edge1|edge2|edge3,3,29.828389,73.404343,32,,e4cc722951be46789eb75264501a53ba96774192510017491e856efc76f0aa19,completed,False,,,
owlrl,2,500,35105,EXT-Q53,decision,core,authorities,data_owner,confidential,set_union,edge1|edge2|edge3,3,51.425185,147.181578,0,,e3b0c44298fc1c149afbf4c8996fb92427ae41e4649b934ca495991b7852b855,completed,False,,,
owlrl,2,500,35105,EXT-Q54,decision,domain,authorities,data_owner,restricted,set_union,edge1|edge2|edge3,3,80.529833,235.207002,0,,e3b0c44298fc1c149afbf4c8996fb92427ae41e4649b934ca495991b7852b855,completed,False,,,
owlrl,2,500,35105,EXT-Q55,decision,core,authorities,data_owner,confidential,set_union,edge1|edge2|edge3,3,21.083593,59.467912,8,,8c3e48566f94616cee569d9b5812ba30ec566c1adc22c2c92d13749c523df534,completed,False,,,
owlrl,2,500,35105,EXT-Q56,decision,core,authorities,data_owner,confidential,set_union,edge1|edge2|edge3,3,49.648982,145.810042,0,,e3b0c44298fc1c149afbf4c8996fb92427ae41e4649b934ca495991b7852b855,completed,False,,,
owlrl,2,500,35105,EXT-Q57,decision,core,authorities,data_owner,confidential,set_union,edge1|edge2|edge3,3,18.711981,55.949208,7,,058d2944c03f01a48917edc20c871d5f86e2b184778cd894bf433e94a8ffca12,completed,False,,,
owlrl,2,500,35105,EXT-Q58,decision,core,authorities,data_owner,confidential,set_union,edge1|edge2|edge3,3,30.568926,89.358833,7,,5a003716962d1299d69dd1de460f6a48eb40b34fbbb1eeb486379f039621a795,completed,False,,,
owlrl,2,500,35105,EXT-Q59,adaptation,core,authorities,data_owner,confidential,set_union,edge1|edge2|edge3,3,67.691314,143.759139,35,,a67f4df76b0ad2595fa03a50ef968560610616068e1b79b7d520849c791090ca,completed,False,,,
owlrl,2,500,35105,EXT-Q60,adaptation,core,authorities,data_owner,confidential,set_union,edge1|edge2|edge3,3,28.143296,79.507698,1,,285931564bf116179a45da920fdf958a3347ea1df763213bb7e2afba77c47d16,completed,False,,,
owlrl,2,500,35105,EXT-Q61,adaptation,core,authorities,data_owner,confidential,set_union,edge1|edge2|edge3,3,8.771907,24.761565,0,,e3b0c44298fc1c149afbf4c8996fb92427ae41e4649b934ca495991b7852b855,completed,False,,,
owlrl,2,500,35105,EXT-Q62,adaptation,core,authorities,data_owner,confidential,set_union,edge1|edge2|edge3,3,22.788871,66.78491600000001,1,,3dafef0eca79c68f05b79939f40198bc13232639d500d3e9875bc263b0f00d4d,completed,False,,,
owlrl,2,500,35105,EXT-Q63,delegation,core,authorities,data_owner,confidential,set_union,edge1|edge2|edge3,3,24.803148,72.041973,1,,d4b4c3785ae985658dfc4a4433dd002e5aec5a2321080af4e85474c06a3404f5,completed,False,,,
owlrl,2,500,35105,EXT-Q64,delegation,core,authorities,data_owner,confidential,set_union,edge1|edge2|edge3,3,21.867463,62.430284,0,,e3b0c44298fc1c149afbf4c8996fb92427ae41e4649b934ca495991b7852b855,completed,False,,,
owlrl,2,500,35105,EXT-Q65,delegation,core,authorities,data_owner,confidential,set_union,edge1|edge2|edge3,3,13.213148,38.496442,0,,e3b0c44298fc1c149afbf4c8996fb92427ae41e4649b934ca495991b7852b855,completed,False,,,
owlrl,2,500,35105,EXT-Q66,federation,core,authorities,data_owner,confidential,set_union,edge1|edge2|edge3,3,25.936259,73.126029,2,,1a9af60cfbb87dd79b68021c3d70e1ee6f230e648f1ad6360ef50fffd374b4df,completed,False,,,
owlrl,2,500,35105,EXT-Q67,federation,core,authorities,data_owner,confidential,set_union,edge1|edge2|edge3,3,41.083148,117.11041800000001,0,,e3b0c44298fc1c149afbf4c8996fb92427ae41e4649b934ca495991b7852b855,completed,False,,,
owlrl,2,500,35105,EXT-Q68,federation,core,authorities,data_owner,confidential,set_union,edge1|edge2|edge3,3,27.994315,78.71692,0,,e3b0c44298fc1c149afbf4c8996fb92427ae41e4649b934ca495991b7852b855,completed,False,,,
owlrl,2,500,35105,EXT-Q69,federation,core,authorities,data_owner,confidential,set_union,edge1|edge2|edge3,3,28.572722,81.910959,2,,8271d93912e320b11a3ca6d70e5061d5132abb26053b022198090871531d61eb,completed,False,,,
owlrl,2,500,35105,EXT-Q70,audit_temporal,core,authorities,data_owner,confidential,set_union,edge1|edge2|edge3,3,110.513667,181.963062,204,,01824916f48e90d6c6df066f2950c4d8a2e2d6f71ba4af556d43e8921ae41930,completed,False,,,
owlrl,2,500,35105,EXT-Q71,audit_temporal,core,authorities,data_owner,confidential,set_union,edge1|edge2|edge3,3,42.381204,110.927302,0,,e3b0c44298fc1c149afbf4c8996fb92427ae41e4649b934ca495991b7852b855,completed,False,,,
owlrl,2,500,35105,EXT-Q72,audit_temporal,core,authorities,data_owner,confidential,set_union,edge1|edge2|edge3,3,30.17737,83.162106,0,,e3b0c44298fc1c149afbf4c8996fb92427ae41e4649b934ca495991b7852b855,completed,False,,,
owlrl,2,500,35105,EXT-Q73,audit_temporal,core,authorities,data_owner,confidential,set_union,edge1|edge2|edge3,3,1086.390296,3154.329521,4622,,41552ed96ec73b9580c2c7465ea892f6f0de07340dcda6fcb907d964e3341c1a,completed,False,,,
owlrl,2,500,35105,EXT-Q74,audit_temporal,core,authorities,data_owner,confidential,set_union,edge1|edge2|edge3,3,1471.512888,4288.787934,0,,e3b0c44298fc1c149afbf4c8996fb92427ae41e4649b934ca495991b7852b855,completed,False,,,
owlrl,2,500,35105,EXT-Q75,validation,core,cloud,global,internal,single,cloud,1,17.731291,17.731291,74,,8dd432df42d733f2411b2aebc51682848ddadc97425c41088f0a99090f77f1c0,completed,False,,,
owlrl,2,500,35105,EXT-Q76,validation,core,cloud,global,internal,single,cloud,1,4.878781,4.878781,9,,50bf3d3f7f446e045722279f6d243ecc804cd2cf73b381d9c89f530b567855ea,completed,False,,,
owlrl,2,500,35105,EXT-Q77,validation,core,cloud,global,internal,single,cloud,1,9.192757,9.192757,6,,ba52fb52449a77784e328f0aaa19807ddd9156c7457ea722a8af2f2082dce9ad,completed,False,,,
owlrl,2,500,35105,EXT-Q78,policy_governance,core,cloud,global,internal,single,cloud,1,12.425246,12.425246,37,,dc49d089c1cfb621b31177ad5794c8ca7638f40689eba56af4f4ea2a38c683f1,completed,False,,,
owlrl,2,500,35105,EXT-Q79,policy_governance,core,cloud,global,internal,single,cloud,1,10.479997,10.479997,0,,e3b0c44298fc1c149afbf4c8996fb92427ae41e4649b934ca495991b7852b855,completed,False,,,
owlrl,2,500,35105,EXT-Q80,validation,core,cloud,global,internal,single,cloud,1,32.100944,32.100944,13,,0cefa3a1036bceb704603183fe7520794c05d65538c743c77d376c43ebdc560c,completed,False,,,
owlrl,3,500,35105,BASE-Q01,identity_consent,core,authorities,data_owner,confidential,set_union,edge1|edge2|edge3,3,96.033056,284.949952,504,,ff3ce94d275620cecc9b21539d797cc3a2da2f115be4d99cf02e00d53299236f,completed,False,,,
owlrl,3,500,35105,BASE-Q02,topology,core,authority_key:http://example.org/smartcity#UserB,data_owner,confidential,single,edge2,1,24.055148,24.055148,15,,75cd8629893d8c6b89f6b8595efb4766ec72ade5f4d73c1d2cdad2a96f560e6b,completed,False,,,
owlrl,3,500,35105,BASE-Q03,wellbeing,domain,authorities,data_owner,restricted,set_union,edge1|edge2|edge3,3,87.869796,261.451386,504,,0f2fd59ce6dac99c6d4b906f7fa3533d34f49d248f3a0542a4ae6fa554f74947,completed,False,,,
owlrl,3,500,35105,BASE-Q04,decision,core,authority_key:http://example.org/smartcity#UserB,data_owner,confidential,single,edge2,1,21.847351,21.847351,7,,cc222a87554e870ffae43cba023647670c0589b8ec1b4500dd1d797a399c3bf2,completed,False,,,
owlrl,3,500,35105,BASE-Q05,wellbeing,domain,authorities,data_owner,restricted,set_union,edge1|edge2|edge3,3,21.73537,58.360579,5,,4b096b851fd9e6935d2e2e6c7bd57464c473db58008af4b34e60338033a84d23,completed,False,,,
owlrl,3,500,35105,BASE-Q06,identity_consent,core,cloud,global,internal,single,cloud,1,3.939144,3.939144,10,,f8aebcef3bdb5c68142d34426190fd6a36c4b31394471c9c7602e6c19e67ff84,completed,False,,,
owlrl,3,500,35105,BASE-Q07,observability,core,fog,regional,internal,single,fog,1,39.092834,39.092834,12,,0516a9d4345b96b06a696bef8713c0d423f25cbf05a2a51457e526a3f88a9f75,completed,False,,,
owlrl,3,500,35105,BASE-Q08,observability,core,fog,regional,internal,single,fog,1,39.303296,39.303296,2,,6527f1e187dfa51f5dc78e109fe2d9fb47aed82a4ec8f897d1dda6ee6850aa0a,completed,False,,,
owlrl,3,500,35105,BASE-Q09,wellbeing,domain,authorities,data_owner,restricted,set_union,edge1|edge2|edge3,3,116.340111,343.14878699999997,506,,03fb5c704e3543a11dd248a2d894ccb7afaefd99ca08beba2ce6c544912d41c7,completed,False,,,
owlrl,3,500,35105,BASE-Q10,observability,domain,authorities,data_owner,restricted,set_union,edge1|edge2|edge3,3,273.629129,810.932205,504,,10d067607b3e689df21e19820fec64c4ef53e0b5eb53b9a713732558aa7f0071,completed,False,,,
owlrl,3,500,35105,BASE-Q11,wellbeing,core,authority_key:http://example.org/smartcity#UserA,data_owner,confidential,single,edge1,1,14.542204,14.542204,1,,941d461ce01f2fa52ba95291e46e52524d75bd44e2b938eab7e81404936a8b7c,completed,False,,,
owlrl,3,500,35105,BASE-Q12,adaptation,core,authorities,data_owner,confidential,set_union,edge1|edge2|edge3,3,23.333334,52.355129,1,,ddcd6b8cd42f3d2e1f6aa052eeeca5d4423f9db85cdc91915481db3956dfffff,completed,False,,,
owlrl,3,500,35105,BASE-Q13,adaptation,core,authorities,data_owner,confidential,set_union,edge1|edge2|edge3,3,18.927241,53.820097000000004,1,,25e56d4be1969d1d6de5386e2c3ff26456f8069edb7847a9dc7e32a9b09c8948,completed,False,,,
owlrl,3,500,35105,BASE-Q14,delegation,core,authority_key:http://example.org/smartcity#UserA,data_owner,confidential,single,edge1,1,17.351704,17.351704,1,,dcd8c3258e95549dde016df10cf22183c036214d75d30e686ca7ac2fb5ea3271,completed,False,,,
owlrl,3,500,35105,BASE-Q15,identity_consent,core,authorities,data_owner,confidential,set_union,edge1|edge2|edge3,3,15.039241,39.023014,1,,7ac55bded7c8d1294bfcac4ddeb28b5921a8083a19185e216bf5d1c0d62bd370,completed,False,,,
owlrl,3,500,35105,BASE-Q16,federation,core,authorities,data_owner,confidential,set_union,edge1|edge2|edge3,3,26.556389,74.746623,3,,550eeca87dc96402bbed090f1737eaacfb6b27d2290401797018cbcf303b8147,completed,False,,,
owlrl,3,500,35105,BASE-Q17,context_zones,domain,authorities,data_owner,restricted,set_union,edge1|edge2|edge3,3,34.512228,76.67452399999999,1,,50b7b5a085e0802a1897953a959e0c9ea4c5f943dc26de55b2219ea7deac4b89,completed,False,,,
owlrl,3,500,35105,BASE-Q18,context_zones,core,authorities,data_owner,confidential,set_union,edge1|edge2|edge3,3,10.475296,30.370476,1,,200d4d55bb0d8b9374961d2df3fa99d83d8caf54dc79a7784bb84dd44b081eda,completed,False,,,
owlrl,3,500,35105,BASE-Q19,decision,core,fog,regional,internal,single,fog,1,36.266278,36.266278,9,,443ff98a2de06ad51f558d63e0e63398d704563a4c9e035dd9323360e09c09bb,completed,False,,,
owlrl,3,500,35105,BASE-Q20,identity_consent,domain,authorities,data_owner,restricted,set_union,edge1|edge2|edge3,3,115.979074,342.08210299999996,504,,3884a662286545e0d04aac3e476e174a688df12eb4de66112e76c1dcceba3b3a,completed,False,,,
owlrl,3,500,35105,BASE-Q21,decision,core,authorities,data_owner,confidential,set_union,edge1|edge2|edge3,3,41.472945,99.91214500000001,11,,7fc13e36a90de226eedecbd26ccd453be5ba11798c2c5af4a7d857a15cbb7e1e,completed,False,,,
owlrl,3,500,35105,BASE-Q22,adaptation,core,authorities,data_owner,confidential,set_union,edge1|edge2|edge3,3,24.183352,71.407437,3,,70205401426a8e8adbf4220710b3638c6a47af2e7e7264f0b771b1bcbb070e80,completed,False,,,
owlrl,3,500,35105,BASE-Q23,topology,core,authorities,data_owner,confidential,set_union,edge1|edge2|edge3,3,104.3395,310.18861,501,,e05e7092a4cf6ac418481aaf8b197928d727f7b1a4599f0dc4726278b0a68a0e,completed,False,,,
owlrl,3,500,35105,BASE-Q24,federation,core,authorities,data_owner,confidential,set_union,edge1|edge2|edge3,3,29.636796,81.445735,5,,0d4871d54d4eadbfa110f9223c2a6b641ea8c65326db34ade1288d5eab5ceb54,completed,False,,,
owlrl,3,500,35105,BASE-Q25,identity_consent,core,authorities,data_owner,confidential,set_union,edge1|edge2|edge3,3,20.704314,50.584482,1,,4591a69ecb6837fd65b28a9688ad10f0fb7b8ca54c1a6ac395ef142fc831cfbf,completed,False,,,
owlrl,3,500,35105,BASE-Q26,observability,core,fog,regional,internal,boolean_or,fog,1,5.760704,5.760704,1,True,35df7182aa6c75e0a1066245f679b81ec9ad05e9964a0684980a466c9cc63ac4,completed,False,,,
owlrl,3,500,35105,BASE-Q27,adaptation,core,authorities,data_owner,confidential,boolean_or,edge1|edge2|edge3,3,9.220778,26.398584,1,True,35df7182aa6c75e0a1066245f679b81ec9ad05e9964a0684980a466c9cc63ac4,completed,False,,,
owlrl,3,500,35105,BASE-Q28,identity_consent,domain,authorities,data_owner,restricted,boolean_or,edge1|edge2|edge3,3,61.557777,147.220719,0,False,92b91e0dd8f69dcc43f3c56062f944147504cf0d80f20c98005fda34c727fd7e,completed,False,,,
owlrl,3,500,35105,BASE-Q29,topology,core,fog,regional,internal,boolean_or,fog,1,14.104519,14.104519,1,True,35df7182aa6c75e0a1066245f679b81ec9ad05e9964a0684980a466c9cc63ac4,completed,False,,,
owlrl,3,500,35105,BASE-Q30,federation,core,authorities,data_owner,confidential,boolean_or,edge1|edge2|edge3,3,10.530421,23.906161,1,True,35df7182aa6c75e0a1066245f679b81ec9ad05e9964a0684980a466c9cc63ac4,completed,False,,,
owlrl,3,500,35105,BASE-Q31,identity_consent,core,cloud,global,internal,single,cloud,1,11.486538,11.486538,3,,a3f296325bd2022ac9e2fb848837fc93d53db534fb2c2f6ac0ff467cd99cd89c,completed,False,,,
owlrl,3,500,35105,BASE-Q32,decision,core,fog,regional,internal,single,fog,1,16.081666,16.081666,4,,b91031de6b6257d2428b9195175f3c860291b874d6603c50eb4713a1b65b2628,completed,False,,,
owlrl,3,500,35105,BASE-Q33,observability,core,authority_key:http://example.org/smartcity#UserB,data_owner,confidential,single,edge2,1,24.942796,24.942796,6,,4d866077c5f4748a36c9c3a34b9c4fb687f2bff1507b3769fe810d6cc994942e,completed,False,,,
owlrl,3,500,35105,BASE-Q34,topology,core,fog,regional,internal,single,fog,1,10.812815,10.812815,1,,7c66062f36ae31e8068455da76c0bb4f918e7f6b8ecee7cd8a7946f3b6047884,completed,False,,,
owlrl,3,500,35105,BASE-Q35,delegation,core,authorities,data_owner,confidential,set_union,edge1|edge2|edge3,3,57.62937,116.723111,180,,56209ad42eb677718c0bba3e1f9fcee730c2c2912264ceea293e4ef01f23a56f,completed,False,,,
owlrl,3,500,35105,EXT-Q01,semantic_schema,core,cloud,global,internal,single,cloud,1,6.675452,6.675452,6,,66d5edbbdc2282624ffec271a4a523a20fdc7331b886d2884edf86a885532bcc,completed,False,,,
owlrl,3,500,35105,EXT-Q02,semantic_schema,core,cloud,global,internal,single,cloud,1,4.864353,4.864353,3,,81bea9a8c2d4cf1237d7fb131249cc18ec4ca629eeabaadbd5f0b9b58d3e3333,completed,False,,,
owlrl,3,500,35105,EXT-Q03,policy_governance,core,cloud,global,internal,single,cloud,1,15.503107,15.503107,79,,d73ae3d5ddfcd345147bae778101c21ab13194fca3fa92ad08259d39931b66d5,completed,False,,,
owlrl,3,500,35105,EXT-Q04,policy_governance,core,cloud,global,internal,single,cloud,1,14.181075,14.181075,55,,fced7e97d29b215a8321753998b7519dc1825dacc4af090c67ffc54bee4479bc,completed,False,,,
owlrl,3,500,35105,EXT-Q05,semantic_schema,core,cloud,global,internal,single,cloud,1,22.682338,22.682338,17,,e0fc9190703b6a7b2695ddc448f5c7e54c4feeff2545477c3194ebfd8ccb1f0c,completed,False,,,
owlrl,3,500,35105,EXT-Q06,semantic_schema,core,cloud,global,internal,single,cloud,1,3.418585,3.418585,12,,1377568d225cfb45a1899c2ea951adf7ebda5ada4e188dbf5f114110484fa3ae,completed,False,,,
owlrl,3,500,35105,EXT-Q07,policy_governance,core,cloud,global,internal,single,cloud,1,8.931987,8.931987,67,,c3cf27e703656fdaa8295f23b31076c1afcb14a5022b1b47538e2961fe033646,completed,False,,,
owlrl,3,500,35105,EXT-Q08,policy_governance,core,cloud,global,internal,single,cloud,1,55.196626,55.196626,1089,,cb9e0103c9327f1c4691ec9d7612deebd04c0e73140f23e2a6209bb8af1efc51,completed,False,,,
owlrl,3,500,35105,EXT-Q09,policy_governance,core,cloud,global,internal,single,cloud,1,14.65773,14.65773,6,,68de07660e010156bf3f3ea01000180657c8e8fc155ac9a053c3a64dbc538102,completed,False,,,
owlrl,3,500,35105,EXT-Q10,policy_governance,core,cloud,global,internal,single,cloud,1,63.86845,63.86845,0,,e3b0c44298fc1c149afbf4c8996fb92427ae41e4649b934ca495991b7852b855,completed,False,,,
owlrl,3,500,35105,EXT-Q11,identity_consent,core,authorities,data_owner,confidential,set_union,edge1|edge2|edge3,3,101.663759,295.987159,525,,7a184c1471f857803678b1c098023801815a3697bad5e739cdc7e868fe057fa7,completed,False,,,
owlrl,3,500,35105,EXT-Q12,identity_consent,core,authorities,data_owner,confidential,set_union,edge1|edge2|edge3,3,101.208111,297.454195,528,,52290a2b1307cd4d9af1d7e2de22fce9b588933c38babca6118cebd24243116f,completed,False,,,
owlrl,3,500,35105,EXT-Q13,identity_consent,core,authorities,data_owner,confidential,set_union,edge1|edge2|edge3,3,136.084982,403.567406,0,,e3b0c44298fc1c149afbf4c8996fb92427ae41e4649b934ca495991b7852b855,completed,False,,,
owlrl,3,500,35105,EXT-Q14,identity_consent,core,authorities,data_owner,confidential,set_union,edge1|edge2|edge3,3,160.683963,428.50938800000006,0,,e3b0c44298fc1c149afbf4c8996fb92427ae41e4649b934ca495991b7852b855,completed,False,,,
owlrl,3,500,35105,EXT-Q15,identity_consent,core,authorities,data_owner,confidential,set_union,edge1|edge2|edge3,3,1392.171517,4102.7510999999995,0,,e3b0c44298fc1c149afbf4c8996fb92427ae41e4649b934ca495991b7852b855,completed,False,,,
owlrl,3,500,35105,EXT-Q16,identity_consent,core,authorities,data_owner,confidential,set_union,edge1|edge2|edge3,3,865.797055,2583.866012,0,,e3b0c44298fc1c149afbf4c8996fb92427ae41e4649b934ca495991b7852b855,completed,False,,,
owlrl,3,500,35105,EXT-Q17,identity_consent,core,authorities,data_owner,confidential,set_union,edge1|edge2|edge3,3,43.413778,96.420626,8,,3071bd3ad9cc1daac2632f317152a64e2d9d9e0d189068465ece1f8c3872334f,completed,False,,,
owlrl,3,500,35105,EXT-Q18,identity_consent,core,authorities,data_owner,confidential,set_union,edge1|edge2|edge3,3,200.013667,513.332732,0,,e3b0c44298fc1c149afbf4c8996fb92427ae41e4649b934ca495991b7852b855,completed,False,,,
owlrl,3,500,35105,EXT-Q19,identity_consent,core,authorities,data_owner,confidential,set_union,edge1|edge2|edge3,3,131.992091,348.859406,0,,e3b0c44298fc1c149afbf4c8996fb92427ae41e4649b934ca495991b7852b855,completed,False,,,
owlrl,3,500,35105,EXT-Q20,identity_consent,core,authorities,data_owner,confidential,set_union,edge1|edge2|edge3,3,13.194722,38.483108,0,,e3b0c44298fc1c149afbf4c8996fb92427ae41e4649b934ca495991b7852b855,completed,False,,,
owlrl,3,500,35105,EXT-Q21,identity_consent,core,authorities,data_owner,confidential,set_union,edge1|edge2|edge3,3,36.177037,83.634399,58,,6e6d9e3db6cd7bbb93e0d6feafb155f966b98e945250ca473bf302c2a406fef9,completed,False,,,
owlrl,3,500,35105,EXT-Q22,security_identity,domain,authorities,data_owner,restricted,set_union,edge1|edge2|edge3,3,592.28987,1462.0538609999999,0,,e3b0c44298fc1c149afbf4c8996fb92427ae41e4649b934ca495991b7852b855,completed,False,,,
owlrl,3,500,35105,EXT-Q23,data_lifecycle,core,authorities,data_owner,confidential,set_union,edge1|edge2|edge3,3,25.857203,74.158233,3,,3955e7b96dea26719774b2d2a200be73c38cf84521f9352a6b96ed1af0a71d7a,completed,False,,,
owlrl,3,500,35105,EXT-Q24,data_lifecycle,core,authorities,data_owner,confidential,set_union,edge1|edge2|edge3,3,138.136277,409.92628,502,,cc6ab0f000aa5583447de693f3ecb6b7f61b8b4d68cc162137de3731343157b2,completed,False,,,
owlrl,3,500,35105,EXT-Q25,data_lifecycle,domain,authorities,data_owner,restricted,set_union,edge1|edge2|edge3,3,240.543722,660.697906,0,,e3b0c44298fc1c149afbf4c8996fb92427ae41e4649b934ca495991b7852b855,completed,False,,,
owlrl,3,500,35105,EXT-Q26,security_identity,core,authorities,data_owner,confidential,set_union,edge1|edge2|edge3,3,485.277606,1445.735495,504,,568ca4d1de868bca17daf5210eada824632ea4de68b88ee9e12e09afc2485226,completed,False,,,
owlrl,3,500,35105,EXT-Q27,security_identity,core,authorities,data_owner,confidential,set_union,edge1|edge2|edge3,3,46.701852,117.54897,0,,e3b0c44298fc1c149afbf4c8996fb92427ae41e4649b934ca495991b7852b855,completed,False,,,
owlrl,3,500,35105,EXT-Q28,security_identity,core,authorities,data_owner,confidential,set_union,edge1|edge2|edge3,3,19.179981,56.622875,0,,e3b0c44298fc1c149afbf4c8996fb92427ae41e4649b934ca495991b7852b855,completed,False,,,
owlrl,3,500,35105,EXT-Q29,security_identity,core,cloud,global,internal,single,cloud,1,3.15573,3.15573,1,,5e56d4b1c34d01016304a6e8bc0397a3d6e7898ce43942ff1b6aab07b06810f2,completed,False,,,
owlrl,3,500,35105,EXT-Q30,security_identity,core,cloud,global,internal,single,cloud,1,2.496538,2.496538,0,,e3b0c44298fc1c149afbf4c8996fb92427ae41e4649b934ca495991b7852b855,completed,False,,,
owlrl,3,500,35105,EXT-Q31,data_lifecycle,core,authorities,data_owner,confidential,set_union,edge1|edge2|edge3,3,27.192812,64.592108,0,,e3b0c44298fc1c149afbf4c8996fb92427ae41e4649b934ca495991b7852b855,completed,False,,,
owlrl,3,500,35105,EXT-Q32,data_lifecycle,core,authorities,data_owner,confidential,set_union,edge1|edge2|edge3,3,11.163945,33.055273,0,,e3b0c44298fc1c149afbf4c8996fb92427ae41e4649b934ca495991b7852b855,completed,False,,,
owlrl,3,500,35105,EXT-Q33,data_lifecycle,core,authorities,data_owner,confidential,set_union,edge1|edge2|edge3,3,22.484704,66.509232,0,,e3b0c44298fc1c149afbf4c8996fb92427ae41e4649b934ca495991b7852b855,completed,False,,,
owlrl,3,500,35105,EXT-Q34,data_lifecycle,core,authorities,data_owner,confidential,set_union,edge1|edge2|edge3,3,20.223833,58.538264999999996,0,,e3b0c44298fc1c149afbf4c8996fb92427ae41e4649b934ca495991b7852b855,completed,False,,,
owlrl,3,500,35105,EXT-Q35,data_lifecycle,core,authorities,data_owner,confidential,set_union,edge1|edge2|edge3,3,52.004056,153.991972,506,,e159afa16c0ecbbd3cf7fcff418e7e26ab45563c465ecee53dd366752837dae4,completed,False,,,
owlrl,3,500,35105,EXT-Q36,context_zones,core,authority_key:http://example.org/smartcity#UserA,data_owner,confidential,single,edge1,1,23.778833,23.778833,1,,b691a10c930fd32c789bb07f0f1fd7d606e3241b1fbe110ce3bb9c0f5b95cd37,completed,False,,,
owlrl,3,500,35105,EXT-Q37,context_zones,domain,authorities,data_owner,restricted,set_union,edge1|edge2|edge3,3,76.504612,195.455983,0,,e3b0c44298fc1c149afbf4c8996fb92427ae41e4649b934ca495991b7852b855,completed,False,,,
owlrl,3,500,35105,EXT-Q38,context_zones,domain,authorities,data_owner,restricted,set_union,edge1|edge2|edge3,3,40.036667,118.91855,1,,d0d58146bc80e4e03947b8200631e8b89fdb27ee77b2a31daf4bee1a10c44367,completed,False,,,
owlrl,3,500,35105,EXT-Q39,context_zones,core,authority_key:http://example.org/smartcity#UserA,data_owner,confidential,single,edge1,1,16.182593,16.182593,5,,1ca154c8210da56b45e42825f86a318f53dc0325a456648a0db2cbcced59de18,completed,False,,,
owlrl,3,500,35105,EXT-Q40,trust,core,fog,regional,internal,single,fog,1,30.523555,30.523555,12,,44d1133750d0daf65e973d007b6a6e9b1e1cf12491f15ed0d6fec1877346ffa9,completed,False,,,
owlrl,3,500,35105,EXT-Q41,trust,core,fog,regional,internal,single,fog,1,27.511574,27.511574,0,,e3b0c44298fc1c149afbf4c8996fb92427ae41e4649b934ca495991b7852b855,completed,False,,,
owlrl,3,500,35105,EXT-Q42,trust,core,fog,regional,internal,single,fog,1,20.875537,20.875537,9,,f05876d6579062dc6d4275cbdc95e4e521b19a1850e9ebef4a6cb7a737cd9c12,completed,False,,,
owlrl,3,500,35105,EXT-Q43,trust,core,fog,regional,internal,single,fog,1,35.020871,35.020871,12,,09e36e91c47b761f1f036d024c43d3a5da0aa11bcdec5c62a51401f663593326,completed,False,,,
owlrl,3,500,35105,EXT-Q44,trust,core,authorities,data_owner,confidential,set_union,edge1|edge2|edge3,3,24.125574,64.368656,10,,106b6808e582efd6a78626f18c7807191e7a08ebe629f87847227d80e6ce6f19,completed,False,,,
owlrl,3,500,35105,EXT-Q45,trust,core,authorities,data_owner,confidential,set_union,edge1|edge2|edge3,3,49.708871,146.55858,0,,e3b0c44298fc1c149afbf4c8996fb92427ae41e4649b934ca495991b7852b855,completed,False,,,
owlrl,3,500,35105,EXT-Q46,decision,core,authorities,data_owner,confidential,set_union,edge1|edge2|edge3,3,32.936185,86.735477,11,,497649f7b7fb5bb312db17c133552fcb5363c177bcdf3a7d4da3f9e09d27ef3a,completed,False,,,
owlrl,3,500,35105,EXT-Q47,decision,core,authorities,data_owner,confidential,set_union,edge1|edge2|edge3,3,38.013426,96.29962900000001,0,,e3b0c44298fc1c149afbf4c8996fb92427ae41e4649b934ca495991b7852b855,completed,False,,,
owlrl,3,500,35105,EXT-Q48,decision,core,authorities,data_owner,confidential,set_union,edge1|edge2|edge3,3,33.467389,95.36967,0,,e3b0c44298fc1c149afbf4c8996fb92427ae41e4649b934ca495991b7852b855,completed,False,,,
owlrl,3,500,35105,EXT-Q49,decision,core,authorities,data_owner,confidential,set_union,edge1|edge2|edge3,3,39.221778,92.630494,8,,61a1a998385e4071933469d06cffd5e2cd092016daefcdce08d2e38a8bf4d078,completed,False,,,
owlrl,3,500,35105,EXT-Q50,decision,core,authorities,data_owner,confidential,set_union,edge1|edge2|edge3,3,36.038119,102.044045,0,,e3b0c44298fc1c149afbf4c8996fb92427ae41e4649b934ca495991b7852b855,completed,False,,,
owlrl,3,500,35105,EXT-Q51,decision,core,authorities,data_owner,confidential,set_union,edge1|edge2|edge3,3,31.685981,77.98765900000001,32,,d96e9e0968e2bb5a55d9ce98a9e9522d5cb6082d083dcb5d8b65c30d87614d48,completed,False,,,
owlrl,3,500,35105,EXT-Q52,decision,core,authorities,data_owner,confidential,set_union,edge1|edge2|edge3,3,41.869741,86.01339899999999,32,,e4cc722951be46789eb75264501a53ba96774192510017491e856efc76f0aa19,completed,False,,,
owlrl,3,500,35105,EXT-Q53,decision,core,authorities,data_owner,confidential,set_union,edge1|edge2|edge3,3,51.414518,146.963522,0,,e3b0c44298fc1c149afbf4c8996fb92427ae41e4649b934ca495991b7852b855,completed,False,,,
owlrl,3,500,35105,EXT-Q54,decision,domain,authorities,data_owner,restricted,set_union,edge1|edge2|edge3,3,80.403148,235.000725,0,,e3b0c44298fc1c149afbf4c8996fb92427ae41e4649b934ca495991b7852b855,completed,False,,,
owlrl,3,500,35105,EXT-Q55,decision,core,authorities,data_owner,confidential,set_union,edge1|edge2|edge3,3,21.208629,60.191931999999994,8,,8c3e48566f94616cee569d9b5812ba30ec566c1adc22c2c92d13749c523df534,completed,False,,,
owlrl,3,500,35105,EXT-Q56,decision,core,authorities,data_owner,confidential,set_union,edge1|edge2|edge3,3,49.597777,145.933134,0,,e3b0c44298fc1c149afbf4c8996fb92427ae41e4649b934ca495991b7852b855,completed,False,,,
owlrl,3,500,35105,EXT-Q57,decision,core,authorities,data_owner,confidential,set_union,edge1|edge2|edge3,3,25.285772,63.424309,7,,058d2944c03f01a48917edc20c871d5f86e2b184778cd894bf433e94a8ffca12,completed,False,,,
owlrl,3,500,35105,EXT-Q58,decision,core,authorities,data_owner,confidential,set_union,edge1|edge2|edge3,3,29.521352,88.42916600000001,7,,5a003716962d1299d69dd1de460f6a48eb40b34fbbb1eeb486379f039621a795,completed,False,,,
owlrl,3,500,35105,EXT-Q59,adaptation,core,authorities,data_owner,confidential,set_union,edge1|edge2|edge3,3,68.753093,144.530584,35,,a67f4df76b0ad2595fa03a50ef968560610616068e1b79b7d520849c791090ca,completed,False,,,
owlrl,3,500,35105,EXT-Q60,adaptation,core,authorities,data_owner,confidential,set_union,edge1|edge2|edge3,3,309.282962,361.281752,1,,285931564bf116179a45da920fdf958a3347ea1df763213bb7e2afba77c47d16,completed,False,,,
owlrl,3,500,35105,EXT-Q61,adaptation,core,authorities,data_owner,confidential,set_union,edge1|edge2|edge3,3,8.509519,24.562029,0,,e3b0c44298fc1c149afbf4c8996fb92427ae41e4649b934ca495991b7852b855,completed,False,,,
owlrl,3,500,35105,EXT-Q62,adaptation,core,authorities,data_owner,confidential,set_union,edge1|edge2|edge3,3,22.670741,66.672379,1,,3dafef0eca79c68f05b79939f40198bc13232639d500d3e9875bc263b0f00d4d,completed,False,,,
owlrl,3,500,35105,EXT-Q63,delegation,core,authorities,data_owner,confidential,set_union,edge1|edge2|edge3,3,25.126315,73.879678,1,,d4b4c3785ae985658dfc4a4433dd002e5aec5a2321080af4e85474c06a3404f5,completed,False,,,
owlrl,3,500,35105,EXT-Q64,delegation,core,authorities,data_owner,confidential,set_union,edge1|edge2|edge3,3,24.96555,68.47192100000001,0,,e3b0c44298fc1c149afbf4c8996fb92427ae41e4649b934ca495991b7852b855,completed,False,,,
owlrl,3,500,35105,EXT-Q65,delegation,core,authorities,data_owner,confidential,set_union,edge1|edge2|edge3,3,13.447759,39.1297,0,,e3b0c44298fc1c149afbf4c8996fb92427ae41e4649b934ca495991b7852b855,completed,False,,,
owlrl,3,500,35105,EXT-Q66,federation,core,authorities,data_owner,confidential,set_union,edge1|edge2|edge3,3,26.098296,73.9529,2,,1a9af60cfbb87dd79b68021c3d70e1ee6f230e648f1ad6360ef50fffd374b4df,completed,False,,,
owlrl,3,500,35105,EXT-Q67,federation,core,authorities,data_owner,confidential,set_union,edge1|edge2|edge3,3,39.830204,115.922733,0,,e3b0c44298fc1c149afbf4c8996fb92427ae41e4649b934ca495991b7852b855,completed,False,,,
owlrl,3,500,35105,EXT-Q68,federation,core,authorities,data_owner,confidential,set_union,edge1|edge2|edge3,3,25.24387,73.112825,0,,e3b0c44298fc1c149afbf4c8996fb92427ae41e4649b934ca495991b7852b855,completed,False,,,
owlrl,3,500,35105,EXT-Q69,federation,core,authorities,data_owner,confidential,set_union,edge1|edge2|edge3,3,34.786223,89.454886,2,,8271d93912e320b11a3ca6d70e5061d5132abb26053b022198090871531d61eb,completed,False,,,
owlrl,3,500,35105,EXT-Q70,audit_temporal,core,authorities,data_owner,confidential,set_union,edge1|edge2|edge3,3,110.678722,183.637046,204,,01824916f48e90d6c6df066f2950c4d8a2e2d6f71ba4af556d43e8921ae41930,completed,False,,,
owlrl,3,500,35105,EXT-Q71,audit_temporal,core,authorities,data_owner,confidential,set_union,edge1|edge2|edge3,3,42.19787,112.916267,0,,e3b0c44298fc1c149afbf4c8996fb92427ae41e4649b934ca495991b7852b855,completed,False,,,
owlrl,3,500,35105,EXT-Q72,audit_temporal,core,authorities,data_owner,confidential,set_union,edge1|edge2|edge3,3,30.220222,82.551162,0,,e3b0c44298fc1c149afbf4c8996fb92427ae41e4649b934ca495991b7852b855,completed,False,,,
owlrl,3,500,35105,EXT-Q73,audit_temporal,core,authorities,data_owner,confidential,set_union,edge1|edge2|edge3,3,1143.524518,3232.676904,4622,,41552ed96ec73b9580c2c7465ea892f6f0de07340dcda6fcb907d964e3341c1a,completed,False,,,
owlrl,3,500,35105,EXT-Q74,audit_temporal,core,authorities,data_owner,confidential,set_union,edge1|edge2|edge3,3,1472.312888,4321.477973,0,,e3b0c44298fc1c149afbf4c8996fb92427ae41e4649b934ca495991b7852b855,completed,False,,,
owlrl,3,500,35105,EXT-Q75,validation,core,cloud,global,internal,single,cloud,1,18.367976,18.367976,74,,8dd432df42d733f2411b2aebc51682848ddadc97425c41088f0a99090f77f1c0,completed,False,,,
owlrl,3,500,35105,EXT-Q76,validation,core,cloud,global,internal,single,cloud,1,10.451651,10.451651,9,,50bf3d3f7f446e045722279f6d243ecc804cd2cf73b381d9c89f530b567855ea,completed,False,,,
owlrl,3,500,35105,EXT-Q77,validation,core,cloud,global,internal,single,cloud,1,9.425944,9.425944,6,,ba52fb52449a77784e328f0aaa19807ddd9156c7457ea722a8af2f2082dce9ad,completed,False,,,
owlrl,3,500,35105,EXT-Q78,policy_governance,core,cloud,global,internal,single,cloud,1,12.588705,12.588705,37,,dc49d089c1cfb621b31177ad5794c8ca7638f40689eba56af4f4ea2a38c683f1,completed,False,,,
owlrl,3,500,35105,EXT-Q79,policy_governance,core,cloud,global,internal,single,cloud,1,10.614736,10.614736,0,,e3b0c44298fc1c149afbf4c8996fb92427ae41e4649b934ca495991b7852b855,completed,False,,,
owlrl,3,500,35105,EXT-Q80,validation,core,cloud,global,internal,single,cloud,1,33.558377,33.558377,13,,0cefa3a1036bceb704603183fe7520794c05d65538c743c77d376c43ebdc560c,completed,False,,,
rdfs_owlrl,1,500,35105,BASE-Q01,identity_consent,core,authorities,data_owner,confidential,set_union,edge1|edge2|edge3,3,105.994241,316.053428,504,,ff3ce94d275620cecc9b21539d797cc3a2da2f115be4d99cf02e00d53299236f,completed,False,,,
rdfs_owlrl,1,500,35105,BASE-Q02,topology,core,authority_key:http://example.org/smartcity#UserB,data_owner,confidential,single,edge2,1,24.725852,24.725852,15,,75cd8629893d8c6b89f6b8595efb4766ec72ade5f4d73c1d2cdad2a96f560e6b,completed,False,,,
rdfs_owlrl,1,500,35105,BASE-Q03,wellbeing,domain,authorities,data_owner,restricted,set_union,edge1|edge2|edge3,3,88.024537,262.39646,504,,0f2fd59ce6dac99c6d4b906f7fa3533d34f49d248f3a0542a4ae6fa554f74947,completed,False,,,
rdfs_owlrl,1,500,35105,BASE-Q04,decision,core,authority_key:http://example.org/smartcity#UserB,data_owner,confidential,single,edge2,1,21.651037,21.651037,7,,cc222a87554e870ffae43cba023647670c0589b8ec1b4500dd1d797a399c3bf2,completed,False,,,
rdfs_owlrl,1,500,35105,BASE-Q05,wellbeing,domain,authorities,data_owner,restricted,set_union,edge1|edge2|edge3,3,20.749556,57.34632,5,,4b096b851fd9e6935d2e2e6c7bd57464c473db58008af4b34e60338033a84d23,completed,False,,,
rdfs_owlrl,1,500,35105,BASE-Q06,identity_consent,core,cloud,global,internal,single,cloud,1,4.246812,4.246812,10,,f8aebcef3bdb5c68142d34426190fd6a36c4b31394471c9c7602e6c19e67ff84,completed,False,,,
rdfs_owlrl,1,500,35105,BASE-Q07,observability,core,fog,regional,internal,single,fog,1,37.525926,37.525926,12,,0516a9d4345b96b06a696bef8713c0d423f25cbf05a2a51457e526a3f88a9f75,completed,False,,,
rdfs_owlrl,1,500,35105,BASE-Q08,observability,core,fog,regional,internal,single,fog,1,39.531889,39.531889,2,,6527f1e187dfa51f5dc78e109fe2d9fb47aed82a4ec8f897d1dda6ee6850aa0a,completed,False,,,
rdfs_owlrl,1,500,35105,BASE-Q09,wellbeing,domain,authorities,data_owner,restricted,set_union,edge1|edge2|edge3,3,113.762685,338.07856400000003,506,,03fb5c704e3543a11dd248a2d894ccb7afaefd99ca08beba2ce6c544912d41c7,completed,False,,,
rdfs_owlrl,1,500,35105,BASE-Q10,observability,domain,authorities,data_owner,restricted,set_union,edge1|edge2|edge3,3,275.5245,817.335003,504,,10d067607b3e689df21e19820fec64c4ef53e0b5eb53b9a713732558aa7f0071,completed,False,,,
rdfs_owlrl,1,500,35105,BASE-Q11,wellbeing,core,authority_key:http://example.org/smartcity#UserA,data_owner,confidential,single,edge1,1,14.8315,14.8315,1,,941d461ce01f2fa52ba95291e46e52524d75bd44e2b938eab7e81404936a8b7c,completed,False,,,
rdfs_owlrl,1,500,35105,BASE-Q12,adaptation,core,authorities,data_owner,confidential,set_union,edge1|edge2|edge3,3,14.981574,43.409129,1,,ddcd6b8cd42f3d2e1f6aa052eeeca5d4423f9db85cdc91915481db3956dfffff,completed,False,,,
rdfs_owlrl,1,500,35105,BASE-Q13,adaptation,core,authorities,data_owner,confidential,set_union,edge1|edge2|edge3,3,27.544889,64.242893,1,,25e56d4be1969d1d6de5386e2c3ff26456f8069edb7847a9dc7e32a9b09c8948,completed,False,,,
rdfs_owlrl,1,500,35105,BASE-Q14,delegation,core,authority_key:http://example.org/smartcity#UserA,data_owner,confidential,single,edge1,1,16.773778,16.773778,1,,dcd8c3258e95549dde016df10cf22183c036214d75d30e686ca7ac2fb5ea3271,completed,False,,,
rdfs_owlrl,1,500,35105,BASE-Q15,identity_consent,core,authorities,data_owner,confidential,set_union,edge1|edge2|edge3,3,12.471056,35.971108,1,,7ac55bded7c8d1294bfcac4ddeb28b5921a8083a19185e216bf5d1c0d62bd370,completed,False,,,
rdfs_owlrl,1,500,35105,BASE-Q16,federation,core,authorities,data_owner,confidential,set_union,edge1|edge2|edge3,3,26.531611,75.298844,3,,550eeca87dc96402bbed090f1737eaacfb6b27d2290401797018cbcf303b8147,completed,False,,,
rdfs_owlrl,1,500,35105,BASE-Q17,context_zones,domain,authorities,data_owner,restricted,set_union,edge1|edge2|edge3,3,34.585951,77.572543,1,,50b7b5a085e0802a1897953a959e0c9ea4c5f943dc26de55b2219ea7deac4b89,completed,False,,,
rdfs_owlrl,1,500,35105,BASE-Q18,context_zones,core,authorities,data_owner,confidential,set_union,edge1|edge2|edge3,3,10.793222,30.861623,1,,200d4d55bb0d8b9374961d2df3fa99d83d8caf54dc79a7784bb84dd44b081eda,completed,False,,,
rdfs_owlrl,1,500,35105,BASE-Q19,decision,core,fog,regional,internal,single,fog,1,36.374519,36.374519,9,,443ff98a2de06ad51f558d63e0e63398d704563a4c9e035dd9323360e09c09bb,completed,False,,,
rdfs_owlrl,1,500,35105,BASE-Q20,identity_consent,domain,authorities,data_owner,restricted,set_union,edge1|edge2|edge3,3,115.205482,342.737659,504,,3884a662286545e0d04aac3e476e174a688df12eb4de66112e76c1dcceba3b3a,completed,False,,,
rdfs_owlrl,1,500,35105,BASE-Q21,decision,core,authorities,data_owner,confidential,set_union,edge1|edge2|edge3,3,42.13763,100.780126,11,,7fc13e36a90de226eedecbd26ccd453be5ba11798c2c5af4a7d857a15cbb7e1e,completed,False,,,
rdfs_owlrl,1,500,35105,BASE-Q22,adaptation,core,authorities,data_owner,confidential,set_union,edge1|edge2|edge3,3,24.264426,70.886178,3,,70205401426a8e8adbf4220710b3638c6a47af2e7e7264f0b771b1bcbb070e80,completed,False,,,
rdfs_owlrl,1,500,35105,BASE-Q23,topology,core,authorities,data_owner,confidential,set_union,edge1|edge2|edge3,3,105.659055,312.237517,501,,e05e7092a4cf6ac418481aaf8b197928d727f7b1a4599f0dc4726278b0a68a0e,completed,False,,,
rdfs_owlrl,1,500,35105,BASE-Q24,federation,core,authorities,data_owner,confidential,set_union,edge1|edge2|edge3,3,29.546852,81.54968099999999,5,,0d4871d54d4eadbfa110f9223c2a6b641ea8c65326db34ade1288d5eab5ceb54,completed,False,,,
rdfs_owlrl,1,500,35105,BASE-Q25,identity_consent,core,authorities,data_owner,confidential,set_union,edge1|edge2|edge3,3,21.225778,52.801449,1,,4591a69ecb6837fd65b28a9688ad10f0fb7b8ca54c1a6ac395ef142fc831cfbf,completed,False,,,
rdfs_owlrl,1,500,35105,BASE-Q26,observability,core,fog,regional,internal,boolean_or,fog,1,6.468574,6.468574,1,True,35df7182aa6c75e0a1066245f679b81ec9ad05e9964a0684980a466c9cc63ac4,completed,False,,,
rdfs_owlrl,1,500,35105,BASE-Q27,adaptation,core,authorities,data_owner,confidential,boolean_or,edge1|edge2|edge3,3,8.974759,26.290307,1,True,35df7182aa6c75e0a1066245f679b81ec9ad05e9964a0684980a466c9cc63ac4,completed,False,,,
rdfs_owlrl,1,500,35105,BASE-Q28,identity_consent,domain,authorities,data_owner,restricted,boolean_or,edge1|edge2|edge3,3,65.831166,153.01096,0,False,92b91e0dd8f69dcc43f3c56062f944147504cf0d80f20c98005fda34c727fd7e,completed,False,,,
rdfs_owlrl,1,500,35105,BASE-Q29,topology,core,fog,regional,internal,boolean_or,fog,1,14.155685,14.155685,1,True,35df7182aa6c75e0a1066245f679b81ec9ad05e9964a0684980a466c9cc63ac4,completed,False,,,
rdfs_owlrl,1,500,35105,BASE-Q30,federation,core,authorities,data_owner,confidential,boolean_or,edge1|edge2|edge3,3,6.856249,20.306435,1,True,35df7182aa6c75e0a1066245f679b81ec9ad05e9964a0684980a466c9cc63ac4,completed,False,,,
rdfs_owlrl,1,500,35105,BASE-Q31,identity_consent,core,cloud,global,internal,single,cloud,1,31.635645,31.635645,3,,a3f296325bd2022ac9e2fb848837fc93d53db534fb2c2f6ac0ff467cd99cd89c,completed,False,,,
rdfs_owlrl,1,500,35105,BASE-Q32,decision,core,fog,regional,internal,single,fog,1,16.299945,16.299945,4,,b91031de6b6257d2428b9195175f3c860291b874d6603c50eb4713a1b65b2628,completed,False,,,
rdfs_owlrl,1,500,35105,BASE-Q33,observability,core,authority_key:http://example.org/smartcity#UserB,data_owner,confidential,single,edge2,1,24.777018,24.777018,6,,4d866077c5f4748a36c9c3a34b9c4fb687f2bff1507b3769fe810d6cc994942e,completed,False,,,
rdfs_owlrl,1,500,35105,BASE-Q34,topology,core,fog,regional,internal,single,fog,1,10.958574,10.958574,1,,7c66062f36ae31e8068455da76c0bb4f918e7f6b8ecee7cd8a7946f3b6047884,completed,False,,,
rdfs_owlrl,1,500,35105,BASE-Q35,delegation,core,authorities,data_owner,confidential,set_union,edge1|edge2|edge3,3,63.041871,124.900577,223,,3ba95108702ca49a42a1e72048de1f35e44f82ca800d0df0555dfd01224572cd,completed,False,,,
rdfs_owlrl,1,500,35105,EXT-Q01,semantic_schema,core,cloud,global,internal,single,cloud,1,6.805484,6.805484,6,,66d5edbbdc2282624ffec271a4a523a20fdc7331b886d2884edf86a885532bcc,completed,False,,,
rdfs_owlrl,1,500,35105,EXT-Q02,semantic_schema,core,cloud,global,internal,single,cloud,1,5.433459,5.433459,3,,81bea9a8c2d4cf1237d7fb131249cc18ec4ca629eeabaadbd5f0b9b58d3e3333,completed,False,,,
rdfs_owlrl,1,500,35105,EXT-Q03,policy_governance,core,cloud,global,internal,single,cloud,1,15.069648,15.069648,79,,d73ae3d5ddfcd345147bae778101c21ab13194fca3fa92ad08259d39931b66d5,completed,False,,,
rdfs_owlrl,1,500,35105,EXT-Q04,policy_governance,core,cloud,global,internal,single,cloud,1,16.760203,16.760203,55,,fced7e97d29b215a8321753998b7519dc1825dacc4af090c67ffc54bee4479bc,completed,False,,,
rdfs_owlrl,1,500,35105,EXT-Q05,semantic_schema,core,cloud,global,internal,single,cloud,1,17.861431,17.861431,17,,e0fc9190703b6a7b2695ddc448f5c7e54c4feeff2545477c3194ebfd8ccb1f0c,completed,False,,,
rdfs_owlrl,1,500,35105,EXT-Q06,semantic_schema,core,cloud,global,internal,single,cloud,1,3.976677,3.976677,12,,1377568d225cfb45a1899c2ea951adf7ebda5ada4e188dbf5f114110484fa3ae,completed,False,,,
rdfs_owlrl,1,500,35105,EXT-Q07,policy_governance,core,cloud,global,internal,single,cloud,1,9.403,9.403,67,,c3cf27e703656fdaa8295f23b31076c1afcb14a5022b1b47538e2961fe033646,completed,False,,,
rdfs_owlrl,1,500,35105,EXT-Q08,policy_governance,core,cloud,global,internal,single,cloud,1,55.486646,55.486646,1089,,cb9e0103c9327f1c4691ec9d7612deebd04c0e73140f23e2a6209bb8af1efc51,completed,False,,,
rdfs_owlrl,1,500,35105,EXT-Q09,policy_governance,core,cloud,global,internal,single,cloud,1,14.369914,14.369914,6,,68de07660e010156bf3f3ea01000180657c8e8fc155ac9a053c3a64dbc538102,completed,False,,,
rdfs_owlrl,1,500,35105,EXT-Q10,policy_governance,core,cloud,global,internal,single,cloud,1,39.709432,39.709432,0,,e3b0c44298fc1c149afbf4c8996fb92427ae41e4649b934ca495991b7852b855,completed,False,,,
rdfs_owlrl,1,500,35105,EXT-Q11,identity_consent,core,authorities,data_owner,confidential,set_union,edge1|edge2|edge3,3,99.678814,294.635048,525,,7a184c1471f857803678b1c098023801815a3697bad5e739cdc7e868fe057fa7,completed,False,,,
rdfs_owlrl,1,500,35105,EXT-Q12,identity_consent,core,authorities,data_owner,confidential,set_union,edge1|edge2|edge3,3,101.150982,294.263529,528,,52290a2b1307cd4d9af1d7e2de22fce9b588933c38babca6118cebd24243116f,completed,False,,,
rdfs_owlrl,1,500,35105,EXT-Q13,identity_consent,core,authorities,data_owner,confidential,set_union,edge1|edge2|edge3,3,139.008796,407.04109,0,,e3b0c44298fc1c149afbf4c8996fb92427ae41e4649b934ca495991b7852b855,completed,False,,,
rdfs_owlrl,1,500,35105,EXT-Q14,identity_consent,core,authorities,data_owner,confidential,set_union,edge1|edge2|edge3,3,135.583888,403.173611,0,,e3b0c44298fc1c149afbf4c8996fb92427ae41e4649b934ca495991b7852b855,completed,False,,,
rdfs_owlrl,1,500,35105,EXT-Q15,identity_consent,core,authorities,data_owner,confidential,set_union,edge1|edge2|edge3,3,1399.564554,4133.953175,0,,e3b0c44298fc1c149afbf4c8996fb92427ae41e4649b934ca495991b7852b855,completed,False,,,
rdfs_owlrl,1,500,35105,EXT-Q16,identity_consent,core,authorities,data_owner,confidential,set_union,edge1|edge2|edge3,3,858.902314,2564.0235780000003,0,,e3b0c44298fc1c149afbf4c8996fb92427ae41e4649b934ca495991b7852b855,completed,False,,,
rdfs_owlrl,1,500,35105,EXT-Q17,identity_consent,core,authorities,data_owner,confidential,set_union,edge1|edge2|edge3,3,42.290167,96.745533,8,,3071bd3ad9cc1daac2632f317152a64e2d9d9e0d189068465ece1f8c3872334f,completed,False,,,
rdfs_owlrl,1,500,35105,EXT-Q18,identity_consent,core,authorities,data_owner,confidential,set_union,edge1|edge2|edge3,3,162.307148,477.18115900000004,0,,e3b0c44298fc1c149afbf4c8996fb92427ae41e4649b934ca495991b7852b855,completed,False,,,
rdfs_owlrl,1,500,35105,EXT-Q19,identity_consent,core,authorities,data_owner,confidential,set_union,edge1|edge2|edge3,3,128.668421,345.649625,0,,e3b0c44298fc1c149afbf4c8996fb92427ae41e4649b934ca495991b7852b855,completed,False,,,
rdfs_owlrl,1,500,35105,EXT-Q20,identity_consent,core,authorities,data_owner,confidential,set_union,edge1|edge2|edge3,3,13.182148,38.266847999999996,0,,e3b0c44298fc1c149afbf4c8996fb92427ae41e4649b934ca495991b7852b855,completed,False,,,
rdfs_owlrl,1,500,35105,EXT-Q21,identity_consent,core,authorities,data_owner,confidential,set_union,edge1|edge2|edge3,3,30.978741,80.519733,69,,e470cf117e15674f2b501e1b85b0e980f2f2238a5932233d053101e7748e48c4,completed,False,,,
rdfs_owlrl,1,500,35105,EXT-Q22,security_identity,domain,authorities,data_owner,restricted,set_union,edge1|edge2|edge3,3,777.91761,2203.396348,0,,e3b0c44298fc1c149afbf4c8996fb92427ae41e4649b934ca495991b7852b855,completed,False,,,
rdfs_owlrl,1,500,35105,EXT-Q23,data_lifecycle,core,authorities,data_owner,confidential,set_union,edge1|edge2|edge3,3,25.972574,73.748845,3,,3955e7b96dea26719774b2d2a200be73c38cf84521f9352a6b96ed1af0a71d7a,completed,False,,,
rdfs_owlrl,1,500,35105,EXT-Q24,data_lifecycle,core,authorities,data_owner,confidential,set_union,edge1|edge2|edge3,3,137.669426,408.45003899999995,502,,cc6ab0f000aa5583447de693f3ecb6b7f61b8b4d68cc162137de3731343157b2,completed,False,,,
rdfs_owlrl,1,500,35105,EXT-Q25,data_lifecycle,domain,authorities,data_owner,restricted,set_union,edge1|edge2|edge3,3,234.519315,663.2451100000001,0,,e3b0c44298fc1c149afbf4c8996fb92427ae41e4649b934ca495991b7852b855,completed,False,,,
rdfs_owlrl,1,500,35105,EXT-Q26,security_identity,core,authorities,data_owner,confidential,set_union,edge1|edge2|edge3,3,480.105389,1426.0748979999998,504,,568ca4d1de868bca17daf5210eada824632ea4de68b88ee9e12e09afc2485226,completed,False,,,
rdfs_owlrl,1,500,35105,EXT-Q27,security_identity,core,authorities,data_owner,confidential,set_union,edge1|edge2|edge3,3,49.459796,120.71161799999999,0,,e3b0c44298fc1c149afbf4c8996fb92427ae41e4649b934ca495991b7852b855,completed,False,,,
rdfs_owlrl,1,500,35105,EXT-Q28,security_identity,core,authorities,data_owner,confidential,set_union,edge1|edge2|edge3,3,19.381055,57.210634999999996,0,,e3b0c44298fc1c149afbf4c8996fb92427ae41e4649b934ca495991b7852b855,completed,False,,,
rdfs_owlrl,1,500,35105,EXT-Q29,security_identity,core,cloud,global,internal,single,cloud,1,3.305955,3.305955,1,,5e56d4b1c34d01016304a6e8bc0397a3d6e7898ce43942ff1b6aab07b06810f2,completed,False,,,
rdfs_owlrl,1,500,35105,EXT-Q30,security_identity,core,cloud,global,internal,single,cloud,1,2.679513,2.679513,0,,e3b0c44298fc1c149afbf4c8996fb92427ae41e4649b934ca495991b7852b855,completed,False,,,
rdfs_owlrl,1,500,35105,EXT-Q31,data_lifecycle,core,authorities,data_owner,confidential,set_union,edge1|edge2|edge3,3,19.024537,54.716522,0,,e3b0c44298fc1c149afbf4c8996fb92427ae41e4649b934ca495991b7852b855,completed,False,,,
rdfs_owlrl,1,500,35105,EXT-Q32,data_lifecycle,core,authorities,data_owner,confidential,set_union,edge1|edge2|edge3,3,11.556533,33.708533,0,,e3b0c44298fc1c149afbf4c8996fb92427ae41e4649b934ca495991b7852b855,completed,False,,,
rdfs_owlrl,1,500,35105,EXT-Q33,data_lifecycle,core,authorities,data_owner,confidential,set_union,edge1|edge2|edge3,3,22.630982,66.800972,0,,e3b0c44298fc1c149afbf4c8996fb92427ae41e4649b934ca495991b7852b855,completed,False,,,
rdfs_owlrl,1,500,35105,EXT-Q34,data_lifecycle,core,authorities,data_owner,confidential,set_union,edge1|edge2|edge3,3,19.343463,57.681968999999995,0,,e3b0c44298fc1c149afbf4c8996fb92427ae41e4649b934ca495991b7852b855,completed,False,,,
rdfs_owlrl,1,500,35105,EXT-Q35,data_lifecycle,core,authorities,data_owner,confidential,set_union,edge1|edge2|edge3,3,51.980741,154.143046,506,,e159afa16c0ecbbd3cf7fcff418e7e26ab45563c465ecee53dd366752837dae4,completed,False,,,
rdfs_owlrl,1,500,35105,EXT-Q36,context_zones,core,authority_key:http://example.org/smartcity#UserA,data_owner,confidential,single,edge1,1,23.977685,23.977685,1,,b691a10c930fd32c789bb07f0f1fd7d606e3241b1fbe110ce3bb9c0f5b95cd37,completed,False,,,
rdfs_owlrl,1,500,35105,EXT-Q37,context_zones,domain,authorities,data_owner,restricted,set_union,edge1|edge2|edge3,3,80.967908,199.936019,0,,e3b0c44298fc1c149afbf4c8996fb92427ae41e4649b934ca495991b7852b855,completed,False,,,
rdfs_owlrl,1,500,35105,EXT-Q38,context_zones,domain,authorities,data_owner,restricted,set_union,edge1|edge2|edge3,3,39.614222,118.056938,1,,d0d58146bc80e4e03947b8200631e8b89fdb27ee77b2a31daf4bee1a10c44367,completed,False,,,
rdfs_owlrl,1,500,35105,EXT-Q39,context_zones,core,authority_key:http://example.org/smartcity#UserA,data_owner,confidential,single,edge1,1,15.716241,15.716241,5,,1ca154c8210da56b45e42825f86a318f53dc0325a456648a0db2cbcced59de18,completed,False,,,
rdfs_owlrl,1,500,35105,EXT-Q40,trust,core,fog,regional,internal,single,fog,1,31.025907,31.025907,12,,44d1133750d0daf65e973d007b6a6e9b1e1cf12491f15ed0d6fec1877346ffa9,completed,False,,,
rdfs_owlrl,1,500,35105,EXT-Q41,trust,core,fog,regional,internal,single,fog,1,27.938167,27.938167,0,,e3b0c44298fc1c149afbf4c8996fb92427ae41e4649b934ca495991b7852b855,completed,False,,,
rdfs_owlrl,1,500,35105,EXT-Q42,trust,core,fog,regional,internal,single,fog,1,20.7,20.7,9,,f05876d6579062dc6d4275cbdc95e4e521b19a1850e9ebef4a6cb7a737cd9c12,completed,False,,,
rdfs_owlrl,1,500,35105,EXT-Q43,trust,core,fog,regional,internal,single,fog,1,34.534,34.534,12,,09e36e91c47b761f1f036d024c43d3a5da0aa11bcdec5c62a51401f663593326,completed,False,,,
rdfs_owlrl,1,500,35105,EXT-Q44,trust,core,authorities,data_owner,confidential,set_union,edge1|edge2|edge3,3,23.149667,63.161451,10,,106b6808e582efd6a78626f18c7807191e7a08ebe629f87847227d80e6ce6f19,completed,False,,,
rdfs_owlrl,1,500,35105,EXT-Q45,trust,core,authorities,data_owner,confidential,set_union,edge1|edge2|edge3,3,51.761686,151.703709,0,,e3b0c44298fc1c149afbf4c8996fb92427ae41e4649b934ca495991b7852b855,completed,False,,,
rdfs_owlrl,1,500,35105,EXT-Q46,decision,core,authorities,data_owner,confidential,set_union,edge1|edge2|edge3,3,32.952723,86.914811,11,,497649f7b7fb5bb312db17c133552fcb5363c177bcdf3a7d4da3f9e09d27ef3a,completed,False,,,
rdfs_owlrl,1,500,35105,EXT-Q47,decision,core,authorities,data_owner,confidential,set_union,edge1|edge2|edge3,3,37.945907,95.920999,0,,e3b0c44298fc1c149afbf4c8996fb92427ae41e4649b934ca495991b7852b855,completed,False,,,
rdfs_owlrl,1,500,35105,EXT-Q48,decision,core,authorities,data_owner,confidential,set_union,edge1|edge2|edge3,3,33.152796,95.753483,0,,e3b0c44298fc1c149afbf4c8996fb92427ae41e4649b934ca495991b7852b855,completed,False,,,
rdfs_owlrl,1,500,35105,EXT-Q49,decision,core,authorities,data_owner,confidential,set_union,edge1|edge2|edge3,3,33.598611,86.87375399999999,8,,61a1a998385e4071933469d06cffd5e2cd092016daefcdce08d2e38a8bf4d078,completed,False,,,
rdfs_owlrl,1,500,35105,EXT-Q50,decision,core,authorities,data_owner,confidential,set_union,edge1|edge2|edge3,3,133.819186,201.722519,0,,e3b0c44298fc1c149afbf4c8996fb92427ae41e4649b934ca495991b7852b855,completed,False,,,
rdfs_owlrl,1,500,35105,EXT-Q51,decision,core,authorities,data_owner,confidential,set_union,edge1|edge2|edge3,3,31.671797,77.083993,32,,d96e9e0968e2bb5a55d9ce98a9e9522d5cb6082d083dcb5d8b65c30d87614d48,completed,False,,,
rdfs_owlrl,1,500,35105,EXT-Q52,decision,core,authorities,data_owner,confidential,set_union,edge1|edge2|edge3,3,30.060315,75.396733,32,,e4cc722951be46789eb75264501a53ba96774192510017491e856efc76f0aa19,completed,False,,,
rdfs_owlrl,1,500,35105,EXT-Q53,decision,core,authorities,data_owner,confidential,set_union,edge1|edge2|edge3,3,51.646259,147.429876,0,,e3b0c44298fc1c149afbf4c8996fb92427ae41e4649b934ca495991b7852b855,completed,False,,,
rdfs_owlrl,1,500,35105,EXT-Q54,decision,domain,authorities,data_owner,restricted,set_union,edge1|edge2|edge3,3,81.056944,236.747004,0,,e3b0c44298fc1c149afbf4c8996fb92427ae41e4649b934ca495991b7852b855,completed,False,,,
rdfs_owlrl,1,500,35105,EXT-Q55,decision,core,authorities,data_owner,confidential,set_union,edge1|edge2|edge3,3,21.315648,59.739802,8,,8c3e48566f94616cee569d9b5812ba30ec566c1adc22c2c92d13749c523df534,completed,False,,,
rdfs_owlrl,1,500,35105,EXT-Q56,decision,core,authorities,data_owner,confidential,set_union,edge1|edge2|edge3,3,49.670111,146.441302,0,,e3b0c44298fc1c149afbf4c8996fb92427ae41e4649b934ca495991b7852b855,completed,False,,,
rdfs_owlrl,1,500,35105,EXT-Q57,decision,core,authorities,data_owner,confidential,set_union,edge1|edge2|edge3,3,19.299,57.49884,7,,058d2944c03f01a48917edc20c871d5f86e2b184778cd894bf433e94a8ffca12,completed,False,,,
rdfs_owlrl,1,500,35105,EXT-Q58,decision,core,authorities,data_owner,confidential,set_union,edge1|edge2|edge3,3,30.759853,90.060057,7,,5a003716962d1299d69dd1de460f6a48eb40b34fbbb1eeb486379f039621a795,completed,False,,,
rdfs_owlrl,1,500,35105,EXT-Q59,adaptation,core,authorities,data_owner,confidential,set_union,edge1|edge2|edge3,3,73.50287,150.770973,46,,6d76048920e8bb121bc7b88947a49ba8133cedadb9c2c7dcfa1f864eb8cdb281,completed,False,,,
rdfs_owlrl,1,500,35105,EXT-Q60,adaptation,core,authorities,data_owner,confidential,set_union,edge1|edge2|edge3,3,27.438222,77.796864,1,,285931564bf116179a45da920fdf958a3347ea1df763213bb7e2afba77c47d16,completed,False,,,
rdfs_owlrl,1,500,35105,EXT-Q61,adaptation,core,authorities,data_owner,confidential,set_union,edge1|edge2|edge3,3,9.113704,25.19838,0,,e3b0c44298fc1c149afbf4c8996fb92427ae41e4649b934ca495991b7852b855,completed,False,,,
rdfs_owlrl,1,500,35105,EXT-Q62,adaptation,core,authorities,data_owner,confidential,set_union,edge1|edge2|edge3,3,22.934186,67.01562200000001,1,,3dafef0eca79c68f05b79939f40198bc13232639d500d3e9875bc263b0f00d4d,completed,False,,,
rdfs_owlrl,1,500,35105,EXT-Q63,delegation,core,authorities,data_owner,confidential,set_union,edge1|edge2|edge3,3,24.629834,72.049678,1,,d4b4c3785ae985658dfc4a4433dd002e5aec5a2321080af4e85474c06a3404f5,completed,False,,,
rdfs_owlrl,1,500,35105,EXT-Q64,delegation,core,authorities,data_owner,confidential,set_union,edge1|edge2|edge3,3,21.987388,63.000451,0,,e3b0c44298fc1c149afbf4c8996fb92427ae41e4649b934ca495991b7852b855,completed,False,,,
rdfs_owlrl,1,500,35105,EXT-Q65,delegation,core,authorities,data_owner,confidential,set_union,edge1|edge2|edge3,3,14.346185,40.15159,0,,e3b0c44298fc1c149afbf4c8996fb92427ae41e4649b934ca495991b7852b855,completed,False,,,
rdfs_owlrl,1,500,35105,EXT-Q66,federation,core,authorities,data_owner,confidential,set_union,edge1|edge2|edge3,3,25.949019,73.330326,2,,1a9af60cfbb87dd79b68021c3d70e1ee6f230e648f1ad6360ef50fffd374b4df,completed,False,,,
rdfs_owlrl,1,500,35105,EXT-Q67,federation,core,authorities,data_owner,confidential,set_union,edge1|edge2|edge3,3,39.540037,115.483251,0,,e3b0c44298fc1c149afbf4c8996fb92427ae41e4649b934ca495991b7852b855,completed,False,,,
rdfs_owlrl,1,500,35105,EXT-Q68,federation,core,authorities,data_owner,confidential,set_union,edge1|edge2|edge3,3,24.897426,72.654437,0,,e3b0c44298fc1c149afbf4c8996fb92427ae41e4649b934ca495991b7852b855,completed,False,,,
rdfs_owlrl,1,500,35105,EXT-Q69,federation,core,authorities,data_owner,confidential,set_union,edge1|edge2|edge3,3,33.792556,88.157478,2,,8271d93912e320b11a3ca6d70e5061d5132abb26053b022198090871531d61eb,completed,False,,,
rdfs_owlrl,1,500,35105,EXT-Q70,audit_temporal,core,authorities,data_owner,confidential,set_union,edge1|edge2|edge3,3,110.8525,182.804656,204,,01824916f48e90d6c6df066f2950c4d8a2e2d6f71ba4af556d43e8921ae41930,completed,False,,,
rdfs_owlrl,1,500,35105,EXT-Q71,audit_temporal,core,authorities,data_owner,confidential,set_union,edge1|edge2|edge3,3,42.367296,111.41511700000001,0,,e3b0c44298fc1c149afbf4c8996fb92427ae41e4649b934ca495991b7852b855,completed,False,,,
rdfs_owlrl,1,500,35105,EXT-Q72,audit_temporal,core,authorities,data_owner,confidential,set_union,edge1|edge2|edge3,3,30.380741,82.505404,0,,e3b0c44298fc1c149afbf4c8996fb92427ae41e4649b934ca495991b7852b855,completed,False,,,
rdfs_owlrl,1,500,35105,EXT-Q73,audit_temporal,core,authorities,data_owner,confidential,set_union,edge1|edge2|edge3,3,1066.992092,3145.679065,4622,,41552ed96ec73b9580c2c7465ea892f6f0de07340dcda6fcb907d964e3341c1a,completed,False,,,
rdfs_owlrl,1,500,35105,EXT-Q74,audit_temporal,core,authorities,data_owner,confidential,set_union,edge1|edge2|edge3,3,1477.755944,4332.014999999999,0,,e3b0c44298fc1c149afbf4c8996fb92427ae41e4649b934ca495991b7852b855,completed,False,,,
rdfs_owlrl,1,500,35105,EXT-Q75,validation,core,cloud,global,internal,single,cloud,1,17.519493,17.519493,74,,8dd432df42d733f2411b2aebc51682848ddadc97425c41088f0a99090f77f1c0,completed,False,,,
rdfs_owlrl,1,500,35105,EXT-Q76,validation,core,cloud,global,internal,single,cloud,1,5.707803,5.707803,9,,50bf3d3f7f446e045722279f6d243ecc804cd2cf73b381d9c89f530b567855ea,completed,False,,,
rdfs_owlrl,1,500,35105,EXT-Q77,validation,core,cloud,global,internal,single,cloud,1,8.975194,8.975194,6,,ba52fb52449a77784e328f0aaa19807ddd9156c7457ea722a8af2f2082dce9ad,completed,False,,,
rdfs_owlrl,1,500,35105,EXT-Q78,policy_governance,core,cloud,global,internal,single,cloud,1,12.526733,12.526733,37,,dc49d089c1cfb621b31177ad5794c8ca7638f40689eba56af4f4ea2a38c683f1,completed,False,,,
rdfs_owlrl,1,500,35105,EXT-Q79,policy_governance,core,cloud,global,internal,single,cloud,1,10.254814,10.254814,0,,e3b0c44298fc1c149afbf4c8996fb92427ae41e4649b934ca495991b7852b855,completed,False,,,
rdfs_owlrl,1,500,35105,EXT-Q80,validation,core,cloud,global,internal,single,cloud,1,31.942931,31.942931,13,,0cefa3a1036bceb704603183fe7520794c05d65538c743c77d376c43ebdc560c,completed,False,,,
rdfs_owlrl,2,500,35105,BASE-Q01,identity_consent,core,authorities,data_owner,confidential,set_union,edge1|edge2|edge3,3,107.506222,316.656427,504,,ff3ce94d275620cecc9b21539d797cc3a2da2f115be4d99cf02e00d53299236f,completed,False,,,
rdfs_owlrl,2,500,35105,BASE-Q02,topology,core,authority_key:http://example.org/smartcity#UserB,data_owner,confidential,single,edge2,1,24.650759,24.650759,15,,75cd8629893d8c6b89f6b8595efb4766ec72ade5f4d73c1d2cdad2a96f560e6b,completed,False,,,
rdfs_owlrl,2,500,35105,BASE-Q03,wellbeing,domain,authorities,data_owner,restricted,set_union,edge1|edge2|edge3,3,87.920556,263.165092,504,,0f2fd59ce6dac99c6d4b906f7fa3533d34f49d248f3a0542a4ae6fa554f74947,completed,False,,,
rdfs_owlrl,2,500,35105,BASE-Q04,decision,core,authority_key:http://example.org/smartcity#UserB,data_owner,confidential,single,edge2,1,21.915722,21.915722,7,,cc222a87554e870ffae43cba023647670c0589b8ec1b4500dd1d797a399c3bf2,completed,False,,,
rdfs_owlrl,2,500,35105,BASE-Q05,wellbeing,domain,authorities,data_owner,restricted,set_union,edge1|edge2|edge3,3,23.177963,62.429393000000005,5,,4b096b851fd9e6935d2e2e6c7bd57464c473db58008af4b34e60338033a84d23,completed,False,,,
rdfs_owlrl,2,500,35105,BASE-Q06,identity_consent,core,cloud,global,internal,single,cloud,1,4.689719,4.689719,10,,f8aebcef3bdb5c68142d34426190fd6a36c4b31394471c9c7602e6c19e67ff84,completed,False,,,
rdfs_owlrl,2,500,35105,BASE-Q07,observability,core,fog,regional,internal,single,fog,1,38.486852,38.486852,12,,0516a9d4345b96b06a696bef8713c0d423f25cbf05a2a51457e526a3f88a9f75,completed,False,,,
rdfs_owlrl,2,500,35105,BASE-Q08,observability,core,fog,regional,internal,single,fog,1,38.833667,38.833667,2,,6527f1e187dfa51f5dc78e109fe2d9fb47aed82a4ec8f897d1dda6ee6850aa0a,completed,False,,,
rdfs_owlrl,2,500,35105,BASE-Q09,wellbeing,domain,authorities,data_owner,restricted,set_union,edge1|edge2|edge3,3,114.218666,337.629675,506,,03fb5c704e3543a11dd248a2d894ccb7afaefd99ca08beba2ce6c544912d41c7,completed,False,,,
rdfs_owlrl,2,500,35105,BASE-Q10,observability,domain,authorities,data_owner,restricted,set_union,edge1|edge2|edge3,3,273.737334,813.2927629999999,504,,10d067607b3e689df21e19820fec64c4ef53e0b5eb53b9a713732558aa7f0071,completed,False,,,
rdfs_owlrl,2,500,35105,BASE-Q11,wellbeing,core,authority_key:http://example.org/smartcity#UserA,data_owner,confidential,single,edge1,1,14.557,14.557,1,,941d461ce01f2fa52ba95291e46e52524d75bd44e2b938eab7e81404936a8b7c,completed,False,,,
rdfs_owlrl,2,500,35105,BASE-Q12,adaptation,core,authorities,data_owner,confidential,set_union,edge1|edge2|edge3,3,14.986426,43.277332,1,,ddcd6b8cd42f3d2e1f6aa052eeeca5d4423f9db85cdc91915481db3956dfffff,completed,False,,,
rdfs_owlrl,2,500,35105,BASE-Q13,adaptation,core,authorities,data_owner,confidential,set_union,edge1|edge2|edge3,3,18.977185,54.757597,1,,25e56d4be1969d1d6de5386e2c3ff26456f8069edb7847a9dc7e32a9b09c8948,completed,False,,,
rdfs_owlrl,2,500,35105,BASE-Q14,delegation,core,authority_key:http://example.org/smartcity#UserA,data_owner,confidential,single,edge1,1,16.664426,16.664426,1,,dcd8c3258e95549dde016df10cf22183c036214d75d30e686ca7ac2fb5ea3271,completed,False,,,
rdfs_owlrl,2,500,35105,BASE-Q15,identity_consent,core,authorities,data_owner,confidential,set_union,edge1|edge2|edge3,3,12.063944,35.315274,1,,7ac55bded7c8d1294bfcac4ddeb28b5921a8083a19185e216bf5d1c0d62bd370,completed,False,,,
rdfs_owlrl,2,500,35105,BASE-Q16,federation,core,authorities,data_owner,confidential,set_union,edge1|edge2|edge3,3,26.487315,74.861308,3,,550eeca87dc96402bbed090f1737eaacfb6b27d2290401797018cbcf303b8147,completed,False,,,
rdfs_owlrl,2,500,35105,BASE-Q17,context_zones,domain,authorities,data_owner,restricted,set_union,edge1|edge2|edge3,3,21.932417,63.736492,1,,50b7b5a085e0802a1897953a959e0c9ea4c5f943dc26de55b2219ea7deac4b89,completed,False,,,
rdfs_owlrl,2,500,35105,BASE-Q18,context_zones,core,authorities,data_owner,confidential,set_union,edge1|edge2|edge3,3,10.715778,30.571234,1,,200d4d55bb0d8b9374961d2df3fa99d83d8caf54dc79a7784bb84dd44b081eda,completed,False,,,
rdfs_owlrl,2,500,35105,BASE-Q19,decision,core,fog,regional,internal,single,fog,1,35.573352,35.573352,9,,443ff98a2de06ad51f558d63e0e63398d704563a4c9e035dd9323360e09c09bb,completed,False,,,
rdfs_owlrl,2,500,35105,BASE-Q20,identity_consent,domain,authorities,data_owner,restricted,set_union,edge1|edge2|edge3,3,115.096518,343.406605,504,,3884a662286545e0d04aac3e476e174a688df12eb4de66112e76c1dcceba3b3a,completed,False,,,
rdfs_owlrl,2,500,35105,BASE-Q21,decision,core,authorities,data_owner,confidential,set_union,edge1|edge2|edge3,3,32.353315,85.845978,11,,7fc13e36a90de226eedecbd26ccd453be5ba11798c2c5af4a7d857a15cbb7e1e,completed,False,,,
rdfs_owlrl,2,500,35105,BASE-Q22,adaptation,core,authorities,data_owner,confidential,set_union,edge1|edge2|edge3,3,24.984278,71.609251,3,,70205401426a8e8adbf4220710b3638c6a47af2e7e7264f0b771b1bcbb070e80,completed,False,,,
rdfs_owlrl,2,500,35105,BASE-Q23,topology,core,authorities,data_owner,confidential,set_union,edge1|edge2|edge3,3,106.036481,315.051387,501,,e05e7092a4cf6ac418481aaf8b197928d727f7b1a4599f0dc4726278b0a68a0e,completed,False,,,
rdfs_owlrl,2,500,35105,BASE-Q24,federation,core,authorities,data_owner,confidential,set_union,edge1|edge2|edge3,3,29.512556,81.129958,5,,0d4871d54d4eadbfa110f9223c2a6b641ea8c65326db34ade1288d5eab5ceb54,completed,False,,,
rdfs_owlrl,2,500,35105,BASE-Q25,identity_consent,core,authorities,data_owner,confidential,set_union,edge1|edge2|edge3,3,16.325576,44.199261,1,,4591a69ecb6837fd65b28a9688ad10f0fb7b8ca54c1a6ac395ef142fc831cfbf,completed,False,,,
rdfs_owlrl,2,500,35105,BASE-Q26,observability,core,fog,regional,internal,boolean_or,fog,1,5.78076,5.78076,1,True,35df7182aa6c75e0a1066245f679b81ec9ad05e9964a0684980a466c9cc63ac4,completed,False,,,
rdfs_owlrl,2,500,35105,BASE-Q27,adaptation,core,authorities,data_owner,confidential,boolean_or,edge1|edge2|edge3,3,9.010426,26.773678000000004,1,True,35df7182aa6c75e0a1066245f679b81ec9ad05e9964a0684980a466c9cc63ac4,completed,False,,,
rdfs_owlrl,2,500,35105,BASE-Q28,identity_consent,domain,authorities,data_owner,restricted,boolean_or,edge1|edge2|edge3,3,183.279555,270.48774,0,False,92b91e0dd8f69dcc43f3c56062f944147504cf0d80f20c98005fda34c727fd7e,completed,False,,,
rdfs_owlrl,2,500,35105,BASE-Q29,topology,core,fog,regional,internal,boolean_or,fog,1,14.174056,14.174056,1,True,35df7182aa6c75e0a1066245f679b81ec9ad05e9964a0684980a466c9cc63ac4,completed,False,,,
rdfs_owlrl,2,500,35105,BASE-Q30,federation,core,authorities,data_owner,confidential,boolean_or,edge1|edge2|edge3,3,7.232629,20.450563,1,True,35df7182aa6c75e0a1066245f679b81ec9ad05e9964a0684980a466c9cc63ac4,completed,False,,,
rdfs_owlrl,2,500,35105,BASE-Q31,identity_consent,core,cloud,global,internal,single,cloud,1,14.706509,14.706509,3,,a3f296325bd2022ac9e2fb848837fc93d53db534fb2c2f6ac0ff467cd99cd89c,completed,False,,,
rdfs_owlrl,2,500,35105,BASE-Q32,decision,core,fog,regional,internal,single,fog,1,16.933944,16.933944,4,,b91031de6b6257d2428b9195175f3c860291b874d6603c50eb4713a1b65b2628,completed,False,,,
rdfs_owlrl,2,500,35105,BASE-Q33,observability,core,authority_key:http://example.org/smartcity#UserB,data_owner,confidential,single,edge2,1,24.807315,24.807315,6,,4d866077c5f4748a36c9c3a34b9c4fb687f2bff1507b3769fe810d6cc994942e,completed,False,,,
rdfs_owlrl,2,500,35105,BASE-Q34,topology,core,fog,regional,internal,single,fog,1,10.873407,10.873407,1,,7c66062f36ae31e8068455da76c0bb4f918e7f6b8ecee7cd8a7946f3b6047884,completed,False,,,
rdfs_owlrl,2,500,35105,BASE-Q35,delegation,core,authorities,data_owner,confidential,set_union,edge1|edge2|edge3,3,310.280999,404.0145,223,,3ba95108702ca49a42a1e72048de1f35e44f82ca800d0df0555dfd01224572cd,completed,False,,,
rdfs_owlrl,2,500,35105,EXT-Q01,semantic_schema,core,cloud,global,internal,single,cloud,1,6.896362,6.896362,6,,66d5edbbdc2282624ffec271a4a523a20fdc7331b886d2884edf86a885532bcc,completed,False,,,
rdfs_owlrl,2,500,35105,EXT-Q02,semantic_schema,core,cloud,global,internal,single,cloud,1,6.007932,6.007932,3,,81bea9a8c2d4cf1237d7fb131249cc18ec4ca629eeabaadbd5f0b9b58d3e3333,completed,False,,,
rdfs_owlrl,2,500,35105,EXT-Q03,policy_governance,core,cloud,global,internal,single,cloud,1,15.051259,15.051259,79,,d73ae3d5ddfcd345147bae778101c21ab13194fca3fa92ad08259d39931b66d5,completed,False,,,
rdfs_owlrl,2,500,35105,EXT-Q04,policy_governance,core,cloud,global,internal,single,cloud,1,24.803325,24.803325,55,,fced7e97d29b215a8321753998b7519dc1825dacc4af090c67ffc54bee4479bc,completed,False,,,
rdfs_owlrl,2,500,35105,EXT-Q05,semantic_schema,core,cloud,global,internal,single,cloud,1,22.84767,22.84767,17,,e0fc9190703b6a7b2695ddc448f5c7e54c4feeff2545477c3194ebfd8ccb1f0c,completed,False,,,
rdfs_owlrl,2,500,35105,EXT-Q06,semantic_schema,core,cloud,global,internal,single,cloud,1,3.515469,3.515469,12,,1377568d225cfb45a1899c2ea951adf7ebda5ada4e188dbf5f114110484fa3ae,completed,False,,,
rdfs_owlrl,2,500,35105,EXT-Q07,policy_governance,core,cloud,global,internal,single,cloud,1,11.123776,11.123776,67,,c3cf27e703656fdaa8295f23b31076c1afcb14a5022b1b47538e2961fe033646,completed,False,,,
rdfs_owlrl,2,500,35105,EXT-Q08,policy_governance,core,cloud,global,internal,single,cloud,1,55.044579,55.044579,1089,,cb9e0103c9327f1c4691ec9d7612deebd04c0e73140f23e2a6209bb8af1efc51,completed,False,,,
rdfs_owlrl,2,500,35105,EXT-Q09,policy_governance,core,cloud,global,internal,single,cloud,1,17.585878,17.585878,6,,68de07660e010156bf3f3ea01000180657c8e8fc155ac9a053c3a64dbc538102,completed,False,,,
rdfs_owlrl,2,500,35105,EXT-Q10,policy_governance,core,cloud,global,internal,single,cloud,1,61.048127,61.048127,0,,e3b0c44298fc1c149afbf4c8996fb92427ae41e4649b934ca495991b7852b855,completed,False,,,
rdfs_owlrl,2,500,35105,EXT-Q11,identity_consent,core,authorities,data_owner,confidential,set_union,edge1|edge2|edge3,3,109.918352,307.079622,525,,7a184c1471f857803678b1c098023801815a3697bad5e739cdc7e868fe057fa7,completed,False,,,
rdfs_owlrl,2,500,35105,EXT-Q12,identity_consent,core,authorities,data_owner,confidential,set_union,edge1|edge2|edge3,3,101.656629,294.26271299999996,528,,52290a2b1307cd4d9af1d7e2de22fce9b588933c38babca6118cebd24243116f,completed,False,,,
rdfs_owlrl,2,500,35105,EXT-Q13,identity_consent,core,authorities,data_owner,confidential,set_union,edge1|edge2|edge3,3,135.807148,404.591314,0,,e3b0c44298fc1c149afbf4c8996fb92427ae41e4649b934ca495991b7852b855,completed,False,,,
rdfs_owlrl,2,500,35105,EXT-Q14,identity_consent,core,authorities,data_owner,confidential,set_union,edge1|edge2|edge3,3,135.786648,403.21724100000006,0,,e3b0c44298fc1c149afbf4c8996fb92427ae41e4649b934ca495991b7852b855,completed,False,,,
rdfs_owlrl,2,500,35105,EXT-Q15,identity_consent,core,authorities,data_owner,confidential,set_union,edge1|edge2|edge3,3,1416.736721,4143.936941,0,,e3b0c44298fc1c149afbf4c8996fb92427ae41e4649b934ca495991b7852b855,completed,False,,,
rdfs_owlrl,2,500,35105,EXT-Q16,identity_consent,core,authorities,data_owner,confidential,set_union,edge1|edge2|edge3,3,866.543888,2587.283827,0,,e3b0c44298fc1c149afbf4c8996fb92427ae41e4649b934ca495991b7852b855,completed,False,,,
rdfs_owlrl,2,500,35105,EXT-Q17,identity_consent,core,authorities,data_owner,confidential,set_union,edge1|edge2|edge3,3,42.3485,95.3077,8,,3071bd3ad9cc1daac2632f317152a64e2d9d9e0d189068465ece1f8c3872334f,completed,False,,,
rdfs_owlrl,2,500,35105,EXT-Q18,identity_consent,core,authorities,data_owner,confidential,set_union,edge1|edge2|edge3,3,162.12113,476.406957,0,,e3b0c44298fc1c149afbf4c8996fb92427ae41e4649b934ca495991b7852b855,completed,False,,,
rdfs_owlrl,2,500,35105,EXT-Q19,identity_consent,core,authorities,data_owner,confidential,set_union,edge1|edge2|edge3,3,110.314296,323.179891,0,,e3b0c44298fc1c149afbf4c8996fb92427ae41e4649b934ca495991b7852b855,completed,False,,,
rdfs_owlrl,2,500,35105,EXT-Q20,identity_consent,core,authorities,data_owner,confidential,set_union,edge1|edge2|edge3,3,13.084259,38.168182,0,,e3b0c44298fc1c149afbf4c8996fb92427ae41e4649b934ca495991b7852b855,completed,False,,,
rdfs_owlrl,2,500,35105,EXT-Q21,identity_consent,core,authorities,data_owner,confidential,set_union,edge1|edge2|edge3,3,25.975556,72.90866,69,,e470cf117e15674f2b501e1b85b0e980f2f2238a5932233d053101e7748e48c4,completed,False,,,
rdfs_owlrl,2,500,35105,EXT-Q22,security_identity,domain,authorities,data_owner,restricted,set_union,edge1|edge2|edge3,3,944.862277,2238.1201469999996,0,,e3b0c44298fc1c149afbf4c8996fb92427ae41e4649b934ca495991b7852b855,completed,False,,,
rdfs_owlrl,2,500,35105,EXT-Q23,data_lifecycle,core,authorities,data_owner,confidential,set_union,edge1|edge2|edge3,3,25.945519,75.388104,3,,3955e7b96dea26719774b2d2a200be73c38cf84521f9352a6b96ed1af0a71d7a,completed,False,,,
rdfs_owlrl,2,500,35105,EXT-Q24,data_lifecycle,core,authorities,data_owner,confidential,set_union,edge1|edge2|edge3,3,139.535185,411.13294700000006,502,,cc6ab0f000aa5583447de693f3ecb6b7f61b8b4d68cc162137de3731343157b2,completed,False,,,
rdfs_owlrl,2,500,35105,EXT-Q25,data_lifecycle,domain,authorities,data_owner,restricted,set_union,edge1|edge2|edge3,3,240.495685,679.425037,0,,e3b0c44298fc1c149afbf4c8996fb92427ae41e4649b934ca495991b7852b855,completed,False,,,
rdfs_owlrl,2,500,35105,EXT-Q26,security_identity,core,authorities,data_owner,confidential,set_union,edge1|edge2|edge3,3,479.692722,1421.401119,504,,568ca4d1de868bca17daf5210eada824632ea4de68b88ee9e12e09afc2485226,completed,False,,,
rdfs_owlrl,2,500,35105,EXT-Q27,security_identity,core,authorities,data_owner,confidential,set_union,edge1|edge2|edge3,3,49.442611,122.330528,0,,e3b0c44298fc1c149afbf4c8996fb92427ae41e4649b934ca495991b7852b855,completed,False,,,
rdfs_owlrl,2,500,35105,EXT-Q28,security_identity,core,authorities,data_owner,confidential,set_union,edge1|edge2|edge3,3,19.339981,56.545190000000005,0,,e3b0c44298fc1c149afbf4c8996fb92427ae41e4649b934ca495991b7852b855,completed,False,,,
rdfs_owlrl,2,500,35105,EXT-Q29,security_identity,core,cloud,global,internal,single,cloud,1,3.148408,3.148408,1,,5e56d4b1c34d01016304a6e8bc0397a3d6e7898ce43942ff1b6aab07b06810f2,completed,False,,,
rdfs_owlrl,2,500,35105,EXT-Q30,security_identity,core,cloud,global,internal,single,cloud,1,3.068427,3.068427,0,,e3b0c44298fc1c149afbf4c8996fb92427ae41e4649b934ca495991b7852b855,completed,False,,,
rdfs_owlrl,2,500,35105,EXT-Q31,data_lifecycle,core,authorities,data_owner,confidential,set_union,edge1|edge2|edge3,3,18.448926,54.522708,0,,e3b0c44298fc1c149afbf4c8996fb92427ae41e4649b934ca495991b7852b855,completed,False,,,
rdfs_owlrl,2,500,35105,EXT-Q32,data_lifecycle,core,authorities,data_owner,confidential,set_union,edge1|edge2|edge3,3,11.699648,33.649643,0,,e3b0c44298fc1c149afbf4c8996fb92427ae41e4649b934ca495991b7852b855,completed,False,,,
rdfs_owlrl,2,500,35105,EXT-Q33,data_lifecycle,core,authorities,data_owner,confidential,set_union,edge1|edge2|edge3,3,22.551352,67.351454,0,,e3b0c44298fc1c149afbf4c8996fb92427ae41e4649b934ca495991b7852b855,completed,False,,,
rdfs_owlrl,2,500,35105,EXT-Q34,data_lifecycle,core,authorities,data_owner,confidential,set_union,edge1|edge2|edge3,3,19.499518,57.903208,0,,e3b0c44298fc1c149afbf4c8996fb92427ae41e4649b934ca495991b7852b855,completed,False,,,
rdfs_owlrl,2,500,35105,EXT-Q35,data_lifecycle,core,authorities,data_owner,confidential,set_union,edge1|edge2|edge3,3,52.051277,153.646729,506,,e159afa16c0ecbbd3cf7fcff418e7e26ab45563c465ecee53dd366752837dae4,completed,False,,,
rdfs_owlrl,2,500,35105,EXT-Q36,context_zones,core,authority_key:http://example.org/smartcity#UserA,data_owner,confidential,single,edge1,1,23.379815,23.379815,1,,b691a10c930fd32c789bb07f0f1fd7d606e3241b1fbe110ce3bb9c0f5b95cd37,completed,False,,,
rdfs_owlrl,2,500,35105,EXT-Q37,context_zones,domain,authorities,data_owner,restricted,set_union,edge1|edge2|edge3,3,76.445592,196.038556,0,,e3b0c44298fc1c149afbf4c8996fb92427ae41e4649b934ca495991b7852b855,completed,False,,,
rdfs_owlrl,2,500,35105,EXT-Q38,context_zones,domain,authorities,data_owner,restricted,set_union,edge1|edge2|edge3,3,41.476459,120.364329,1,,d0d58146bc80e4e03947b8200631e8b89fdb27ee77b2a31daf4bee1a10c44367,completed,False,,,
rdfs_owlrl,2,500,35105,EXT-Q39,context_zones,core,authority_key:http://example.org/smartcity#UserA,data_owner,confidential,single,edge1,1,15.816648,15.816648,5,,1ca154c8210da56b45e42825f86a318f53dc0325a456648a0db2cbcced59de18,completed,False,,,
rdfs_owlrl,2,500,35105,EXT-Q40,trust,core,fog,regional,internal,single,fog,1,31.165444,31.165444,12,,44d1133750d0daf65e973d007b6a6e9b1e1cf12491f15ed0d6fec1877346ffa9,completed,False,,,
rdfs_owlrl,2,500,35105,EXT-Q41,trust,core,fog,regional,internal,single,fog,1,27.493278,27.493278,0,,e3b0c44298fc1c149afbf4c8996fb92427ae41e4649b934ca495991b7852b855,completed,False,,,
rdfs_owlrl,2,500,35105,EXT-Q42,trust,core,fog,regional,internal,single,fog,1,20.995278,20.995278,9,,f05876d6579062dc6d4275cbdc95e4e521b19a1850e9ebef4a6cb7a737cd9c12,completed,False,,,
rdfs_owlrl,2,500,35105,EXT-Q43,trust,core,fog,regional,internal,single,fog,1,34.896852,34.896852,12,,09e36e91c47b761f1f036d024c43d3a5da0aa11bcdec5c62a51401f663593326,completed,False,,,
rdfs_owlrl,2,500,35105,EXT-Q44,trust,core,authorities,data_owner,confidential,set_union,edge1|edge2|edge3,3,23.170629,62.872691,10,,106b6808e582efd6a78626f18c7807191e7a08ebe629f87847227d80e6ce6f19,completed,False,,,
rdfs_owlrl,2,500,35105,EXT-Q45,trust,core,authorities,data_owner,confidential,set_union,edge1|edge2|edge3,3,49.312963,145.865191,0,,e3b0c44298fc1c149afbf4c8996fb92427ae41e4649b934ca495991b7852b855,completed,False,,,
rdfs_owlrl,2,500,35105,EXT-Q46,decision,core,authorities,data_owner,confidential,set_union,edge1|edge2|edge3,3,32.973519,86.826348,11,,497649f7b7fb5bb312db17c133552fcb5363c177bcdf3a7d4da3f9e09d27ef3a,completed,False,,,
rdfs_owlrl,2,500,35105,EXT-Q47,decision,core,authorities,data_owner,confidential,set_union,edge1|edge2|edge3,3,37.967871,96.064889,0,,e3b0c44298fc1c149afbf4c8996fb92427ae41e4649b934ca495991b7852b855,completed,False,,,
rdfs_owlrl,2,500,35105,EXT-Q48,decision,core,authorities,data_owner,confidential,set_union,edge1|edge2|edge3,3,33.143722,95.84138999999999,0,,e3b0c44298fc1c149afbf4c8996fb92427ae41e4649b934ca495991b7852b855,completed,False,,,
rdfs_owlrl,2,500,35105,EXT-Q49,decision,core,authorities,data_owner,confidential,set_union,edge1|edge2|edge3,3,28.033611,78.825069,8,,61a1a998385e4071933469d06cffd5e2cd092016daefcdce08d2e38a8bf4d078,completed,False,,,
rdfs_owlrl,2,500,35105,EXT-Q50,decision,core,authorities,data_owner,confidential,set_union,edge1|edge2|edge3,3,33.213889,98.845336,0,,e3b0c44298fc1c149afbf4c8996fb92427ae41e4649b934ca495991b7852b855,completed,False,,,
rdfs_owlrl,2,500,35105,EXT-Q51,decision,core,authorities,data_owner,confidential,set_union,edge1|edge2|edge3,3,32.597204,79.385325,32,,d96e9e0968e2bb5a55d9ce98a9e9522d5cb6082d083dcb5d8b65c30d87614d48,completed,False,,,
rdfs_owlrl,2,500,35105,EXT-Q52,decision,core,authorities,data_owner,confidential,set_union,edge1|edge2|edge3,3,30.062575,74.718065,32,,e4cc722951be46789eb75264501a53ba96774192510017491e856efc76f0aa19,completed,False,,,
rdfs_owlrl,2,500,35105,EXT-Q53,decision,core,authorities,data_owner,confidential,set_union,edge1|edge2|edge3,3,51.694444,147.528152,0,,e3b0c44298fc1c149afbf4c8996fb92427ae41e4649b934ca495991b7852b855,completed,False,,,
rdfs_owlrl,2,500,35105,EXT-Q54,decision,domain,authorities,data_owner,restricted,set_union,edge1|edge2|edge3,3,80.813204,235.30632,0,,e3b0c44298fc1c149afbf4c8996fb92427ae41e4649b934ca495991b7852b855,completed,False,,,
rdfs_owlrl,2,500,35105,EXT-Q55,decision,core,authorities,data_owner,confidential,set_union,edge1|edge2|edge3,3,21.396408,60.236674,8,,8c3e48566f94616cee569d9b5812ba30ec566c1adc22c2c92d13749c523df534,completed,False,,,
rdfs_owlrl,2,500,35105,EXT-Q56,decision,core,authorities,data_owner,confidential,set_union,edge1|edge2|edge3,3,151.919801,249.374004,0,,e3b0c44298fc1c149afbf4c8996fb92427ae41e4649b934ca495991b7852b855,completed,False,,,
rdfs_owlrl,2,500,35105,EXT-Q57,decision,core,authorities,data_owner,confidential,set_union,edge1|edge2|edge3,3,20.278444,57.683282,7,,058d2944c03f01a48917edc20c871d5f86e2b184778cd894bf433e94a8ffca12,completed,False,,,
rdfs_owlrl,2,500,35105,EXT-Q58,decision,core,authorities,data_owner,confidential,set_union,edge1|edge2|edge3,3,29.795796,88.51499899999999,7,,5a003716962d1299d69dd1de460f6a48eb40b34fbbb1eeb486379f039621a795,completed,False,,,
rdfs_owlrl,2,500,35105,EXT-Q59,adaptation,core,authorities,data_owner,confidential,set_union,edge1|edge2|edge3,3,73.511741,152.576234,46,,6d76048920e8bb121bc7b88947a49ba8133cedadb9c2c7dcfa1f864eb8cdb281,completed,False,,,
rdfs_owlrl,2,500,35105,EXT-Q60,adaptation,core,authorities,data_owner,confidential,set_union,edge1|edge2|edge3,3,27.323444,77.672438,1,,285931564bf116179a45da920fdf958a3347ea1df763213bb7e2afba77c47d16,completed,False,,,
rdfs_owlrl,2,500,35105,EXT-Q61,adaptation,core,authorities,data_owner,confidential,set_union,edge1|edge2|edge3,3,8.510444,24.594009,0,,e3b0c44298fc1c149afbf4c8996fb92427ae41e4649b934ca495991b7852b855,completed,False,,,
rdfs_owlrl,2,500,35105,EXT-Q62,adaptation,core,authorities,data_owner,confidential,set_union,edge1|edge2|edge3,3,22.593833,66.20291499999999,1,,3dafef0eca79c68f05b79939f40198bc13232639d500d3e9875bc263b0f00d4d,completed,False,,,
rdfs_owlrl,2,500,35105,EXT-Q63,delegation,core,authorities,data_owner,confidential,set_union,edge1|edge2|edge3,3,24.701463,72.757957,1,,d4b4c3785ae985658dfc4a4433dd002e5aec5a2321080af4e85474c06a3404f5,completed,False,,,
rdfs_owlrl,2,500,35105,EXT-Q64,delegation,core,authorities,data_owner,confidential,set_union,edge1|edge2|edge3,3,21.981297,62.856563,0,,e3b0c44298fc1c149afbf4c8996fb92427ae41e4649b934ca495991b7852b855,completed,False,,,
rdfs_owlrl,2,500,35105,EXT-Q65,delegation,core,authorities,data_owner,confidential,set_union,edge1|edge2|edge3,3,13.065815,38.88659,0,,e3b0c44298fc1c149afbf4c8996fb92427ae41e4649b934ca495991b7852b855,completed,False,,,
rdfs_owlrl,2,500,35105,EXT-Q66,federation,core,authorities,data_owner,confidential,set_union,edge1|edge2|edge3,3,25.923444,73.186789,2,,1a9af60cfbb87dd79b68021c3d70e1ee6f230e648f1ad6360ef50fffd374b4df,completed,False,,,
rdfs_owlrl,2,500,35105,EXT-Q67,federation,core,authorities,data_owner,confidential,set_union,edge1|edge2|edge3,3,39.596185,115.702289,0,,e3b0c44298fc1c149afbf4c8996fb92427ae41e4649b934ca495991b7852b855,completed,False,,,
rdfs_owlrl,2,500,35105,EXT-Q68,federation,core,authorities,data_owner,confidential,set_union,edge1|edge2|edge3,3,24.913241,72.781289,0,,e3b0c44298fc1c149afbf4c8996fb92427ae41e4649b934ca495991b7852b855,completed,False,,,
rdfs_owlrl,2,500,35105,EXT-Q69,federation,core,authorities,data_owner,confidential,set_union,edge1|edge2|edge3,3,28.068426,81.68629200000001,2,,8271d93912e320b11a3ca6d70e5061d5132abb26053b022198090871531d61eb,completed,False,,,
rdfs_owlrl,2,500,35105,EXT-Q70,audit_temporal,core,authorities,data_owner,confidential,set_union,edge1|edge2|edge3,3,110.927241,182.885897,204,,01824916f48e90d6c6df066f2950c4d8a2e2d6f71ba4af556d43e8921ae41930,completed,False,,,
rdfs_owlrl,2,500,35105,EXT-Q71,audit_temporal,core,authorities,data_owner,confidential,set_union,edge1|edge2|edge3,3,42.369148,113.676931,0,,e3b0c44298fc1c149afbf4c8996fb92427ae41e4649b934ca495991b7852b855,completed,False,,,
rdfs_owlrl,2,500,35105,EXT-Q72,audit_temporal,core,authorities,data_owner,confidential,set_union,edge1|edge2|edge3,3,32.315704,84.822866,0,,e3b0c44298fc1c149afbf4c8996fb92427ae41e4649b934ca495991b7852b855,completed,False,,,
rdfs_owlrl,2,500,35105,EXT-Q73,audit_temporal,core,authorities,data_owner,confidential,set_union,edge1|edge2|edge3,3,1063.250166,3151.667173,4622,,41552ed96ec73b9580c2c7465ea892f6f0de07340dcda6fcb907d964e3341c1a,completed,False,,,
rdfs_owlrl,2,500,35105,EXT-Q74,audit_temporal,core,authorities,data_owner,confidential,set_union,edge1|edge2|edge3,3,1478.788425,4320.4114119999995,0,,e3b0c44298fc1c149afbf4c8996fb92427ae41e4649b934ca495991b7852b855,completed,False,,,
rdfs_owlrl,2,500,35105,EXT-Q75,validation,core,cloud,global,internal,single,cloud,1,17.820631,17.820631,74,,8dd432df42d733f2411b2aebc51682848ddadc97425c41088f0a99090f77f1c0,completed,False,,,
rdfs_owlrl,2,500,35105,EXT-Q76,validation,core,cloud,global,internal,single,cloud,1,6.478456,6.478456,9,,50bf3d3f7f446e045722279f6d243ecc804cd2cf73b381d9c89f530b567855ea,completed,False,,,
rdfs_owlrl,2,500,35105,EXT-Q77,validation,core,cloud,global,internal,single,cloud,1,8.888982,8.888982,6,,ba52fb52449a77784e328f0aaa19807ddd9156c7457ea722a8af2f2082dce9ad,completed,False,,,
rdfs_owlrl,2,500,35105,EXT-Q78,policy_governance,core,cloud,global,internal,single,cloud,1,12.57474,12.57474,37,,dc49d089c1cfb621b31177ad5794c8ca7638f40689eba56af4f4ea2a38c683f1,completed,False,,,
rdfs_owlrl,2,500,35105,EXT-Q79,policy_governance,core,cloud,global,internal,single,cloud,1,12.57307,12.57307,0,,e3b0c44298fc1c149afbf4c8996fb92427ae41e4649b934ca495991b7852b855,completed,False,,,
rdfs_owlrl,2,500,35105,EXT-Q80,validation,core,cloud,global,internal,single,cloud,1,34.010175,34.010175,13,,0cefa3a1036bceb704603183fe7520794c05d65538c743c77d376c43ebdc560c,completed,False,,,
rdfs_owlrl,3,500,35105,BASE-Q01,identity_consent,core,authorities,data_owner,confidential,set_union,edge1|edge2|edge3,3,106.617556,316.47385499999996,504,,ff3ce94d275620cecc9b21539d797cc3a2da2f115be4d99cf02e00d53299236f,completed,False,,,
rdfs_owlrl,3,500,35105,BASE-Q02,topology,core,authority_key:http://example.org/smartcity#UserB,data_owner,confidential,single,edge2,1,24.007333,24.007333,15,,75cd8629893d8c6b89f6b8595efb4766ec72ade5f4d73c1d2cdad2a96f560e6b,completed,False,,,
rdfs_owlrl,3,500,35105,BASE-Q03,wellbeing,domain,authorities,data_owner,restricted,set_union,edge1|edge2|edge3,3,90.203815,265.199071,504,,0f2fd59ce6dac99c6d4b906f7fa3533d34f49d248f3a0542a4ae6fa554f74947,completed,False,,,
rdfs_owlrl,3,500,35105,BASE-Q04,decision,core,authority_key:http://example.org/smartcity#UserB,data_owner,confidential,single,edge2,1,22.489851,22.489851,7,,cc222a87554e870ffae43cba023647670c0589b8ec1b4500dd1d797a399c3bf2,completed,False,,,
rdfs_owlrl,3,500,35105,BASE-Q05,wellbeing,domain,authorities,data_owner,restricted,set_union,edge1|edge2|edge3,3,22.565778,61.465579000000005,5,,4b096b851fd9e6935d2e2e6c7bd57464c473db58008af4b34e60338033a84d23,completed,False,,,
rdfs_owlrl,3,500,35105,BASE-Q06,identity_consent,core,cloud,global,internal,single,cloud,1,4.002155,4.002155,10,,f8aebcef3bdb5c68142d34426190fd6a36c4b31394471c9c7602e6c19e67ff84,completed,False,,,
rdfs_owlrl,3,500,35105,BASE-Q07,observability,core,fog,regional,internal,single,fog,1,39.064574,39.064574,12,,0516a9d4345b96b06a696bef8713c0d423f25cbf05a2a51457e526a3f88a9f75,completed,False,,,
rdfs_owlrl,3,500,35105,BASE-Q08,observability,core,fog,regional,internal,single,fog,1,39.237389,39.237389,2,,6527f1e187dfa51f5dc78e109fe2d9fb47aed82a4ec8f897d1dda6ee6850aa0a,completed,False,,,
rdfs_owlrl,3,500,35105,BASE-Q09,wellbeing,domain,authorities,data_owner,restricted,set_union,edge1|edge2|edge3,3,113.915648,336.615972,506,,03fb5c704e3543a11dd248a2d894ccb7afaefd99ca08beba2ce6c544912d41c7,completed,False,,,
rdfs_owlrl,3,500,35105,BASE-Q10,observability,domain,authorities,data_owner,restricted,set_union,edge1|edge2|edge3,3,273.457999,814.190779,504,,10d067607b3e689df21e19820fec64c4ef53e0b5eb53b9a713732558aa7f0071,completed,False,,,
rdfs_owlrl,3,500,35105,BASE-Q11,wellbeing,core,authority_key:http://example.org/smartcity#UserA,data_owner,confidential,single,edge1,1,14.490333,14.490333,1,,941d461ce01f2fa52ba95291e46e52524d75bd44e2b938eab7e81404936a8b7c,completed,False,,,
rdfs_owlrl,3,500,35105,BASE-Q12,adaptation,core,authorities,data_owner,confidential,set_union,edge1|edge2|edge3,3,14.840204,43.428222,1,,ddcd6b8cd42f3d2e1f6aa052eeeca5d4423f9db85cdc91915481db3956dfffff,completed,False,,,
rdfs_owlrl,3,500,35105,BASE-Q13,adaptation,core,authorities,data_owner,confidential,set_union,edge1|edge2|edge3,3,18.822871,53.998577999999995,1,,25e56d4be1969d1d6de5386e2c3ff26456f8069edb7847a9dc7e32a9b09c8948,completed,False,,,
rdfs_owlrl,3,500,35105,BASE-Q14,delegation,core,authority_key:http://example.org/smartcity#UserA,data_owner,confidential,single,edge1,1,16.810426,16.810426,1,,dcd8c3258e95549dde016df10cf22183c036214d75d30e686ca7ac2fb5ea3271,completed,False,,,
rdfs_owlrl,3,500,35105,BASE-Q15,identity_consent,core,authorities,data_owner,confidential,set_union,edge1|edge2|edge3,3,12.046815,35.149680000000004,1,,7ac55bded7c8d1294bfcac4ddeb28b5921a8083a19185e216bf5d1c0d62bd370,completed,False,,,
rdfs_owlrl,3,500,35105,BASE-Q16,federation,core,authorities,data_owner,confidential,set_union,edge1|edge2|edge3,3,26.534574,75.325364,3,,550eeca87dc96402bbed090f1737eaacfb6b27d2290401797018cbcf303b8147,completed,False,,,
rdfs_owlrl,3,500,35105,BASE-Q17,context_zones,domain,authorities,data_owner,restricted,set_union,edge1|edge2|edge3,3,22.210954,64.739528,1,,50b7b5a085e0802a1897953a959e0c9ea4c5f943dc26de55b2219ea7deac4b89,completed,False,,,
rdfs_owlrl,3,500,35105,BASE-Q18,context_zones,core,authorities,data_owner,confidential,set_union,edge1|edge2|edge3,3,10.434814,30.55266,1,,200d4d55bb0d8b9374961d2df3fa99d83d8caf54dc79a7784bb84dd44b081eda,completed,False,,,
rdfs_owlrl,3,500,35105,BASE-Q19,decision,core,fog,regional,internal,single,fog,1,36.414444,36.414444,9,,443ff98a2de06ad51f558d63e0e63398d704563a4c9e035dd9323360e09c09bb,completed,False,,,
rdfs_owlrl,3,500,35105,BASE-Q20,identity_consent,domain,authorities,data_owner,restricted,set_union,edge1|edge2|edge3,3,116.881833,343.971696,504,,3884a662286545e0d04aac3e476e174a688df12eb4de66112e76c1dcceba3b3a,completed,False,,,
rdfs_owlrl,3,500,35105,BASE-Q21,decision,core,authorities,data_owner,confidential,set_union,edge1|edge2|edge3,3,32.305833,85.426737,11,,7fc13e36a90de226eedecbd26ccd453be5ba11798c2c5af4a7d857a15cbb7e1e,completed,False,,,
rdfs_owlrl,3,500,35105,BASE-Q22,adaptation,core,authorities,data_owner,confidential,set_union,edge1|edge2|edge3,3,471.804018,615.939427,3,,70205401426a8e8adbf4220710b3638c6a47af2e7e7264f0b771b1bcbb070e80,completed,False,,,
rdfs_owlrl,3,500,35105,BASE-Q23,topology,core,authorities,data_owner,confidential,set_union,edge1|edge2|edge3,3,140.637981,347.131757,501,,e05e7092a4cf6ac418481aaf8b197928d727f7b1a4599f0dc4726278b0a68a0e,completed,False,,,
rdfs_owlrl,3,500,35105,BASE-Q24,federation,core,authorities,data_owner,confidential,set_union,edge1|edge2|edge3,3,29.255074,81.27855,5,,0d4871d54d4eadbfa110f9223c2a6b641ea8c65326db34ade1288d5eab5ceb54,completed,False,,,
rdfs_owlrl,3,500,35105,BASE-Q25,identity_consent,core,authorities,data_owner,confidential,set_union,edge1|edge2|edge3,3,19.734,49.854373,1,,4591a69ecb6837fd65b28a9688ad10f0fb7b8ca54c1a6ac395ef142fc831cfbf,completed,False,,,
rdfs_owlrl,3,500,35105,BASE-Q26,observability,core,fog,regional,internal,boolean_or,fog,1,5.776703,5.776703,1,True,35df7182aa6c75e0a1066245f679b81ec9ad05e9964a0684980a466c9cc63ac4,completed,False,,,
rdfs_owlrl,3,500,35105,BASE-Q27,adaptation,core,authorities,data_owner,confidential,boolean_or,edge1|edge2|edge3,3,8.774407,25.82114,1,True,35df7182aa6c75e0a1066245f679b81ec9ad05e9964a0684980a466c9cc63ac4,completed,False,,,
rdfs_owlrl,3,500,35105,BASE-Q28,identity_consent,domain,authorities,data_owner,restricted,boolean_or,edge1|edge2|edge3,3,68.991111,156.231314,0,False,92b91e0dd8f69dcc43f3c56062f944147504cf0d80f20c98005fda34c727fd7e,completed,False,,,
rdfs_owlrl,3,500,35105,BASE-Q29,topology,core,fog,regional,internal,boolean_or,fog,1,14.75474,14.75474,1,True,35df7182aa6c75e0a1066245f679b81ec9ad05e9964a0684980a466c9cc63ac4,completed,False,,,
rdfs_owlrl,3,500,35105,BASE-Q30,federation,core,authorities,data_owner,confidential,boolean_or,edge1|edge2|edge3,3,7.361982,21.536788,1,True,35df7182aa6c75e0a1066245f679b81ec9ad05e9964a0684980a466c9cc63ac4,completed,False,,,
rdfs_owlrl,3,500,35105,BASE-Q31,identity_consent,core,cloud,global,internal,single,cloud,1,11.480394,11.480394,3,,a3f296325bd2022ac9e2fb848837fc93d53db534fb2c2f6ac0ff467cd99cd89c,completed,False,,,
rdfs_owlrl,3,500,35105,BASE-Q32,decision,core,fog,regional,internal,single,fog,1,16.150186,16.150186,4,,b91031de6b6257d2428b9195175f3c860291b874d6603c50eb4713a1b65b2628,completed,False,,,
rdfs_owlrl,3,500,35105,BASE-Q33,observability,core,authority_key:http://example.org/smartcity#UserB,data_owner,confidential,single,edge2,1,26.093797,26.093797,6,,4d866077c5f4748a36c9c3a34b9c4fb687f2bff1507b3769fe810d6cc994942e,completed,False,,,
rdfs_owlrl,3,500,35105,BASE-Q34,topology,core,fog,regional,internal,single,fog,1,10.871908,10.871908,1,,7c66062f36ae31e8068455da76c0bb4f918e7f6b8ecee7cd8a7946f3b6047884,completed,False,,,
rdfs_owlrl,3,500,35105,BASE-Q35,delegation,core,authorities,data_owner,confidential,set_union,edge1|edge2|edge3,3,63.251333,125.523814,223,,3ba95108702ca49a42a1e72048de1f35e44f82ca800d0df0555dfd01224572cd,completed,False,,,
rdfs_owlrl,3,500,35105,EXT-Q01,semantic_schema,core,cloud,global,internal,single,cloud,1,6.720678,6.720678,6,,66d5edbbdc2282624ffec271a4a523a20fdc7331b886d2884edf86a885532bcc,completed,False,,,
rdfs_owlrl,3,500,35105,EXT-Q02,semantic_schema,core,cloud,global,internal,single,cloud,1,5.168784,5.168784,3,,81bea9a8c2d4cf1237d7fb131249cc18ec4ca629eeabaadbd5f0b9b58d3e3333,completed,False,,,
rdfs_owlrl,3,500,35105,EXT-Q03,policy_governance,core,cloud,global,internal,single,cloud,1,15.688226,15.688226,79,,d73ae3d5ddfcd345147bae778101c21ab13194fca3fa92ad08259d39931b66d5,completed,False,,,
rdfs_owlrl,3,500,35105,EXT-Q04,policy_governance,core,cloud,global,internal,single,cloud,1,13.977936,13.977936,55,,fced7e97d29b215a8321753998b7519dc1825dacc4af090c67ffc54bee4479bc,completed,False,,,
rdfs_owlrl,3,500,35105,EXT-Q05,semantic_schema,core,cloud,global,internal,single,cloud,1,30.333986,30.333986,17,,e0fc9190703b6a7b2695ddc448f5c7e54c4feeff2545477c3194ebfd8ccb1f0c,completed,False,,,
rdfs_owlrl,3,500,35105,EXT-Q06,semantic_schema,core,cloud,global,internal,single,cloud,1,3.931175,3.931175,12,,1377568d225cfb45a1899c2ea951adf7ebda5ada4e188dbf5f114110484fa3ae,completed,False,,,
rdfs_owlrl,3,500,35105,EXT-Q07,policy_governance,core,cloud,global,internal,single,cloud,1,9.108042,9.108042,67,,c3cf27e703656fdaa8295f23b31076c1afcb14a5022b1b47538e2961fe033646,completed,False,,,
rdfs_owlrl,3,500,35105,EXT-Q08,policy_governance,core,cloud,global,internal,single,cloud,1,55.583956,55.583956,1089,,cb9e0103c9327f1c4691ec9d7612deebd04c0e73140f23e2a6209bb8af1efc51,completed,False,,,
rdfs_owlrl,3,500,35105,EXT-Q09,policy_governance,core,cloud,global,internal,single,cloud,1,14.44949,14.44949,6,,68de07660e010156bf3f3ea01000180657c8e8fc155ac9a053c3a64dbc538102,completed,False,,,
rdfs_owlrl,3,500,35105,EXT-Q10,policy_governance,core,cloud,global,internal,single,cloud,1,45.86991,45.86991,0,,e3b0c44298fc1c149afbf4c8996fb92427ae41e4649b934ca495991b7852b855,completed,False,,,
rdfs_owlrl,3,500,35105,EXT-Q11,identity_consent,core,authorities,data_owner,confidential,set_union,edge1|edge2|edge3,3,104.692963,302.167955,525,,7a184c1471f857803678b1c098023801815a3697bad5e739cdc7e868fe057fa7,completed,False,,,
rdfs_owlrl,3,500,35105,EXT-Q12,identity_consent,core,authorities,data_owner,confidential,set_union,edge1|edge2|edge3,3,101.124333,295.41764,528,,52290a2b1307cd4d9af1d7e2de22fce9b588933c38babca6118cebd24243116f,completed,False,,,
rdfs_owlrl,3,500,35105,EXT-Q13,identity_consent,core,authorities,data_owner,confidential,set_union,edge1|edge2|edge3,3,134.825055,402.852704,0,,e3b0c44298fc1c149afbf4c8996fb92427ae41e4649b934ca495991b7852b855,completed,False,,,
rdfs_owlrl,3,500,35105,EXT-Q14,identity_consent,core,authorities,data_owner,confidential,set_union,edge1|edge2|edge3,3,134.390278,401.76831500000003,0,,e3b0c44298fc1c149afbf4c8996fb92427ae41e4649b934ca495991b7852b855,completed,False,,,
rdfs_owlrl,3,500,35105,EXT-Q15,identity_consent,core,authorities,data_owner,confidential,set_union,edge1|edge2|edge3,3,1404.114036,4151.589241,0,,e3b0c44298fc1c149afbf4c8996fb92427ae41e4649b934ca495991b7852b855,completed,False,,,
rdfs_owlrl,3,500,35105,EXT-Q16,identity_consent,core,authorities,data_owner,confidential,set_union,edge1|edge2|edge3,3,860.75187,2561.9588160000003,0,,e3b0c44298fc1c149afbf4c8996fb92427ae41e4649b934ca495991b7852b855,completed,False,,,
rdfs_owlrl,3,500,35105,EXT-Q17,identity_consent,core,authorities,data_owner,confidential,set_union,edge1|edge2|edge3,3,42.474148,95.477978,8,,3071bd3ad9cc1daac2632f317152a64e2d9d9e0d189068465ece1f8c3872334f,completed,False,,,
rdfs_owlrl,3,500,35105,EXT-Q18,identity_consent,core,authorities,data_owner,confidential,set_union,edge1|edge2|edge3,3,161.302648,474.89014,0,,e3b0c44298fc1c149afbf4c8996fb92427ae41e4649b934ca495991b7852b855,completed,False,,,
rdfs_owlrl,3,500,35105,EXT-Q19,identity_consent,core,authorities,data_owner,confidential,set_union,edge1|edge2|edge3,3,109.467629,321.717465,0,,e3b0c44298fc1c149afbf4c8996fb92427ae41e4649b934ca495991b7852b855,completed,False,,,
rdfs_owlrl,3,500,35105,EXT-Q20,identity_consent,core,authorities,data_owner,confidential,set_union,edge1|edge2|edge3,3,13.098666,38.131181,0,,e3b0c44298fc1c149afbf4c8996fb92427ae41e4649b934ca495991b7852b855,completed,False,,,
rdfs_owlrl,3,500,35105,EXT-Q21,identity_consent,core,authorities,data_owner,confidential,set_union,edge1|edge2|edge3,3,25.954185,72.727344,69,,e470cf117e15674f2b501e1b85b0e980f2f2238a5932233d053101e7748e48c4,completed,False,,,
rdfs_owlrl,3,500,35105,EXT-Q22,security_identity,domain,authorities,data_owner,restricted,set_union,edge1|edge2|edge3,3,900.334185,2185.00435,0,,e3b0c44298fc1c149afbf4c8996fb92427ae41e4649b934ca495991b7852b855,completed,False,,,
rdfs_owlrl,3,500,35105,EXT-Q23,data_lifecycle,core,authorities,data_owner,confidential,set_union,edge1|edge2|edge3,3,25.989981,73.325491,3,,3955e7b96dea26719774b2d2a200be73c38cf84521f9352a6b96ed1af0a71d7a,completed,False,,,
rdfs_owlrl,3,500,35105,EXT-Q24,data_lifecycle,core,authorities,data_owner,confidential,set_union,edge1|edge2|edge3,3,150.419762,424.44642799999997,502,,cc6ab0f000aa5583447de693f3ecb6b7f61b8b4d68cc162137de3731343157b2,completed,False,,,
rdfs_owlrl,3,500,35105,EXT-Q25,data_lifecycle,domain,authorities,data_owner,restricted,set_union,edge1|edge2|edge3,3,230.006611,647.175704,0,,e3b0c44298fc1c149afbf4c8996fb92427ae41e4649b934ca495991b7852b855,completed,False,,,
rdfs_owlrl,3,500,35105,EXT-Q26,security_identity,core,authorities,data_owner,confidential,set_union,edge1|edge2|edge3,3,480.244037,1422.291532,504,,568ca4d1de868bca17daf5210eada824632ea4de68b88ee9e12e09afc2485226,completed,False,,,
rdfs_owlrl,3,500,35105,EXT-Q27,security_identity,core,authorities,data_owner,confidential,set_union,edge1|edge2|edge3,3,48.708111,120.10043300000001,0,,e3b0c44298fc1c149afbf4c8996fb92427ae41e4649b934ca495991b7852b855,completed,False,,,
rdfs_owlrl,3,500,35105,EXT-Q28,security_identity,core,authorities,data_owner,confidential,set_union,edge1|edge2|edge3,3,19.566537,57.068505,0,,e3b0c44298fc1c149afbf4c8996fb92427ae41e4649b934ca495991b7852b855,completed,False,,,
rdfs_owlrl,3,500,35105,EXT-Q29,security_identity,core,cloud,global,internal,single,cloud,1,3.405575,3.405575,1,,5e56d4b1c34d01016304a6e8bc0397a3d6e7898ce43942ff1b6aab07b06810f2,completed,False,,,
rdfs_owlrl,3,500,35105,EXT-Q30,security_identity,core,cloud,global,internal,single,cloud,1,2.608203,2.608203,0,,e3b0c44298fc1c149afbf4c8996fb92427ae41e4649b934ca495991b7852b855,completed,False,,,
rdfs_owlrl,3,500,35105,EXT-Q31,data_lifecycle,core,authorities,data_owner,confidential,set_union,edge1|edge2|edge3,3,18.881963,55.530392,0,,e3b0c44298fc1c149afbf4c8996fb92427ae41e4649b934ca495991b7852b855,completed,False,,,
rdfs_owlrl,3,500,35105,EXT-Q32,data_lifecycle,core,authorities,data_owner,confidential,set_union,edge1|edge2|edge3,3,11.5332,33.888144,0,,e3b0c44298fc1c149afbf4c8996fb92427ae41e4649b934ca495991b7852b855,completed,False,,,
rdfs_owlrl,3,500,35105,EXT-Q33,data_lifecycle,core,authorities,data_owner,confidential,set_union,edge1|edge2|edge3,3,22.571649,65.948269,0,,e3b0c44298fc1c149afbf4c8996fb92427ae41e4649b934ca495991b7852b855,completed,False,,,
rdfs_owlrl,3,500,35105,EXT-Q34,data_lifecycle,core,authorities,data_owner,confidential,set_union,edge1|edge2|edge3,3,19.508055,56.537096,0,,e3b0c44298fc1c149afbf4c8996fb92427ae41e4649b934ca495991b7852b855,completed,False,,,
rdfs_owlrl,3,500,35105,EXT-Q35,data_lifecycle,core,authorities,data_owner,confidential,set_union,edge1|edge2|edge3,3,52.13713,154.237564,506,,e159afa16c0ecbbd3cf7fcff418e7e26ab45563c465ecee53dd366752837dae4,completed,False,,,
rdfs_owlrl,3,500,35105,EXT-Q36,context_zones,core,authority_key:http://example.org/smartcity#UserA,data_owner,confidential,single,edge1,1,23.433241,23.433241,1,,b691a10c930fd32c789bb07f0f1fd7d606e3241b1fbe110ce3bb9c0f5b95cd37,completed,False,,,
rdfs_owlrl,3,500,35105,EXT-Q37,context_zones,domain,authorities,data_owner,restricted,set_union,edge1|edge2|edge3,3,76.398611,195.044741,0,,e3b0c44298fc1c149afbf4c8996fb92427ae41e4649b934ca495991b7852b855,completed,False,,,
rdfs_owlrl,3,500,35105,EXT-Q38,context_zones,domain,authorities,data_owner,restricted,set_union,edge1|edge2|edge3,3,39.586259,117.91353,1,,d0d58146bc80e4e03947b8200631e8b89fdb27ee77b2a31daf4bee1a10c44367,completed,False,,,
rdfs_owlrl,3,500,35105,EXT-Q39,context_zones,core,authority_key:http://example.org/smartcity#UserA,data_owner,confidential,single,edge1,1,15.694852,15.694852,5,,1ca154c8210da56b45e42825f86a318f53dc0325a456648a0db2cbcced59de18,completed,False,,,
rdfs_owlrl,3,500,35105,EXT-Q40,trust,core,fog,regional,internal,single,fog,1,30.8485,30.8485,12,,44d1133750d0daf65e973d007b6a6e9b1e1cf12491f15ed0d6fec1877346ffa9,completed,False,,,
rdfs_owlrl,3,500,35105,EXT-Q41,trust,core,fog,regional,internal,single,fog,1,27.713945,27.713945,0,,e3b0c44298fc1c149afbf4c8996fb92427ae41e4649b934ca495991b7852b855,completed,False,,,
rdfs_owlrl,3,500,35105,EXT-Q42,trust,core,fog,regional,internal,single,fog,1,21.219925,21.219925,9,,f05876d6579062dc6d4275cbdc95e4e521b19a1850e9ebef4a6cb7a737cd9c12,completed,False,,,
rdfs_owlrl,3,500,35105,EXT-Q43,trust,core,fog,regional,internal,single,fog,1,35.66476,35.66476,12,,09e36e91c47b761f1f036d024c43d3a5da0aa11bcdec5c62a51401f663593326,completed,False,,,
rdfs_owlrl,3,500,35105,EXT-Q44,trust,core,authorities,data_owner,confidential,set_union,edge1|edge2|edge3,3,23.310778,63.433007,10,,106b6808e582efd6a78626f18c7807191e7a08ebe629f87847227d80e6ce6f19,completed,False,,,
rdfs_owlrl,3,500,35105,EXT-Q45,trust,core,authorities,data_owner,confidential,set_union,edge1|edge2|edge3,3,49.544982,146.565469,0,,e3b0c44298fc1c149afbf4c8996fb92427ae41e4649b934ca495991b7852b855,completed,False,,,
rdfs_owlrl,3,500,35105,EXT-Q46,decision,core,authorities,data_owner,confidential,set_union,edge1|edge2|edge3,3,32.958389,87.39092199999999,11,,497649f7b7fb5bb312db17c133552fcb5363c177bcdf3a7d4da3f9e09d27ef3a,completed,False,,,
rdfs_owlrl,3,500,35105,EXT-Q47,decision,core,authorities,data_owner,confidential,set_union,edge1|edge2|edge3,3,38.04013,96.044,0,,e3b0c44298fc1c149afbf4c8996fb92427ae41e4649b934ca495991b7852b855,completed,False,,,
rdfs_owlrl,3,500,35105,EXT-Q48,decision,core,authorities,data_owner,confidential,set_union,edge1|edge2|edge3,3,33.176019,95.061835,0,,e3b0c44298fc1c149afbf4c8996fb92427ae41e4649b934ca495991b7852b855,completed,False,,,
rdfs_owlrl,3,500,35105,EXT-Q49,decision,core,authorities,data_owner,confidential,set_union,edge1|edge2|edge3,3,28.334334,78.40343899999999,8,,61a1a998385e4071933469d06cffd5e2cd092016daefcdce08d2e38a8bf4d078,completed,False,,,
rdfs_owlrl,3,500,35105,EXT-Q50,decision,core,authorities,data_owner,confidential,set_union,edge1|edge2|edge3,3,33.191652,99.37874500000001,0,,e3b0c44298fc1c149afbf4c8996fb92427ae41e4649b934ca495991b7852b855,completed,False,,,
rdfs_owlrl,3,500,35105,EXT-Q51,decision,core,authorities,data_owner,confidential,set_union,edge1|edge2|edge3,3,32.51124,78.587954,32,,d96e9e0968e2bb5a55d9ce98a9e9522d5cb6082d083dcb5d8b65c30d87614d48,completed,False,,,
rdfs_owlrl,3,500,35105,EXT-Q52,decision,core,authorities,data_owner,confidential,set_union,edge1|edge2|edge3,3,30.039037,81.669017,32,,e4cc722951be46789eb75264501a53ba96774192510017491e856efc76f0aa19,completed,False,,,
rdfs_owlrl,3,500,35105,EXT-Q53,decision,core,authorities,data_owner,confidential,set_union,edge1|edge2|edge3,3,53.56637,152.216802,0,,e3b0c44298fc1c149afbf4c8996fb92427ae41e4649b934ca495991b7852b855,completed,False,,,
rdfs_owlrl,3,500,35105,EXT-Q54,decision,domain,authorities,data_owner,restricted,set_union,edge1|edge2|edge3,3,79.839686,235.561303,0,,e3b0c44298fc1c149afbf4c8996fb92427ae41e4649b934ca495991b7852b855,completed,False,,,
rdfs_owlrl,3,500,35105,EXT-Q55,decision,core,authorities,data_owner,confidential,set_union,edge1|edge2|edge3,3,20.607815,58.50458,8,,8c3e48566f94616cee569d9b5812ba30ec566c1adc22c2c92d13749c523df534,completed,False,,,
rdfs_owlrl,3,500,35105,EXT-Q56,decision,core,authorities,data_owner,confidential,set_union,edge1|edge2|edge3,3,51.67337,147.831966,0,,e3b0c44298fc1c149afbf4c8996fb92427ae41e4649b934ca495991b7852b855,completed,False,,,
rdfs_owlrl,3,500,35105,EXT-Q57,decision,core,authorities,data_owner,confidential,set_union,edge1|edge2|edge3,3,20.223037,58.050745,7,,058d2944c03f01a48917edc20c871d5f86e2b184778cd894bf433e94a8ffca12,completed,False,,,
rdfs_owlrl,3,500,35105,EXT-Q58,decision,core,authorities,data_owner,confidential,set_union,edge1|edge2|edge3,3,29.81187,88.127091,7,,5a003716962d1299d69dd1de460f6a48eb40b34fbbb1eeb486379f039621a795,completed,False,,,
rdfs_owlrl,3,500,35105,EXT-Q59,adaptation,core,authorities,data_owner,confidential,set_union,edge1|edge2|edge3,3,73.475982,150.810864,46,,6d76048920e8bb121bc7b88947a49ba8133cedadb9c2c7dcfa1f864eb8cdb281,completed,False,,,
rdfs_owlrl,3,500,35105,EXT-Q60,adaptation,core,authorities,data_owner,confidential,set_union,edge1|edge2|edge3,3,27.776537,79.499662,1,,285931564bf116179a45da920fdf958a3347ea1df763213bb7e2afba77c47d16,completed,False,,,
rdfs_owlrl,3,500,35105,EXT-Q61,adaptation,core,authorities,data_owner,confidential,set_union,edge1|edge2|edge3,3,8.672492,25.182252,0,,e3b0c44298fc1c149afbf4c8996fb92427ae41e4649b934ca495991b7852b855,completed,False,,,
rdfs_owlrl,3,500,35105,EXT-Q62,adaptation,core,authorities,data_owner,confidential,set_union,edge1|edge2|edge3,3,22.615204,66.428027,1,,3dafef0eca79c68f05b79939f40198bc13232639d500d3e9875bc263b0f00d4d,completed,False,,,
rdfs_owlrl,3,500,35105,EXT-Q63,delegation,core,authorities,data_owner,confidential,set_union,edge1|edge2|edge3,3,24.56863,71.54627099999999,1,,d4b4c3785ae985658dfc4a4433dd002e5aec5a2321080af4e85474c06a3404f5,completed,False,,,
rdfs_owlrl,3,500,35105,EXT-Q64,delegation,core,authorities,data_owner,confidential,set_union,edge1|edge2|edge3,3,21.758148,61.86234,0,,e3b0c44298fc1c149afbf4c8996fb92427ae41e4649b934ca495991b7852b855,completed,False,,,
rdfs_owlrl,3,500,35105,EXT-Q65,delegation,core,authorities,data_owner,confidential,set_union,edge1|edge2|edge3,3,12.867926,38.313257,0,,e3b0c44298fc1c149afbf4c8996fb92427ae41e4649b934ca495991b7852b855,completed,False,,,
rdfs_owlrl,3,500,35105,EXT-Q66,federation,core,authorities,data_owner,confidential,set_union,edge1|edge2|edge3,3,26.267722,73.69552999999999,2,,1a9af60cfbb87dd79b68021c3d70e1ee6f230e648f1ad6360ef50fffd374b4df,completed,False,,,
rdfs_owlrl,3,500,35105,EXT-Q67,federation,core,authorities,data_owner,confidential,set_union,edge1|edge2|edge3,3,39.830963,115.710881,0,,e3b0c44298fc1c149afbf4c8996fb92427ae41e4649b934ca495991b7852b855,completed,False,,,
rdfs_owlrl,3,500,35105,EXT-Q68,federation,core,authorities,data_owner,confidential,set_union,edge1|edge2|edge3,3,25.180204,73.494919,0,,e3b0c44298fc1c149afbf4c8996fb92427ae41e4649b934ca495991b7852b855,completed,False,,,
rdfs_owlrl,3,500,35105,EXT-Q69,federation,core,authorities,data_owner,confidential,set_union,edge1|edge2|edge3,3,28.090185,81.185181,2,,8271d93912e320b11a3ca6d70e5061d5132abb26053b022198090871531d61eb,completed,False,,,
rdfs_owlrl,3,500,35105,EXT-Q70,audit_temporal,core,authorities,data_owner,confidential,set_union,edge1|edge2|edge3,3,110.92463,182.47130399999998,204,,01824916f48e90d6c6df066f2950c4d8a2e2d6f71ba4af556d43e8921ae41930,completed,False,,,
rdfs_owlrl,3,500,35105,EXT-Q71,audit_temporal,core,authorities,data_owner,confidential,set_union,edge1|edge2|edge3,3,42.651797,111.988766,0,,e3b0c44298fc1c149afbf4c8996fb92427ae41e4649b934ca495991b7852b855,completed,False,,,
rdfs_owlrl,3,500,35105,EXT-Q72,audit_temporal,core,authorities,data_owner,confidential,set_union,edge1|edge2|edge3,3,29.672519,85.407074,0,,e3b0c44298fc1c149afbf4c8996fb92427ae41e4649b934ca495991b7852b855,completed,False,,,
rdfs_owlrl,3,500,35105,EXT-Q73,audit_temporal,core,authorities,data_owner,confidential,set_union,edge1|edge2|edge3,3,1057.671592,3124.9509129999997,4622,,41552ed96ec73b9580c2c7465ea892f6f0de07340dcda6fcb907d964e3341c1a,completed,False,,,
rdfs_owlrl,3,500,35105,EXT-Q74,audit_temporal,core,authorities,data_owner,confidential,set_union,edge1|edge2|edge3,3,1455.813888,4275.504207,0,,e3b0c44298fc1c149afbf4c8996fb92427ae41e4649b934ca495991b7852b855,completed,False,,,
rdfs_owlrl,3,500,35105,EXT-Q75,validation,core,cloud,global,internal,single,cloud,1,17.578066,17.578066,74,,8dd432df42d733f2411b2aebc51682848ddadc97425c41088f0a99090f77f1c0,completed,False,,,
rdfs_owlrl,3,500,35105,EXT-Q76,validation,core,cloud,global,internal,single,cloud,1,4.94506,4.94506,9,,50bf3d3f7f446e045722279f6d243ecc804cd2cf73b381d9c89f530b567855ea,completed,False,,,
rdfs_owlrl,3,500,35105,EXT-Q77,validation,core,cloud,global,internal,single,cloud,1,27.402798,27.402798,6,,ba52fb52449a77784e328f0aaa19807ddd9156c7457ea722a8af2f2082dce9ad,completed,False,,,
rdfs_owlrl,3,500,35105,EXT-Q78,policy_governance,core,cloud,global,internal,single,cloud,1,12.659584,12.659584,37,,dc49d089c1cfb621b31177ad5794c8ca7638f40689eba56af4f4ea2a38c683f1,completed,False,,,
rdfs_owlrl,3,500,35105,EXT-Q79,policy_governance,core,cloud,global,internal,single,cloud,1,9.974336,9.974336,0,,e3b0c44298fc1c149afbf4c8996fb92427ae41e4649b934ca495991b7852b855,completed,False,,,
rdfs_owlrl,3,500,35105,EXT-Q80,validation,core,cloud,global,internal,single,cloud,1,31.921837,31.921837,13,,0cefa3a1036bceb704603183fe7520794c05d65538c743c77d376c43ebdc560c,completed,False,,,
rdfs,1,1000,70210,BASE-Q01,identity_consent,core,authorities,data_owner,confidential,set_union,edge1|edge2|edge3,3,162.963574,487.17949799999997,1004,,961d2a31138e1448ab934e47fc862258aa0e626dc4abef7eeaf396a53d898ec3,completed,False,,,
rdfs,1,1000,70210,BASE-Q02,topology,core,authority_key:http://example.org/smartcity#UserB,data_owner,confidential,single,edge2,1,24.189037,24.189037,20,,ca0ab9be224d80531e336d6db23ad2d662b9687ff746663e404aa175453022fc,completed,False,,,
rdfs,1,1000,70210,BASE-Q03,wellbeing,domain,authorities,data_owner,restricted,set_union,edge1|edge2|edge3,3,114.418296,341.143921,1004,,a50bc87eb0e3d58e491ebcc36ae6e08f32f5162a1eaddd5e452fe1ae464798a2,completed,False,,,
rdfs,1,1000,70210,BASE-Q04,decision,core,authority_key:http://example.org/smartcity#UserB,data_owner,confidential,single,edge2,1,21.65237,21.65237,7,,cc222a87554e870ffae43cba023647670c0589b8ec1b4500dd1d797a399c3bf2,completed,False,,,
rdfs,1,1000,70210,BASE-Q05,wellbeing,domain,authorities,data_owner,restricted,set_union,edge1|edge2|edge3,3,19.665389,56.432764000000006,5,,4b096b851fd9e6935d2e2e6c7bd57464c473db58008af4b34e60338033a84d23,completed,False,,,
rdfs,1,1000,70210,BASE-Q06,identity_consent,core,cloud,global,internal,single,cloud,1,3.879369,3.879369,10,,f8aebcef3bdb5c68142d34426190fd6a36c4b31394471c9c7602e6c19e67ff84,completed,False,,,
rdfs,1,1000,70210,BASE-Q07,observability,core,fog,regional,internal,single,fog,1,43.978203,43.978203,19,,e8f2d0aa692e60b387e08079d93d7f7fff94fbd86e65ef5819b9a65bd637981a,completed,False,,,
rdfs,1,1000,70210,BASE-Q08,observability,core,fog,regional,internal,single,fog,1,40.98287,40.98287,2,,6527f1e187dfa51f5dc78e109fe2d9fb47aed82a4ec8f897d1dda6ee6850aa0a,completed,False,,,
rdfs,1,1000,70210,BASE-Q09,wellbeing,domain,authorities,data_owner,restricted,set_union,edge1|edge2|edge3,3,212.713425,625.0327179999999,1006,,5c864afe28cdd133d62f68ea011667b00010687999fed7bb60acc6c006f516b8,completed,False,,,
rdfs,1,1000,70210,BASE-Q10,observability,domain,authorities,data_owner,restricted,set_union,edge1|edge2|edge3,3,813.167184,2383.438679,1004,,3a8284b2a36f1c3cff6c7a21d37255640f9742f29431b28cbeb42dbbd900832f,completed,False,,,
rdfs,1,1000,70210,BASE-Q11,wellbeing,core,authority_key:http://example.org/smartcity#UserA,data_owner,confidential,single,edge1,1,14.655352,14.655352,1,,941d461ce01f2fa52ba95291e46e52524d75bd44e2b938eab7e81404936a8b7c,completed,False,,,
rdfs,1,1000,70210,BASE-Q12,adaptation,core,authorities,data_owner,confidential,set_union,edge1|edge2|edge3,3,22.023019,51.345128,1,,ddcd6b8cd42f3d2e1f6aa052eeeca5d4423f9db85cdc91915481db3956dfffff,completed,False,,,
rdfs,1,1000,70210,BASE-Q13,adaptation,core,authorities,data_owner,confidential,set_union,edge1|edge2|edge3,3,18.569481,54.083317,1,,25e56d4be1969d1d6de5386e2c3ff26456f8069edb7847a9dc7e32a9b09c8948,completed,False,,,
rdfs,1,1000,70210,BASE-Q14,delegation,core,authority_key:http://example.org/smartcity#UserA,data_owner,confidential,single,edge1,1,16.804907,16.804907,1,,dcd8c3258e95549dde016df10cf22183c036214d75d30e686ca7ac2fb5ea3271,completed,False,,,
rdfs,1,1000,70210,BASE-Q15,identity_consent,core,authorities,data_owner,confidential,set_union,edge1|edge2|edge3,3,18.151834,41.506922,1,,7ac55bded7c8d1294bfcac4ddeb28b5921a8083a19185e216bf5d1c0d62bd370,completed,False,,,
rdfs,1,1000,70210,BASE-Q16,federation,core,authorities,data_owner,confidential,set_union,edge1|edge2|edge3,3,27.186944,76.497826,3,,550eeca87dc96402bbed090f1737eaacfb6b27d2290401797018cbcf303b8147,completed,False,,,
rdfs,1,1000,70210,BASE-Q17,context_zones,domain,authorities,data_owner,restricted,set_union,edge1|edge2|edge3,3,26.889627,77.891516,1,,50b7b5a085e0802a1897953a959e0c9ea4c5f943dc26de55b2219ea7deac4b89,completed,False,,,
rdfs,1,1000,70210,BASE-Q18,context_zones,core,authorities,data_owner,confidential,set_union,edge1|edge2|edge3,3,10.539685,30.778069000000002,1,,200d4d55bb0d8b9374961d2df3fa99d83d8caf54dc79a7784bb84dd44b081eda,completed,False,,,
rdfs,1,1000,70210,BASE-Q19,decision,core,fog,regional,internal,single,fog,1,37.346889,37.346889,14,,d653cc97aec65db423a153821e48534993e1bb0eea1ae3582c3e43e91a7a4881,completed,False,,,
rdfs,1,1000,70210,BASE-Q20,identity_consent,domain,authorities,data_owner,restricted,set_union,edge1|edge2|edge3,3,260.185363,707.580159,1004,,b9c92a528ed99fe32b59d1423f08cfeca1bae3d920e8d3d23c344edea0754ef0,completed,False,,,
rdfs,1,1000,70210,BASE-Q21,decision,core,authorities,data_owner,confidential,set_union,edge1|edge2|edge3,3,33.237518,91.127885,11,,7fc13e36a90de226eedecbd26ccd453be5ba11798c2c5af4a7d857a15cbb7e1e,completed,False,,,
rdfs,1,1000,70210,BASE-Q22,adaptation,core,authorities,data_owner,confidential,set_union,edge1|edge2|edge3,3,24.697519,72.064105,3,,70205401426a8e8adbf4220710b3638c6a47af2e7e7264f0b771b1bcbb070e80,completed,False,,,
rdfs,1,1000,70210,BASE-Q23,topology,core,authorities,data_owner,confidential,set_union,edge1|edge2|edge3,3,191.385814,572.5717,1001,,a5b6a62f4a32c695cefef61522e29a0e2a63df4485485a1859f69b4091d69704,completed,False,,,
rdfs,1,1000,70210,BASE-Q24,federation,core,authorities,data_owner,confidential,set_union,edge1|edge2|edge3,3,29.089815,82.014162,5,,0d4871d54d4eadbfa110f9223c2a6b641ea8c65326db34ade1288d5eab5ceb54,completed,False,,,
rdfs,1,1000,70210,BASE-Q25,identity_consent,core,authorities,data_owner,confidential,set_union,edge1|edge2|edge3,3,20.29171,46.845265999999995,1,,4591a69ecb6837fd65b28a9688ad10f0fb7b8ca54c1a6ac395ef142fc831cfbf,completed,False,,,
rdfs,1,1000,70210,BASE-Q26,observability,core,fog,regional,internal,boolean_or,fog,1,5.816963,5.816963,1,True,35df7182aa6c75e0a1066245f679b81ec9ad05e9964a0684980a466c9cc63ac4,completed,False,,,
rdfs,1,1000,70210,BASE-Q27,adaptation,core,authorities,data_owner,confidential,boolean_or,edge1|edge2|edge3,3,8.951167,26.442937,1,True,35df7182aa6c75e0a1066245f679b81ec9ad05e9964a0684980a466c9cc63ac4,completed,False,,,
rdfs,1,1000,70210,BASE-Q28,identity_consent,domain,authorities,data_owner,restricted,boolean_or,edge1|edge2|edge3,3,54.332593,141.547666,0,False,92b91e0dd8f69dcc43f3c56062f944147504cf0d80f20c98005fda34c727fd7e,completed,False,,,
rdfs,1,1000,70210,BASE-Q29,topology,core,fog,regional,internal,boolean_or,fog,1,14.706333,14.706333,1,True,35df7182aa6c75e0a1066245f679b81ec9ad05e9964a0684980a466c9cc63ac4,completed,False,,,
rdfs,1,1000,70210,BASE-Q30,federation,core,authorities,data_owner,confidential,boolean_or,edge1|edge2|edge3,3,10.691921,23.902772,1,True,35df7182aa6c75e0a1066245f679b81ec9ad05e9964a0684980a466c9cc63ac4,completed,False,,,
rdfs,1,1000,70210,BASE-Q31,identity_consent,core,cloud,global,internal,single,cloud,1,13.227111,13.227111,3,,e58488661bb31eeed68b26401ebd5accf7e903b2aee284e0d4583cd308f09c44,completed,False,,,
rdfs,1,1000,70210,BASE-Q32,decision,core,fog,regional,internal,single,fog,1,16.719315,16.719315,4,,b91031de6b6257d2428b9195175f3c860291b874d6603c50eb4713a1b65b2628,completed,False,,,
rdfs,1,1000,70210,BASE-Q33,observability,core,authority_key:http://example.org/smartcity#UserB,data_owner,confidential,single,edge2,1,25.76013,25.76013,6,,c17c13c05197a9742f8294074e413468a475cce9ac8f0729d568f5e0608291c9,completed,False,,,
rdfs,1,1000,70210,BASE-Q34,topology,core,fog,regional,internal,single,fog,1,10.92687,10.92687,1,,7c66062f36ae31e8068455da76c0bb4f918e7f6b8ecee7cd8a7946f3b6047884,completed,False,,,
rdfs,1,1000,70210,BASE-Q35,delegation,core,authorities,data_owner,confidential,set_union,edge1|edge2|edge3,3,57.136463,116.283925,180,,496f817f7c8ccec2b677b93877c2e54259f1052bee3fa9bbc330cf1af1a46630,completed,False,,,
rdfs,1,1000,70210,EXT-Q01,semantic_schema,core,cloud,global,internal,single,cloud,1,6.5854,6.5854,6,,66d5edbbdc2282624ffec271a4a523a20fdc7331b886d2884edf86a885532bcc,completed,False,,,
rdfs,1,1000,70210,EXT-Q02,semantic_schema,core,cloud,global,internal,single,cloud,1,4.912456,4.912456,3,,81bea9a8c2d4cf1237d7fb131249cc18ec4ca629eeabaadbd5f0b9b58d3e3333,completed,False,,,
rdfs,1,1000,70210,EXT-Q03,policy_governance,core,cloud,global,internal,single,cloud,1,19.561097,19.561097,79,,d73ae3d5ddfcd345147bae778101c21ab13194fca3fa92ad08259d39931b66d5,completed,False,,,
rdfs,1,1000,70210,EXT-Q04,policy_governance,core,cloud,global,internal,single,cloud,1,14.248562,14.248562,55,,fced7e97d29b215a8321753998b7519dc1825dacc4af090c67ffc54bee4479bc,completed,False,,,
rdfs,1,1000,70210,EXT-Q05,semantic_schema,core,cloud,global,internal,single,cloud,1,17.205323,17.205323,17,,e0fc9190703b6a7b2695ddc448f5c7e54c4feeff2545477c3194ebfd8ccb1f0c,completed,False,,,
rdfs,1,1000,70210,EXT-Q06,semantic_schema,core,cloud,global,internal,single,cloud,1,3.399781,3.399781,12,,1377568d225cfb45a1899c2ea951adf7ebda5ada4e188dbf5f114110484fa3ae,completed,False,,,
rdfs,1,1000,70210,EXT-Q07,policy_governance,core,cloud,global,internal,single,cloud,1,8.948505,8.948505,67,,c3cf27e703656fdaa8295f23b31076c1afcb14a5022b1b47538e2961fe033646,completed,False,,,
rdfs,1,1000,70210,EXT-Q08,policy_governance,core,cloud,global,internal,single,cloud,1,65.279752,65.279752,1089,,cb9e0103c9327f1c4691ec9d7612deebd04c0e73140f23e2a6209bb8af1efc51,completed,False,,,
rdfs,1,1000,70210,EXT-Q09,policy_governance,core,cloud,global,internal,single,cloud,1,14.614533,14.614533,6,,68de07660e010156bf3f3ea01000180657c8e8fc155ac9a053c3a64dbc538102,completed,False,,,
rdfs,1,1000,70210,EXT-Q10,policy_governance,core,cloud,global,internal,single,cloud,1,41.427666,41.427666,0,,e3b0c44298fc1c149afbf4c8996fb92427ae41e4649b934ca495991b7852b855,completed,False,,,
rdfs,1,1000,70210,EXT-Q11,identity_consent,core,authorities,data_owner,confidential,set_union,edge1|edge2|edge3,3,173.586093,512.8448430000001,1025,,cde5c4644950b6999d9356b275f978f0ef3730836ffe9f84a58a5867853e0e45,completed,False,,,
rdfs,1,1000,70210,EXT-Q12,identity_consent,core,authorities,data_owner,confidential,set_union,edge1|edge2|edge3,3,180.561463,523.663306,1028,,9ea1992c2211c1f23f0ba1a748da72282da84b7f7ab41e01ce7999cd716583ba,completed,False,,,
rdfs,1,1000,70210,EXT-Q13,identity_consent,core,authorities,data_owner,confidential,set_union,edge1|edge2|edge3,3,248.463111,742.672401,0,,e3b0c44298fc1c149afbf4c8996fb92427ae41e4649b934ca495991b7852b855,completed,False,,,
rdfs,1,1000,70210,EXT-Q14,identity_consent,core,authorities,data_owner,confidential,set_union,edge1|edge2|edge3,3,281.817722,777.559141,0,,e3b0c44298fc1c149afbf4c8996fb92427ae41e4649b934ca495991b7852b855,completed,False,,,
rdfs,1,1000,70210,EXT-Q15,identity_consent,core,authorities,data_owner,confidential,set_union,edge1|edge2|edge3,3,5181.564219,15424.40388,0,,e3b0c44298fc1c149afbf4c8996fb92427ae41e4649b934ca495991b7852b855,completed,False,,,
rdfs,1,1000,70210,EXT-Q16,identity_consent,core,authorities,data_owner,confidential,set_union,edge1|edge2|edge3,3,3365.496664,10023.283366,0,,e3b0c44298fc1c149afbf4c8996fb92427ae41e4649b934ca495991b7852b855,completed,False,,,
rdfs,1,1000,70210,EXT-Q17,identity_consent,core,authorities,data_owner,confidential,set_union,edge1|edge2|edge3,3,57.669111,119.802187,8,,3071bd3ad9cc1daac2632f317152a64e2d9d9e0d189068465ece1f8c3872334f,completed,False,,,
rdfs,1,1000,70210,EXT-Q18,identity_consent,core,authorities,data_owner,confidential,set_union,edge1|edge2|edge3,3,329.043204,914.744976,0,,e3b0c44298fc1c149afbf4c8996fb92427ae41e4649b934ca495991b7852b855,completed,False,,,
rdfs,1,1000,70210,EXT-Q19,identity_consent,core,authorities,data_owner,confidential,set_union,edge1|edge2|edge3,3,183.310037,540.8372420000001,0,,e3b0c44298fc1c149afbf4c8996fb92427ae41e4649b934ca495991b7852b855,completed,False,,,
rdfs,1,1000,70210,EXT-Q20,identity_consent,core,authorities,data_owner,confidential,set_union,edge1|edge2|edge3,3,13.048611,37.906551,0,,e3b0c44298fc1c149afbf4c8996fb92427ae41e4649b934ca495991b7852b855,completed,False,,,
rdfs,1,1000,70210,EXT-Q21,identity_consent,core,authorities,data_owner,confidential,set_union,edge1|edge2|edge3,3,27.401611,72.950546,42,,5f5f842f77c77fd4daaf1aeead5ac66f83ba3baa3a0c30af7c9fc75f471e69cc,completed,False,,,
rdfs,1,1000,70210,EXT-Q22,security_identity,domain,authorities,data_owner,restricted,set_union,edge1|edge2|edge3,3,1086.293795,2837.321343,0,,e3b0c44298fc1c149afbf4c8996fb92427ae41e4649b934ca495991b7852b855,completed,False,,,
rdfs,1,1000,70210,EXT-Q23,data_lifecycle,core,authorities,data_owner,confidential,set_union,edge1|edge2|edge3,3,26.133649,73.734973,3,,3955e7b96dea26719774b2d2a200be73c38cf84521f9352a6b96ed1af0a71d7a,completed,False,,,
rdfs,1,1000,70210,EXT-Q24,data_lifecycle,core,authorities,data_owner,confidential,set_union,edge1|edge2|edge3,3,254.671611,754.088293,1002,,d26bb96b68475adcfcdc97daccd35c3ee1e911735072d8e4e028866042f80c61,completed,False,,,
rdfs,1,1000,70210,EXT-Q25,data_lifecycle,domain,authorities,data_owner,restricted,set_union,edge1|edge2|edge3,3,379.660426,1134.31008,0,,e3b0c44298fc1c149afbf4c8996fb92427ae41e4649b934ca495991b7852b855,completed,False,,,
rdfs,1,1000,70210,EXT-Q26,security_identity,core,authorities,data_owner,confidential,set_union,edge1|edge2|edge3,3,1731.319314,5172.027577,1004,,3804f2120ffebab207f751cc61dae69eb8c7a5d75dd28a8f7ea53333ffe7ec19,completed,False,,,
rdfs,1,1000,70210,EXT-Q27,security_identity,core,authorities,data_owner,confidential,set_union,edge1|edge2|edge3,3,43.396685,114.49597,0,,e3b0c44298fc1c149afbf4c8996fb92427ae41e4649b934ca495991b7852b855,completed,False,,,
rdfs,1,1000,70210,EXT-Q28,security_identity,core,authorities,data_owner,confidential,set_union,edge1|edge2|edge3,3,19.611963,57.321746,0,,e3b0c44298fc1c149afbf4c8996fb92427ae41e4649b934ca495991b7852b855,completed,False,,,
rdfs,1,1000,70210,EXT-Q29,security_identity,core,cloud,global,internal,single,cloud,1,3.219529,3.219529,1,,5e56d4b1c34d01016304a6e8bc0397a3d6e7898ce43942ff1b6aab07b06810f2,completed,False,,,
rdfs,1,1000,70210,EXT-Q30,security_identity,core,cloud,global,internal,single,cloud,1,2.404976,2.404976,0,,e3b0c44298fc1c149afbf4c8996fb92427ae41e4649b934ca495991b7852b855,completed,False,,,
rdfs,1,1000,70210,EXT-Q31,data_lifecycle,core,authorities,data_owner,confidential,set_union,edge1|edge2|edge3,3,29.003554,65.139813,0,,e3b0c44298fc1c149afbf4c8996fb92427ae41e4649b934ca495991b7852b855,completed,False,,,
rdfs,1,1000,70210,EXT-Q32,data_lifecycle,core,authorities,data_owner,confidential,set_union,edge1|edge2|edge3,3,11.103778,33.009569,0,,e3b0c44298fc1c149afbf4c8996fb92427ae41e4649b934ca495991b7852b855,completed,False,,,
rdfs,1,1000,70210,EXT-Q33,data_lifecycle,core,authorities,data_owner,confidential,set_union,edge1|edge2|edge3,3,22.493973,66.680695,0,,e3b0c44298fc1c149afbf4c8996fb92427ae41e4649b934ca495991b7852b855,completed,False,,,
rdfs,1,1000,70210,EXT-Q34,data_lifecycle,core,authorities,data_owner,confidential,set_union,edge1|edge2|edge3,3,19.441112,56.766394,0,,e3b0c44298fc1c149afbf4c8996fb92427ae41e4649b934ca495991b7852b855,completed,False,,,
rdfs,1,1000,70210,EXT-Q35,data_lifecycle,core,authorities,data_owner,confidential,set_union,edge1|edge2|edge3,3,91.076648,266.671794,1006,,acac449fa92e27e22dc24267dc2e4f0fe6ec73002c1e708d127b416974e8ac8d,completed,False,,,
rdfs,1,1000,70210,EXT-Q36,context_zones,core,authority_key:http://example.org/smartcity#UserA,data_owner,confidential,single,edge1,1,26.335352,26.335352,1,,b691a10c930fd32c789bb07f0f1fd7d606e3241b1fbe110ce3bb9c0f5b95cd37,completed,False,,,
rdfs,1,1000,70210,EXT-Q37,context_zones,domain,authorities,data_owner,restricted,set_union,edge1|edge2|edge3,3,90.447722,212.301129,0,,e3b0c44298fc1c149afbf4c8996fb92427ae41e4649b934ca495991b7852b855,completed,False,,,
rdfs,1,1000,70210,EXT-Q38,context_zones,domain,authorities,data_owner,restricted,set_union,edge1|edge2|edge3,3,43.874686,131.247685,1,,d0d58146bc80e4e03947b8200631e8b89fdb27ee77b2a31daf4bee1a10c44367,completed,False,,,
rdfs,1,1000,70210,EXT-Q39,context_zones,core,authority_key:http://example.org/smartcity#UserA,data_owner,confidential,single,edge1,1,15.775167,15.775167,5,,1ca154c8210da56b45e42825f86a318f53dc0325a456648a0db2cbcced59de18,completed,False,,,
rdfs,1,1000,70210,EXT-Q40,trust,core,fog,regional,internal,single,fog,1,33.879797,33.879797,17,,280bc0ca1f5dd3885dbb6f8fa3e0cf6824155cc72b18cdbfa420a8bf31252832,completed,False,,,
rdfs,1,1000,70210,EXT-Q41,trust,core,fog,regional,internal,single,fog,1,30.866926,30.866926,0,,e3b0c44298fc1c149afbf4c8996fb92427ae41e4649b934ca495991b7852b855,completed,False,,,
rdfs,1,1000,70210,EXT-Q42,trust,core,fog,regional,internal,single,fog,1,160.63037,160.63037,14,,32195a9183d826e40a163c26d60a4e81485d91f218e63dca7ac781a4ea86e857,completed,False,,,
rdfs,1,1000,70210,EXT-Q43,trust,core,fog,regional,internal,single,fog,1,38.536926,38.536926,17,,d66cbd33fe91bbbc5210126f5cdb5f4c00c78f1858dfbc54040d757fb43c718d,completed,False,,,
rdfs,1,1000,70210,EXT-Q44,trust,core,authorities,data_owner,confidential,set_union,edge1|edge2|edge3,3,28.851445,69.27086,10,,106b6808e582efd6a78626f18c7807191e7a08ebe629f87847227d80e6ce6f19,completed,False,,,
rdfs,1,1000,70210,EXT-Q45,trust,core,authorities,data_owner,confidential,set_union,edge1|edge2|edge3,3,57.619222,161.53912,0,,e3b0c44298fc1c149afbf4c8996fb92427ae41e4649b934ca495991b7852b855,completed,False,,,
rdfs,1,1000,70210,EXT-Q46,decision,core,authorities,data_owner,confidential,set_union,edge1|edge2|edge3,3,38.720945,92.633535,11,,497649f7b7fb5bb312db17c133552fcb5363c177bcdf3a7d4da3f9e09d27ef3a,completed,False,,,
rdfs,1,1000,70210,EXT-Q47,decision,core,authorities,data_owner,confidential,set_union,edge1|edge2|edge3,3,38.070334,96.64763,0,,e3b0c44298fc1c149afbf4c8996fb92427ae41e4649b934ca495991b7852b855,completed,False,,,
rdfs,1,1000,70210,EXT-Q48,decision,core,authorities,data_owner,confidential,set_union,edge1|edge2|edge3,3,34.101463,96.25339100000001,0,,e3b0c44298fc1c149afbf4c8996fb92427ae41e4649b934ca495991b7852b855,completed,False,,,
rdfs,1,1000,70210,EXT-Q49,decision,core,authorities,data_owner,confidential,set_union,edge1|edge2|edge3,3,31.209648,88.301423,8,,61a1a998385e4071933469d06cffd5e2cd092016daefcdce08d2e38a8bf4d078,completed,False,,,
rdfs,1,1000,70210,EXT-Q50,decision,core,authorities,data_owner,confidential,set_union,edge1|edge2|edge3,3,34.30724,99.56061299999999,0,,e3b0c44298fc1c149afbf4c8996fb92427ae41e4649b934ca495991b7852b855,completed,False,,,
rdfs,1,1000,70210,EXT-Q51,decision,core,authorities,data_owner,confidential,set_union,edge1|edge2|edge3,3,31.517352,77.56745599999999,32,,d96e9e0968e2bb5a55d9ce98a9e9522d5cb6082d083dcb5d8b65c30d87614d48,completed,False,,,
rdfs,1,1000,70210,EXT-Q52,decision,core,authorities,data_owner,confidential,set_union,edge1|edge2|edge3,3,30.060703,74.124823,32,,e4cc722951be46789eb75264501a53ba96774192510017491e856efc76f0aa19,completed,False,,,
rdfs,1,1000,70210,EXT-Q53,decision,core,authorities,data_owner,confidential,set_union,edge1|edge2|edge3,3,50.880889,146.346115,0,,e3b0c44298fc1c149afbf4c8996fb92427ae41e4649b934ca495991b7852b855,completed,False,,,
rdfs,1,1000,70210,EXT-Q54,decision,domain,authorities,data_owner,restricted,set_union,edge1|edge2|edge3,3,131.343074,389.811401,0,,e3b0c44298fc1c149afbf4c8996fb92427ae41e4649b934ca495991b7852b855,completed,False,,,
rdfs,1,1000,70210,EXT-Q55,decision,core,authorities,data_owner,confidential,set_union,edge1|edge2|edge3,3,20.972833,59.276154000000005,8,,8c3e48566f94616cee569d9b5812ba30ec566c1adc22c2c92d13749c523df534,completed,False,,,
rdfs,1,1000,70210,EXT-Q56,decision,core,authorities,data_owner,confidential,set_union,edge1|edge2|edge3,3,49.549537,145.804227,0,,e3b0c44298fc1c149afbf4c8996fb92427ae41e4649b934ca495991b7852b855,completed,False,,,
rdfs,1,1000,70210,EXT-Q57,decision,core,authorities,data_owner,confidential,set_union,edge1|edge2|edge3,3,25.128328,63.97281,7,,058d2944c03f01a48917edc20c871d5f86e2b184778cd894bf433e94a8ffca12,completed,False,,,
rdfs,1,1000,70210,EXT-Q58,decision,core,authorities,data_owner,confidential,set_union,edge1|edge2|edge3,3,29.996334,88.392444,7,,5a003716962d1299d69dd1de460f6a48eb40b34fbbb1eeb486379f039621a795,completed,False,,,
rdfs,1,1000,70210,EXT-Q59,adaptation,core,authorities,data_owner,confidential,set_union,edge1|edge2|edge3,3,67.310593,142.99664,35,,13174fdc62dcf1fb82964d21f2ae1d433999faabd3565ac32b4f7d156d1f54ee,completed,False,,,
rdfs,1,1000,70210,EXT-Q60,adaptation,core,authorities,data_owner,confidential,set_union,edge1|edge2|edge3,3,29.151093,81.986014,1,,285931564bf116179a45da920fdf958a3347ea1df763213bb7e2afba77c47d16,completed,False,,,
rdfs,1,1000,70210,EXT-Q61,adaptation,core,authorities,data_owner,confidential,set_union,edge1|edge2|edge3,3,8.135092,24.208972000000003,0,,e3b0c44298fc1c149afbf4c8996fb92427ae41e4649b934ca495991b7852b855,completed,False,,,
rdfs,1,1000,70210,EXT-Q62,adaptation,core,authorities,data_owner,confidential,set_union,edge1|edge2|edge3,3,22.745815,67.07649,1,,3dafef0eca79c68f05b79939f40198bc13232639d500d3e9875bc263b0f00d4d,completed,False,,,
rdfs,1,1000,70210,EXT-Q63,delegation,core,authorities,data_owner,confidential,set_union,edge1|edge2|edge3,3,25.051648,72.710936,1,,d4b4c3785ae985658dfc4a4433dd002e5aec5a2321080af4e85474c06a3404f5,completed,False,,,
rdfs,1,1000,70210,EXT-Q64,delegation,core,authorities,data_owner,confidential,set_union,edge1|edge2|edge3,3,21.986278,62.477785,0,,e3b0c44298fc1c149afbf4c8996fb92427ae41e4649b934ca495991b7852b855,completed,False,,,
rdfs,1,1000,70210,EXT-Q65,delegation,core,authorities,data_owner,confidential,set_union,edge1|edge2|edge3,3,13.319241,38.893534,0,,e3b0c44298fc1c149afbf4c8996fb92427ae41e4649b934ca495991b7852b855,completed,False,,,
rdfs,1,1000,70210,EXT-Q66,federation,core,authorities,data_owner,confidential,set_union,edge1|edge2|edge3,3,26.422204,73.875252,2,,1a9af60cfbb87dd79b68021c3d70e1ee6f230e648f1ad6360ef50fffd374b4df,completed,False,,,
rdfs,1,1000,70210,EXT-Q67,federation,core,authorities,data_owner,confidential,set_union,edge1|edge2|edge3,3,39.774482,115.73484400000001,0,,e3b0c44298fc1c149afbf4c8996fb92427ae41e4649b934ca495991b7852b855,completed,False,,,
rdfs,1,1000,70210,EXT-Q68,federation,core,authorities,data_owner,confidential,set_union,edge1|edge2|edge3,3,25.235871,73.392345,0,,e3b0c44298fc1c149afbf4c8996fb92427ae41e4649b934ca495991b7852b855,completed,False,,,
rdfs,1,1000,70210,EXT-Q69,federation,core,authorities,data_owner,confidential,set_union,edge1|edge2|edge3,3,29.320629,86.101925,2,,8271d93912e320b11a3ca6d70e5061d5132abb26053b022198090871531d61eb,completed,False,,,
rdfs,1,1000,70210,EXT-Q70,audit_temporal,core,authorities,data_owner,confidential,set_union,edge1|edge2|edge3,3,115.707499,188.561858,204,,01824916f48e90d6c6df066f2950c4d8a2e2d6f71ba4af556d43e8921ae41930,completed,False,,,
rdfs,1,1000,70210,EXT-Q71,audit_temporal,core,authorities,data_owner,confidential,set_union,edge1|edge2|edge3,3,42.444741,110.773617,0,,e3b0c44298fc1c149afbf4c8996fb92427ae41e4649b934ca495991b7852b855,completed,False,,,
rdfs,1,1000,70210,EXT-Q72,audit_temporal,core,authorities,data_owner,confidential,set_union,edge1|edge2|edge3,3,29.783018,83.100161,0,,e3b0c44298fc1c149afbf4c8996fb92427ae41e4649b934ca495991b7852b855,completed,False,,,
rdfs,1,1000,70210,EXT-Q73,audit_temporal,core,authorities,data_owner,confidential,set_union,edge1|edge2|edge3,3,1691.858129,4694.284217,9137,,ec63485cc69415da5d42a39d5594d2c4e7ad134d1f49c68569aaf7187ea15195,completed,False,,,
rdfs,1,1000,70210,EXT-Q74,audit_temporal,core,authorities,data_owner,confidential,set_union,edge1|edge2|edge3,3,2011.535795,5903.894323,0,,e3b0c44298fc1c149afbf4c8996fb92427ae41e4649b934ca495991b7852b855,completed,False,,,
rdfs,1,1000,70210,EXT-Q75,validation,core,cloud,global,internal,single,cloud,1,17.471928,17.471928,74,,8dd432df42d733f2411b2aebc51682848ddadc97425c41088f0a99090f77f1c0,completed,False,,,
rdfs,1,1000,70210,EXT-Q76,validation,core,cloud,global,internal,single,cloud,1,17.451921,17.451921,9,,50bf3d3f7f446e045722279f6d243ecc804cd2cf73b381d9c89f530b567855ea,completed,False,,,
rdfs,1,1000,70210,EXT-Q77,validation,core,cloud,global,internal,single,cloud,1,28.460009,28.460009,6,,ba52fb52449a77784e328f0aaa19807ddd9156c7457ea722a8af2f2082dce9ad,completed,False,,,
rdfs,1,1000,70210,EXT-Q78,policy_governance,core,cloud,global,internal,single,cloud,1,12.51296,12.51296,37,,dc49d089c1cfb621b31177ad5794c8ca7638f40689eba56af4f4ea2a38c683f1,completed,False,,,
rdfs,1,1000,70210,EXT-Q79,policy_governance,core,cloud,global,internal,single,cloud,1,10.115148,10.115148,0,,e3b0c44298fc1c149afbf4c8996fb92427ae41e4649b934ca495991b7852b855,completed,False,,,
rdfs,1,1000,70210,EXT-Q80,validation,core,cloud,global,internal,single,cloud,1,32.712685,32.712685,13,,29f568d3556dc47edef378afb04137d72867c6c2c8e31190e3839b9757187b0b,completed,False,,,
rdfs,2,1000,70210,BASE-Q01,identity_consent,core,authorities,data_owner,confidential,set_union,edge1|edge2|edge3,3,163.080241,485.96159,1004,,961d2a31138e1448ab934e47fc862258aa0e626dc4abef7eeaf396a53d898ec3,completed,False,,,
rdfs,2,1000,70210,BASE-Q02,topology,core,authority_key:http://example.org/smartcity#UserB,data_owner,confidential,single,edge2,1,24.155759,24.155759,20,,ca0ab9be224d80531e336d6db23ad2d662b9687ff746663e404aa175453022fc,completed,False,,,
rdfs,2,1000,70210,BASE-Q03,wellbeing,domain,authorities,data_owner,restricted,set_union,edge1|edge2|edge3,3,114.410277,341.598883,1004,,a50bc87eb0e3d58e491ebcc36ae6e08f32f5162a1eaddd5e452fe1ae464798a2,completed,False,,,
rdfs,2,1000,70210,BASE-Q04,decision,core,authority_key:http://example.org/smartcity#UserB,data_owner,confidential,single,edge2,1,22.086407,22.086407,7,,cc222a87554e870ffae43cba023647670c0589b8ec1b4500dd1d797a399c3bf2,completed,False,,,
rdfs,2,1000,70210,BASE-Q05,wellbeing,domain,authorities,data_owner,restricted,set_union,edge1|edge2|edge3,3,19.65974,56.70004,5,,4b096b851fd9e6935d2e2e6c7bd57464c473db58008af4b34e60338033a84d23,completed,False,,,
rdfs,2,1000,70210,BASE-Q06,identity_consent,core,cloud,global,internal,single,cloud,1,4.379077,4.379077,10,,f8aebcef3bdb5c68142d34426190fd6a36c4b31394471c9c7602e6c19e67ff84,completed,False,,,
rdfs,2,1000,70210,BASE-Q07,observability,core,fog,regional,internal,single,fog,1,44.085629,44.085629,19,,e8f2d0aa692e60b387e08079d93d7f7fff94fbd86e65ef5819b9a65bd637981a,completed,False,,,
rdfs,2,1000,70210,BASE-Q08,observability,core,fog,regional,internal,single,fog,1,41.744519,41.744519,2,,6527f1e187dfa51f5dc78e109fe2d9fb47aed82a4ec8f897d1dda6ee6850aa0a,completed,False,,,
rdfs,2,1000,70210,BASE-Q09,wellbeing,domain,authorities,data_owner,restricted,set_union,edge1|edge2|edge3,3,241.516778,654.608016,1006,,5c864afe28cdd133d62f68ea011667b00010687999fed7bb60acc6c006f516b8,completed,False,,,
rdfs,2,1000,70210,BASE-Q10,observability,domain,authorities,data_owner,restricted,set_union,edge1|edge2|edge3,3,822.853962,2415.852831,1004,,3a8284b2a36f1c3cff6c7a21d37255640f9742f29431b28cbeb42dbbd900832f,completed,False,,,
rdfs,2,1000,70210,BASE-Q11,wellbeing,core,authority_key:http://example.org/smartcity#UserA,data_owner,confidential,single,edge1,1,15.004167,15.004167,1,,941d461ce01f2fa52ba95291e46e52524d75bd44e2b938eab7e81404936a8b7c,completed,False,,,
rdfs,2,1000,70210,BASE-Q12,adaptation,core,authorities,data_owner,confidential,set_union,edge1|edge2|edge3,3,22.279963,51.880573999999996,1,,ddcd6b8cd42f3d2e1f6aa052eeeca5d4423f9db85cdc91915481db3956dfffff,completed,False,,,
rdfs,2,1000,70210,BASE-Q13,adaptation,core,authorities,data_owner,confidential,set_union,edge1|edge2|edge3,3,18.915722,55.025207,1,,25e56d4be1969d1d6de5386e2c3ff26456f8069edb7847a9dc7e32a9b09c8948,completed,False,,,
rdfs,2,1000,70210,BASE-Q14,delegation,core,authority_key:http://example.org/smartcity#UserA,data_owner,confidential,single,edge1,1,16.749445,16.749445,1,,dcd8c3258e95549dde016df10cf22183c036214d75d30e686ca7ac2fb5ea3271,completed,False,,,
rdfs,2,1000,70210,BASE-Q15,identity_consent,core,authorities,data_owner,confidential,set_union,edge1|edge2|edge3,3,11.881148,34.793996,1,,7ac55bded7c8d1294bfcac4ddeb28b5921a8083a19185e216bf5d1c0d62bd370,completed,False,,,
rdfs,2,1000,70210,BASE-Q16,federation,core,authorities,data_owner,confidential,set_union,edge1|edge2|edge3,3,33.113449,84.509764,3,,550eeca87dc96402bbed090f1737eaacfb6b27d2290401797018cbcf303b8147,completed,False,,,
rdfs,2,1000,70210,BASE-Q17,context_zones,domain,authorities,data_owner,restricted,set_union,edge1|edge2|edge3,3,47.887986,99.132763,1,,50b7b5a085e0802a1897953a959e0c9ea4c5f943dc26de55b2219ea7deac4b89,completed,False,,,
rdfs,2,1000,70210,BASE-Q18,context_zones,core,authorities,data_owner,confidential,set_union,edge1|edge2|edge3,3,10.777532,31.805569000000002,1,,200d4d55bb0d8b9374961d2df3fa99d83d8caf54dc79a7784bb84dd44b081eda,completed,False,,,
rdfs,2,1000,70210,BASE-Q19,decision,core,fog,regional,internal,single,fog,1,166.121352,166.121352,14,,d653cc97aec65db423a153821e48534993e1bb0eea1ae3582c3e43e91a7a4881,completed,False,,,
rdfs,2,1000,70210,BASE-Q20,identity_consent,domain,authorities,data_owner,restricted,set_union,edge1|edge2|edge3,3,206.557593,616.163146,1004,,b9c92a528ed99fe32b59d1423f08cfeca1bae3d920e8d3d23c344edea0754ef0,completed,False,,,
rdfs,2,1000,70210,BASE-Q21,decision,core,authorities,data_owner,confidential,set_union,edge1|edge2|edge3,3,31.3875,84.20029199999999,11,,7fc13e36a90de226eedecbd26ccd453be5ba11798c2c5af4a7d857a15cbb7e1e,completed,False,,,
rdfs,2,1000,70210,BASE-Q22,adaptation,core,authorities,data_owner,confidential,set_union,edge1|edge2|edge3,3,34.366598,91.934246,3,,70205401426a8e8adbf4220710b3638c6a47af2e7e7264f0b771b1bcbb070e80,completed,False,,,
rdfs,2,1000,70210,BASE-Q23,topology,core,authorities,data_owner,confidential,set_union,edge1|edge2|edge3,3,197.360037,579.223923,1001,,a5b6a62f4a32c695cefef61522e29a0e2a63df4485485a1859f69b4091d69704,completed,False,,,
rdfs,2,1000,70210,BASE-Q24,federation,core,authorities,data_owner,confidential,set_union,edge1|edge2|edge3,3,40.816945,95.79801499999999,5,,0d4871d54d4eadbfa110f9223c2a6b641ea8c65326db34ade1288d5eab5ceb54,completed,False,,,
rdfs,2,1000,70210,BASE-Q25,identity_consent,core,authorities,data_owner,confidential,set_union,edge1|edge2|edge3,3,19.926303,47.118821,1,,4591a69ecb6837fd65b28a9688ad10f0fb7b8ca54c1a6ac395ef142fc831cfbf,completed,False,,,
rdfs,2,1000,70210,BASE-Q26,observability,core,fog,regional,internal,boolean_or,fog,1,5.817055,5.817055,1,True,35df7182aa6c75e0a1066245f679b81ec9ad05e9964a0684980a466c9cc63ac4,completed,False,,,
rdfs,2,1000,70210,BASE-Q27,adaptation,core,authorities,data_owner,confidential,boolean_or,edge1|edge2|edge3,3,9.181278,26.469417,1,True,35df7182aa6c75e0a1066245f679b81ec9ad05e9964a0684980a466c9cc63ac4,completed,False,,,
rdfs,2,1000,70210,BASE-Q28,identity_consent,domain,authorities,data_owner,restricted,boolean_or,edge1|edge2|edge3,3,55.963222,142.46635,0,False,92b91e0dd8f69dcc43f3c56062f944147504cf0d80f20c98005fda34c727fd7e,completed,False,,,
rdfs,2,1000,70210,BASE-Q29,topology,core,fog,regional,internal,boolean_or,fog,1,14.162814,14.162814,1,True,35df7182aa6c75e0a1066245f679b81ec9ad05e9964a0684980a466c9cc63ac4,completed,False,,,
rdfs,2,1000,70210,BASE-Q30,federation,core,authorities,data_owner,confidential,boolean_or,edge1|edge2|edge3,3,6.803323,19.985712,1,True,35df7182aa6c75e0a1066245f679b81ec9ad05e9964a0684980a466c9cc63ac4,completed,False,,,
rdfs,2,1000,70210,BASE-Q31,identity_consent,core,cloud,global,internal,single,cloud,1,13.372811,13.372811,3,,e58488661bb31eeed68b26401ebd5accf7e903b2aee284e0d4583cd308f09c44,completed,False,,,
rdfs,2,1000,70210,BASE-Q32,decision,core,fog,regional,internal,single,fog,1,16.421167,16.421167,4,,b91031de6b6257d2428b9195175f3c860291b874d6603c50eb4713a1b65b2628,completed,False,,,
rdfs,2,1000,70210,BASE-Q33,observability,core,authority_key:http://example.org/smartcity#UserB,data_owner,confidential,single,edge2,1,25.320241,25.320241,6,,c17c13c05197a9742f8294074e413468a475cce9ac8f0729d568f5e0608291c9,completed,False,,,
rdfs,2,1000,70210,BASE-Q34,topology,core,fog,regional,internal,single,fog,1,10.844315,10.844315,1,,7c66062f36ae31e8068455da76c0bb4f918e7f6b8ecee7cd8a7946f3b6047884,completed,False,,,
rdfs,2,1000,70210,BASE-Q35,delegation,core,authorities,data_owner,confidential,set_union,edge1|edge2|edge3,3,57.093796,114.832109,180,,496f817f7c8ccec2b677b93877c2e54259f1052bee3fa9bbc330cf1af1a46630,completed,False,,,
rdfs,2,1000,70210,EXT-Q01,semantic_schema,core,cloud,global,internal,single,cloud,1,13.483961,13.483961,6,,66d5edbbdc2282624ffec271a4a523a20fdc7331b886d2884edf86a885532bcc,completed,False,,,
rdfs,2,1000,70210,EXT-Q02,semantic_schema,core,cloud,global,internal,single,cloud,1,4.644553,4.644553,3,,81bea9a8c2d4cf1237d7fb131249cc18ec4ca629eeabaadbd5f0b9b58d3e3333,completed,False,,,
rdfs,2,1000,70210,EXT-Q03,policy_governance,core,cloud,global,internal,single,cloud,1,15.312524,15.312524,79,,d73ae3d5ddfcd345147bae778101c21ab13194fca3fa92ad08259d39931b66d5,completed,False,,,
rdfs,2,1000,70210,EXT-Q04,policy_governance,core,cloud,global,internal,single,cloud,1,14.816915,14.816915,55,,fced7e97d29b215a8321753998b7519dc1825dacc4af090c67ffc54bee4479bc,completed,False,,,
rdfs,2,1000,70210,EXT-Q05,semantic_schema,core,cloud,global,internal,single,cloud,1,16.822553,16.822553,17,,e0fc9190703b6a7b2695ddc448f5c7e54c4feeff2545477c3194ebfd8ccb1f0c,completed,False,,,
rdfs,2,1000,70210,EXT-Q06,semantic_schema,core,cloud,global,internal,single,cloud,1,4.756033,4.756033,12,,1377568d225cfb45a1899c2ea951adf7ebda5ada4e188dbf5f114110484fa3ae,completed,False,,,
rdfs,2,1000,70210,EXT-Q07,policy_governance,core,cloud,global,internal,single,cloud,1,8.895514,8.895514,67,,c3cf27e703656fdaa8295f23b31076c1afcb14a5022b1b47538e2961fe033646,completed,False,,,
rdfs,2,1000,70210,EXT-Q08,policy_governance,core,cloud,global,internal,single,cloud,1,55.537667,55.537667,1089,,cb9e0103c9327f1c4691ec9d7612deebd04c0e73140f23e2a6209bb8af1efc51,completed,False,,,
rdfs,2,1000,70210,EXT-Q09,policy_governance,core,cloud,global,internal,single,cloud,1,14.58359,14.58359,6,,68de07660e010156bf3f3ea01000180657c8e8fc155ac9a053c3a64dbc538102,completed,False,,,
rdfs,2,1000,70210,EXT-Q10,policy_governance,core,cloud,global,internal,single,cloud,1,53.174321,53.174321,0,,e3b0c44298fc1c149afbf4c8996fb92427ae41e4649b934ca495991b7852b855,completed,False,,,
rdfs,2,1000,70210,EXT-Q11,identity_consent,core,authorities,data_owner,confidential,set_union,edge1|edge2|edge3,3,173.305408,511.925343,1025,,cde5c4644950b6999d9356b275f978f0ef3730836ffe9f84a58a5867853e0e45,completed,False,,,
rdfs,2,1000,70210,EXT-Q12,identity_consent,core,authorities,data_owner,confidential,set_union,edge1|edge2|edge3,3,174.131667,512.934231,1028,,9ea1992c2211c1f23f0ba1a748da72282da84b7f7ab41e01ce7999cd716583ba,completed,False,,,
rdfs,2,1000,70210,EXT-Q13,identity_consent,core,authorities,data_owner,confidential,set_union,edge1|edge2|edge3,3,251.895037,745.32313,0,,e3b0c44298fc1c149afbf4c8996fb92427ae41e4649b934ca495991b7852b855,completed,False,,,
rdfs,2,1000,70210,EXT-Q14,identity_consent,core,authorities,data_owner,confidential,set_union,edge1|edge2|edge3,3,275.512315,771.555435,0,,e3b0c44298fc1c149afbf4c8996fb92427ae41e4649b934ca495991b7852b855,completed,False,,,
rdfs,2,1000,70210,EXT-Q15,identity_consent,core,authorities,data_owner,confidential,set_union,edge1|edge2|edge3,3,5181.977201,15438.760888,0,,e3b0c44298fc1c149afbf4c8996fb92427ae41e4649b934ca495991b7852b855,completed,False,,,
rdfs,2,1000,70210,EXT-Q16,identity_consent,core,authorities,data_owner,confidential,set_union,edge1|edge2|edge3,3,3328.460368,9977.223972,0,,e3b0c44298fc1c149afbf4c8996fb92427ae41e4649b934ca495991b7852b855,completed,False,,,
rdfs,2,1000,70210,EXT-Q17,identity_consent,core,authorities,data_owner,confidential,set_union,edge1|edge2|edge3,3,57.541278,119.534706,8,,3071bd3ad9cc1daac2632f317152a64e2d9d9e0d189068465ece1f8c3872334f,completed,False,,,
rdfs,2,1000,70210,EXT-Q18,identity_consent,core,authorities,data_owner,confidential,set_union,edge1|edge2|edge3,3,296.14163,885.18102,0,,e3b0c44298fc1c149afbf4c8996fb92427ae41e4649b934ca495991b7852b855,completed,False,,,
rdfs,2,1000,70210,EXT-Q19,identity_consent,core,authorities,data_owner,confidential,set_union,edge1|edge2|edge3,3,197.434025,562.280969,0,,e3b0c44298fc1c149afbf4c8996fb92427ae41e4649b934ca495991b7852b855,completed,False,,,
rdfs,2,1000,70210,EXT-Q20,identity_consent,core,authorities,data_owner,confidential,set_union,edge1|edge2|edge3,3,13.448112,38.933794,0,,e3b0c44298fc1c149afbf4c8996fb92427ae41e4649b934ca495991b7852b855,completed,False,,,
rdfs,2,1000,70210,EXT-Q21,identity_consent,core,authorities,data_owner,confidential,set_union,edge1|edge2|edge3,3,23.128037,67.403213,42,,5f5f842f77c77fd4daaf1aeead5ac66f83ba3baa3a0c30af7c9fc75f471e69cc,completed,False,,,
rdfs,2,1000,70210,EXT-Q22,security_identity,domain,authorities,data_owner,restricted,set_union,edge1|edge2|edge3,3,944.736574,2616.256046,0,,e3b0c44298fc1c149afbf4c8996fb92427ae41e4649b934ca495991b7852b855,completed,False,,,
rdfs,2,1000,70210,EXT-Q23,data_lifecycle,core,authorities,data_owner,confidential,set_union,edge1|edge2|edge3,3,34.530376,86.569135,3,,3955e7b96dea26719774b2d2a200be73c38cf84521f9352a6b96ed1af0a71d7a,completed,False,,,
rdfs,2,1000,70210,EXT-Q24,data_lifecycle,core,authorities,data_owner,confidential,set_union,edge1|edge2|edge3,3,266.98774,775.9248829999999,1002,,d26bb96b68475adcfcdc97daccd35c3ee1e911735072d8e4e028866042f80c61,completed,False,,,
rdfs,2,1000,70210,EXT-Q25,data_lifecycle,domain,authorities,data_owner,restricted,set_union,edge1|edge2|edge3,3,381.453148,1133.098006,0,,e3b0c44298fc1c149afbf4c8996fb92427ae41e4649b934ca495991b7852b855,completed,False,,,
rdfs,2,1000,70210,EXT-Q26,security_identity,core,authorities,data_owner,confidential,set_union,edge1|edge2|edge3,3,1749.32028,5211.386759,1004,,3804f2120ffebab207f751cc61dae69eb8c7a5d75dd28a8f7ea53333ffe7ec19,completed,False,,,
rdfs,2,1000,70210,EXT-Q27,security_identity,core,authorities,data_owner,confidential,set_union,edge1|edge2|edge3,3,44.208055,115.767026,0,,e3b0c44298fc1c149afbf4c8996fb92427ae41e4649b934ca495991b7852b855,completed,False,,,
rdfs,2,1000,70210,EXT-Q28,security_identity,core,authorities,data_owner,confidential,set_union,edge1|edge2|edge3,3,19.717167,57.002857000000006,0,,e3b0c44298fc1c149afbf4c8996fb92427ae41e4649b934ca495991b7852b855,completed,False,,,
rdfs,2,1000,70210,EXT-Q29,security_identity,core,cloud,global,internal,single,cloud,1,5.49976,5.49976,1,,5e56d4b1c34d01016304a6e8bc0397a3d6e7898ce43942ff1b6aab07b06810f2,completed,False,,,
rdfs,2,1000,70210,EXT-Q30,security_identity,core,cloud,global,internal,single,cloud,1,2.581914,2.581914,0,,e3b0c44298fc1c149afbf4c8996fb92427ae41e4649b934ca495991b7852b855,completed,False,,,
rdfs,2,1000,70210,EXT-Q31,data_lifecycle,core,authorities,data_owner,confidential,set_union,edge1|edge2|edge3,3,18.934907,55.365598,0,,e3b0c44298fc1c149afbf4c8996fb92427ae41e4649b934ca495991b7852b855,completed,False,,,
rdfs,2,1000,70210,EXT-Q32,data_lifecycle,core,authorities,data_owner,confidential,set_union,edge1|edge2|edge3,3,11.492778,33.606643,0,,e3b0c44298fc1c149afbf4c8996fb92427ae41e4649b934ca495991b7852b855,completed,False,,,
rdfs,2,1000,70210,EXT-Q33,data_lifecycle,core,authorities,data_owner,confidential,set_union,edge1|edge2|edge3,3,22.908648,67.855195,0,,e3b0c44298fc1c149afbf4c8996fb92427ae41e4649b934ca495991b7852b855,completed,False,,,
rdfs,2,1000,70210,EXT-Q34,data_lifecycle,core,authorities,data_owner,confidential,set_union,edge1|edge2|edge3,3,19.828648,56.96602300000001,0,,e3b0c44298fc1c149afbf4c8996fb92427ae41e4649b934ca495991b7852b855,completed,False,,,
rdfs,2,1000,70210,EXT-Q35,data_lifecycle,core,authorities,data_owner,confidential,set_union,edge1|edge2|edge3,3,88.854093,263.525128,1006,,acac449fa92e27e22dc24267dc2e4f0fe6ec73002c1e708d127b416974e8ac8d,completed,False,,,
rdfs,2,1000,70210,EXT-Q36,context_zones,core,authority_key:http://example.org/smartcity#UserA,data_owner,confidential,single,edge1,1,26.233741,26.233741,1,,b691a10c930fd32c789bb07f0f1fd7d606e3241b1fbe110ce3bb9c0f5b95cd37,completed,False,,,
rdfs,2,1000,70210,EXT-Q37,context_zones,domain,authorities,data_owner,restricted,set_union,edge1|edge2|edge3,3,94.867704,214.008222,0,,e3b0c44298fc1c149afbf4c8996fb92427ae41e4649b934ca495991b7852b855,completed,False,,,
rdfs,2,1000,70210,EXT-Q38,context_zones,domain,authorities,data_owner,restricted,set_union,edge1|edge2|edge3,3,45.172407,132.803685,1,,d0d58146bc80e4e03947b8200631e8b89fdb27ee77b2a31daf4bee1a10c44367,completed,False,,,
rdfs,2,1000,70210,EXT-Q39,context_zones,core,authority_key:http://example.org/smartcity#UserA,data_owner,confidential,single,edge1,1,15.682852,15.682852,5,,1ca154c8210da56b45e42825f86a318f53dc0325a456648a0db2cbcced59de18,completed,False,,,
rdfs,2,1000,70210,EXT-Q40,trust,core,fog,regional,internal,single,fog,1,33.914741,33.914741,17,,280bc0ca1f5dd3885dbb6f8fa3e0cf6824155cc72b18cdbfa420a8bf31252832,completed,False,,,
rdfs,2,1000,70210,EXT-Q41,trust,core,fog,regional,internal,single,fog,1,40.404704,40.404704,0,,e3b0c44298fc1c149afbf4c8996fb92427ae41e4649b934ca495991b7852b855,completed,False,,,
rdfs,2,1000,70210,EXT-Q42,trust,core,fog,regional,internal,single,fog,1,22.00424,22.00424,14,,32195a9183d826e40a163c26d60a4e81485d91f218e63dca7ac781a4ea86e857,completed,False,,,
rdfs,2,1000,70210,EXT-Q43,trust,core,fog,regional,internal,single,fog,1,38.670889,38.670889,17,,d66cbd33fe91bbbc5210126f5cdb5f4c00c78f1858dfbc54040d757fb43c718d,completed,False,,,
rdfs,2,1000,70210,EXT-Q44,trust,core,authorities,data_owner,confidential,set_union,edge1|edge2|edge3,3,28.61,68.986914,10,,106b6808e582efd6a78626f18c7807191e7a08ebe629f87847227d80e6ce6f19,completed,False,,,
rdfs,2,1000,70210,EXT-Q45,trust,core,authorities,data_owner,confidential,set_union,edge1|edge2|edge3,3,53.390241,158.11703,0,,e3b0c44298fc1c149afbf4c8996fb92427ae41e4649b934ca495991b7852b855,completed,False,,,
rdfs,2,1000,70210,EXT-Q46,decision,core,authorities,data_owner,confidential,set_union,edge1|edge2|edge3,3,38.450593,95.78961,11,,497649f7b7fb5bb312db17c133552fcb5363c177bcdf3a7d4da3f9e09d27ef3a,completed,False,,,
rdfs,2,1000,70210,EXT-Q47,decision,core,authorities,data_owner,confidential,set_union,edge1|edge2|edge3,3,37.960833,97.755685,0,,e3b0c44298fc1c149afbf4c8996fb92427ae41e4649b934ca495991b7852b855,completed,False,,,
rdfs,2,1000,70210,EXT-Q48,decision,core,authorities,data_owner,confidential,set_union,edge1|edge2|edge3,3,33.967852,95.579834,0,,e3b0c44298fc1c149afbf4c8996fb92427ae41e4649b934ca495991b7852b855,completed,False,,,
rdfs,2,1000,70210,EXT-Q49,decision,core,authorities,data_owner,confidential,set_union,edge1|edge2|edge3,3,28.179093,78.09706800000001,8,,61a1a998385e4071933469d06cffd5e2cd092016daefcdce08d2e38a8bf4d078,completed,False,,,
rdfs,2,1000,70210,EXT-Q50,decision,core,authorities,data_owner,confidential,set_union,edge1|edge2|edge3,3,33.088815,98.113281,0,,e3b0c44298fc1c149afbf4c8996fb92427ae41e4649b934ca495991b7852b855,completed,False,,,
rdfs,2,1000,70210,EXT-Q51,decision,core,authorities,data_owner,confidential,set_union,edge1|edge2|edge3,3,32.991055,81.249123,32,,d96e9e0968e2bb5a55d9ce98a9e9522d5cb6082d083dcb5d8b65c30d87614d48,completed,False,,,
rdfs,2,1000,70210,EXT-Q52,decision,core,authorities,data_owner,confidential,set_union,edge1|edge2|edge3,3,29.934333,73.711786,32,,e4cc722951be46789eb75264501a53ba96774192510017491e856efc76f0aa19,completed,False,,,
rdfs,2,1000,70210,EXT-Q53,decision,core,authorities,data_owner,confidential,set_union,edge1|edge2|edge3,3,51.214685,147.967041,0,,e3b0c44298fc1c149afbf4c8996fb92427ae41e4649b934ca495991b7852b855,completed,False,,,
rdfs,2,1000,70210,EXT-Q54,decision,domain,authorities,data_owner,restricted,set_union,edge1|edge2|edge3,3,132.067906,393.456091,0,,e3b0c44298fc1c149afbf4c8996fb92427ae41e4649b934ca495991b7852b855,completed,False,,,
rdfs,2,1000,70210,EXT-Q55,decision,core,authorities,data_owner,confidential,set_union,edge1|edge2|edge3,3,20.755741,58.897746,8,,8c3e48566f94616cee569d9b5812ba30ec566c1adc22c2c92d13749c523df534,completed,False,,,
rdfs,2,1000,70210,EXT-Q56,decision,core,authorities,data_owner,confidential,set_union,edge1|edge2|edge3,3,51.756463,148.41204199999999,0,,e3b0c44298fc1c149afbf4c8996fb92427ae41e4649b934ca495991b7852b855,completed,False,,,
rdfs,2,1000,70210,EXT-Q57,decision,core,authorities,data_owner,confidential,set_union,edge1|edge2|edge3,3,19.520648,56.785523,7,,058d2944c03f01a48917edc20c871d5f86e2b184778cd894bf433e94a8ffca12,completed,False,,,
rdfs,2,1000,70210,EXT-Q58,decision,core,authorities,data_owner,confidential,set_union,edge1|edge2|edge3,3,29.849186,87.704759,7,,5a003716962d1299d69dd1de460f6a48eb40b34fbbb1eeb486379f039621a795,completed,False,,,
rdfs,2,1000,70210,EXT-Q59,adaptation,core,authorities,data_owner,confidential,set_union,edge1|edge2|edge3,3,67.508074,143.744104,35,,13174fdc62dcf1fb82964d21f2ae1d433999faabd3565ac32b4f7d156d1f54ee,completed,False,,,
rdfs,2,1000,70210,EXT-Q60,adaptation,core,authorities,data_owner,confidential,set_union,edge1|edge2|edge3,3,27.896129,78.545198,1,,285931564bf116179a45da920fdf958a3347ea1df763213bb7e2afba77c47d16,completed,False,,,
rdfs,2,1000,70210,EXT-Q61,adaptation,core,authorities,data_owner,confidential,set_union,edge1|edge2|edge3,3,8.96963,25.968252,0,,e3b0c44298fc1c149afbf4c8996fb92427ae41e4649b934ca495991b7852b855,completed,False,,,
rdfs,2,1000,70210,EXT-Q62,adaptation,core,authorities,data_owner,confidential,set_union,edge1|edge2|edge3,3,22.769148,65.97095300000001,1,,3dafef0eca79c68f05b79939f40198bc13232639d500d3e9875bc263b0f00d4d,completed,False,,,
rdfs,2,1000,70210,EXT-Q63,delegation,core,authorities,data_owner,confidential,set_union,edge1|edge2|edge3,3,26.003926,73.078195,1,,d4b4c3785ae985658dfc4a4433dd002e5aec5a2321080af4e85474c06a3404f5,completed,False,,,
rdfs,2,1000,70210,EXT-Q64,delegation,core,authorities,data_owner,confidential,set_union,edge1|edge2|edge3,3,21.888482,62.2341,0,,e3b0c44298fc1c149afbf4c8996fb92427ae41e4649b934ca495991b7852b855,completed,False,,,
rdfs,2,1000,70210,EXT-Q65,delegation,core,authorities,data_owner,confidential,set_union,edge1|edge2|edge3,3,12.818333,38.048553,0,,e3b0c44298fc1c149afbf4c8996fb92427ae41e4649b934ca495991b7852b855,completed,False,,,
rdfs,2,1000,70210,EXT-Q66,federation,core,authorities,data_owner,confidential,set_union,edge1|edge2|edge3,3,25.419982,73.50936300000001,2,,1a9af60cfbb87dd79b68021c3d70e1ee6f230e648f1ad6360ef50fffd374b4df,completed,False,,,
rdfs,2,1000,70210,EXT-Q67,federation,core,authorities,data_owner,confidential,set_union,edge1|edge2|edge3,3,39.995606,118.355162,0,,e3b0c44298fc1c149afbf4c8996fb92427ae41e4649b934ca495991b7852b855,completed,False,,,
rdfs,2,1000,70210,EXT-Q68,federation,core,authorities,data_owner,confidential,set_union,edge1|edge2|edge3,3,25.150537,73.79784599999999,0,,e3b0c44298fc1c149afbf4c8996fb92427ae41e4649b934ca495991b7852b855,completed,False,,,
rdfs,2,1000,70210,EXT-Q69,federation,core,authorities,data_owner,confidential,set_union,edge1|edge2|edge3,3,28.155055,81.35381100000001,2,,8271d93912e320b11a3ca6d70e5061d5132abb26053b022198090871531d61eb,completed,False,,,
rdfs,2,1000,70210,EXT-Q70,audit_temporal,core,authorities,data_owner,confidential,set_union,edge1|edge2|edge3,3,110.698408,192.264723,204,,01824916f48e90d6c6df066f2950c4d8a2e2d6f71ba4af556d43e8921ae41930,completed,False,,,
rdfs,2,1000,70210,EXT-Q71,audit_temporal,core,authorities,data_owner,confidential,set_union,edge1|edge2|edge3,3,42.413426,112.90370999999999,0,,e3b0c44298fc1c149afbf4c8996fb92427ae41e4649b934ca495991b7852b855,completed,False,,,
rdfs,2,1000,70210,EXT-Q72,audit_temporal,core,authorities,data_owner,confidential,set_union,edge1|edge2|edge3,3,31.140685,83.870034,0,,e3b0c44298fc1c149afbf4c8996fb92427ae41e4649b934ca495991b7852b855,completed,False,,,
rdfs,2,1000,70210,EXT-Q73,audit_temporal,core,authorities,data_owner,confidential,set_union,edge1|edge2|edge3,3,1500.071444,4460.798665,9137,,ec63485cc69415da5d42a39d5594d2c4e7ad134d1f49c68569aaf7187ea15195,completed,False,,,
rdfs,2,1000,70210,EXT-Q74,audit_temporal,core,authorities,data_owner,confidential,set_union,edge1|edge2|edge3,3,1968.893091,5868.976145,0,,e3b0c44298fc1c149afbf4c8996fb92427ae41e4649b934ca495991b7852b855,completed,False,,,
rdfs,2,1000,70210,EXT-Q75,validation,core,cloud,global,internal,single,cloud,1,18.32871,18.32871,74,,8dd432df42d733f2411b2aebc51682848ddadc97425c41088f0a99090f77f1c0,completed,False,,,
rdfs,2,1000,70210,EXT-Q76,validation,core,cloud,global,internal,single,cloud,1,4.95396,4.95396,9,,50bf3d3f7f446e045722279f6d243ecc804cd2cf73b381d9c89f530b567855ea,completed,False,,,
rdfs,2,1000,70210,EXT-Q77,validation,core,cloud,global,internal,single,cloud,1,9.368986,9.368986,6,,ba52fb52449a77784e328f0aaa19807ddd9156c7457ea722a8af2f2082dce9ad,completed,False,,,
rdfs,2,1000,70210,EXT-Q78,policy_governance,core,cloud,global,internal,single,cloud,1,45.267932,45.267932,37,,dc49d089c1cfb621b31177ad5794c8ca7638f40689eba56af4f4ea2a38c683f1,completed,False,,,
rdfs,2,1000,70210,EXT-Q79,policy_governance,core,cloud,global,internal,single,cloud,1,10.268334,10.268334,0,,e3b0c44298fc1c149afbf4c8996fb92427ae41e4649b934ca495991b7852b855,completed,False,,,
rdfs,2,1000,70210,EXT-Q80,validation,core,cloud,global,internal,single,cloud,1,34.144451,34.144451,13,,29f568d3556dc47edef378afb04137d72867c6c2c8e31190e3839b9757187b0b,completed,False,,,
rdfs,3,1000,70210,BASE-Q01,identity_consent,core,authorities,data_owner,confidential,set_union,edge1|edge2|edge3,3,166.132463,490.01816499999995,1004,,961d2a31138e1448ab934e47fc862258aa0e626dc4abef7eeaf396a53d898ec3,completed,False,,,
rdfs,3,1000,70210,BASE-Q02,topology,core,authority_key:http://example.org/smartcity#UserB,data_owner,confidential,single,edge2,1,24.838833,24.838833,20,,ca0ab9be224d80531e336d6db23ad2d662b9687ff746663e404aa175453022fc,completed,False,,,
rdfs,3,1000,70210,BASE-Q03,wellbeing,domain,authorities,data_owner,restricted,set_union,edge1|edge2|edge3,3,114.75587,342.37116000000003,1004,,a50bc87eb0e3d58e491ebcc36ae6e08f32f5162a1eaddd5e452fe1ae464798a2,completed,False,,,
rdfs,3,1000,70210,BASE-Q04,decision,core,authority_key:http://example.org/smartcity#UserB,data_owner,confidential,single,edge2,1,22.287814,22.287814,7,,cc222a87554e870ffae43cba023647670c0589b8ec1b4500dd1d797a399c3bf2,completed,False,,,
rdfs,3,1000,70210,BASE-Q05,wellbeing,domain,authorities,data_owner,restricted,set_union,edge1|edge2|edge3,3,19.768963,57.850746,5,,4b096b851fd9e6935d2e2e6c7bd57464c473db58008af4b34e60338033a84d23,completed,False,,,
rdfs,3,1000,70210,BASE-Q06,identity_consent,core,cloud,global,internal,single,cloud,1,3.975507,3.975507,10,,f8aebcef3bdb5c68142d34426190fd6a36c4b31394471c9c7602e6c19e67ff84,completed,False,,,
rdfs,3,1000,70210,BASE-Q07,observability,core,fog,regional,internal,single,fog,1,44.056649,44.056649,19,,e8f2d0aa692e60b387e08079d93d7f7fff94fbd86e65ef5819b9a65bd637981a,completed,False,,,
rdfs,3,1000,70210,BASE-Q08,observability,core,fog,regional,internal,single,fog,1,41.595222,41.595222,2,,6527f1e187dfa51f5dc78e109fe2d9fb47aed82a4ec8f897d1dda6ee6850aa0a,completed,False,,,
rdfs,3,1000,70210,BASE-Q09,wellbeing,domain,authorities,data_owner,restricted,set_union,edge1|edge2|edge3,3,206.719074,615.680774,1006,,5c864afe28cdd133d62f68ea011667b00010687999fed7bb60acc6c006f516b8,completed,False,,,
rdfs,3,1000,70210,BASE-Q10,observability,domain,authorities,data_owner,restricted,set_union,edge1|edge2|edge3,3,790.44437,2347.131663,1004,,3a8284b2a36f1c3cff6c7a21d37255640f9742f29431b28cbeb42dbbd900832f,completed,False,,,
rdfs,3,1000,70210,BASE-Q11,wellbeing,core,authority_key:http://example.org/smartcity#UserA,data_owner,confidential,single,edge1,1,14.577926,14.577926,1,,941d461ce01f2fa52ba95291e46e52524d75bd44e2b938eab7e81404936a8b7c,completed,False,,,
rdfs,3,1000,70210,BASE-Q12,adaptation,core,authorities,data_owner,confidential,set_union,edge1|edge2|edge3,3,15.004556,43.463575,1,,ddcd6b8cd42f3d2e1f6aa052eeeca5d4423f9db85cdc91915481db3956dfffff,completed,False,,,
rdfs,3,1000,70210,BASE-Q13,adaptation,core,authorities,data_owner,confidential,set_union,edge1|edge2|edge3,3,18.7585,54.758522,1,,25e56d4be1969d1d6de5386e2c3ff26456f8069edb7847a9dc7e32a9b09c8948,completed,False,,,
rdfs,3,1000,70210,BASE-Q14,delegation,core,authority_key:http://example.org/smartcity#UserA,data_owner,confidential,single,edge1,1,16.780093,16.780093,1,,dcd8c3258e95549dde016df10cf22183c036214d75d30e686ca7ac2fb5ea3271,completed,False,,,
rdfs,3,1000,70210,BASE-Q15,identity_consent,core,authorities,data_owner,confidential,set_union,edge1|edge2|edge3,3,12.086963,35.475496,1,,7ac55bded7c8d1294bfcac4ddeb28b5921a8083a19185e216bf5d1c0d62bd370,completed,False,,,
rdfs,3,1000,70210,BASE-Q16,federation,core,authorities,data_owner,confidential,set_union,edge1|edge2|edge3,3,27.306833,76.252215,3,,550eeca87dc96402bbed090f1737eaacfb6b27d2290401797018cbcf303b8147,completed,False,,,
rdfs,3,1000,70210,BASE-Q17,context_zones,domain,authorities,data_owner,restricted,set_union,edge1|edge2|edge3,3,42.82735,94.13857200000001,1,,50b7b5a085e0802a1897953a959e0c9ea4c5f943dc26de55b2219ea7deac4b89,completed,False,,,
rdfs,3,1000,70210,BASE-Q18,context_zones,core,authorities,data_owner,confidential,set_union,edge1|edge2|edge3,3,11.142111,31.861403000000003,1,,200d4d55bb0d8b9374961d2df3fa99d83d8caf54dc79a7784bb84dd44b081eda,completed,False,,,
rdfs,3,1000,70210,BASE-Q19,decision,core,fog,regional,internal,single,fog,1,37.911889,37.911889,14,,d653cc97aec65db423a153821e48534993e1bb0eea1ae3582c3e43e91a7a4881,completed,False,,,
rdfs,3,1000,70210,BASE-Q20,identity_consent,domain,authorities,data_owner,restricted,set_union,edge1|edge2|edge3,3,207.128741,614.911959,1004,,b9c92a528ed99fe32b59d1423f08cfeca1bae3d920e8d3d23c344edea0754ef0,completed,False,,,
rdfs,3,1000,70210,BASE-Q21,decision,core,authorities,data_owner,confidential,set_union,edge1|edge2|edge3,3,31.581463,85.409255,11,,7fc13e36a90de226eedecbd26ccd453be5ba11798c2c5af4a7d857a15cbb7e1e,completed,False,,,
rdfs,3,1000,70210,BASE-Q22,adaptation,core,authorities,data_owner,confidential,set_union,edge1|edge2|edge3,3,24.582129,71.219269,3,,70205401426a8e8adbf4220710b3638c6a47af2e7e7264f0b771b1bcbb070e80,completed,False,,,
rdfs,3,1000,70210,BASE-Q23,topology,core,authorities,data_owner,confidential,set_union,edge1|edge2|edge3,3,235.718723,618.373425,1001,,a5b6a62f4a32c695cefef61522e29a0e2a63df4485485a1859f69b4091d69704,completed,False,,,
rdfs,3,1000,70210,BASE-Q24,federation,core,authorities,data_owner,confidential,set_union,edge1|edge2|edge3,3,29.35074,81.320495,5,,0d4871d54d4eadbfa110f9223c2a6b641ea8c65326db34ade1288d5eab5ceb54,completed,False,,,
rdfs,3,1000,70210,BASE-Q25,identity_consent,core,authorities,data_owner,confidential,set_union,edge1|edge2|edge3,3,19.995247,51.052414,1,,4591a69ecb6837fd65b28a9688ad10f0fb7b8ca54c1a6ac395ef142fc831cfbf,completed,False,,,
rdfs,3,1000,70210,BASE-Q26,observability,core,fog,regional,internal,boolean_or,fog,1,5.922129,5.922129,1,True,35df7182aa6c75e0a1066245f679b81ec9ad05e9964a0684980a466c9cc63ac4,completed,False,,,
rdfs,3,1000,70210,BASE-Q27,adaptation,core,authorities,data_owner,confidential,boolean_or,edge1|edge2|edge3,3,8.898259,26.459529,1,True,35df7182aa6c75e0a1066245f679b81ec9ad05e9964a0684980a466c9cc63ac4,completed,False,,,
rdfs,3,1000,70210,BASE-Q28,identity_consent,domain,authorities,data_owner,restricted,boolean_or,edge1|edge2|edge3,3,54.370797,140.824501,0,False,92b91e0dd8f69dcc43f3c56062f944147504cf0d80f20c98005fda34c727fd7e,completed,False,,,
rdfs,3,1000,70210,BASE-Q29,topology,core,fog,regional,internal,boolean_or,fog,1,14.2545,14.2545,1,True,35df7182aa6c75e0a1066245f679b81ec9ad05e9964a0684980a466c9cc63ac4,completed,False,,,
rdfs,3,1000,70210,BASE-Q30,federation,core,authorities,data_owner,confidential,boolean_or,edge1|edge2|edge3,3,10.011569,23.508736,1,True,35df7182aa6c75e0a1066245f679b81ec9ad05e9964a0684980a466c9cc63ac4,completed,False,,,
rdfs,3,1000,70210,BASE-Q31,identity_consent,core,cloud,global,internal,single,cloud,1,13.552332,13.552332,3,,e58488661bb31eeed68b26401ebd5accf7e903b2aee284e0d4583cd308f09c44,completed,False,,,
rdfs,3,1000,70210,BASE-Q32,decision,core,fog,regional,internal,single,fog,1,16.405426,16.405426,4,,b91031de6b6257d2428b9195175f3c860291b874d6603c50eb4713a1b65b2628,completed,False,,,
rdfs,3,1000,70210,BASE-Q33,observability,core,authority_key:http://example.org/smartcity#UserB,data_owner,confidential,single,edge2,1,24.701222,24.701222,6,,c17c13c05197a9742f8294074e413468a475cce9ac8f0729d568f5e0608291c9,completed,False,,,
rdfs,3,1000,70210,BASE-Q34,topology,core,fog,regional,internal,single,fog,1,10.738074,10.738074,1,,7c66062f36ae31e8068455da76c0bb4f918e7f6b8ecee7cd8a7946f3b6047884,completed,False,,,
rdfs,3,1000,70210,BASE-Q35,delegation,core,authorities,data_owner,confidential,set_union,edge1|edge2|edge3,3,57.44963,115.293462,180,,496f817f7c8ccec2b677b93877c2e54259f1052bee3fa9bbc330cf1af1a46630,completed,False,,,
rdfs,3,1000,70210,EXT-Q01,semantic_schema,core,cloud,global,internal,single,cloud,1,6.656144,6.656144,6,,66d5edbbdc2282624ffec271a4a523a20fdc7331b886d2884edf86a885532bcc,completed,False,,,
rdfs,3,1000,70210,EXT-Q02,semantic_schema,core,cloud,global,internal,single,cloud,1,4.863897,4.863897,3,,81bea9a8c2d4cf1237d7fb131249cc18ec4ca629eeabaadbd5f0b9b58d3e3333,completed,False,,,
rdfs,3,1000,70210,EXT-Q03,policy_governance,core,cloud,global,internal,single,cloud,1,35.817338,35.817338,79,,d73ae3d5ddfcd345147bae778101c21ab13194fca3fa92ad08259d39931b66d5,completed,False,,,
rdfs,3,1000,70210,EXT-Q04,policy_governance,core,cloud,global,internal,single,cloud,1,97.412206,97.412206,55,,fced7e97d29b215a8321753998b7519dc1825dacc4af090c67ffc54bee4479bc,completed,False,,,
rdfs,3,1000,70210,EXT-Q05,semantic_schema,core,cloud,global,internal,single,cloud,1,17.011643,17.011643,17,,e0fc9190703b6a7b2695ddc448f5c7e54c4feeff2545477c3194ebfd8ccb1f0c,completed,False,,,
rdfs,3,1000,70210,EXT-Q06,semantic_schema,core,cloud,global,internal,single,cloud,1,3.554091,3.554091,12,,1377568d225cfb45a1899c2ea951adf7ebda5ada4e188dbf5f114110484fa3ae,completed,False,,,
rdfs,3,1000,70210,EXT-Q07,policy_governance,core,cloud,global,internal,single,cloud,1,11.850169,11.850169,67,,c3cf27e703656fdaa8295f23b31076c1afcb14a5022b1b47538e2961fe033646,completed,False,,,
rdfs,3,1000,70210,EXT-Q08,policy_governance,core,cloud,global,internal,single,cloud,1,55.165607,55.165607,1089,,cb9e0103c9327f1c4691ec9d7612deebd04c0e73140f23e2a6209bb8af1efc51,completed,False,,,
rdfs,3,1000,70210,EXT-Q09,policy_governance,core,cloud,global,internal,single,cloud,1,15.075664,15.075664,6,,68de07660e010156bf3f3ea01000180657c8e8fc155ac9a053c3a64dbc538102,completed,False,,,
rdfs,3,1000,70210,EXT-Q10,policy_governance,core,cloud,global,internal,single,cloud,1,38.800078,38.800078,0,,e3b0c44298fc1c149afbf4c8996fb92427ae41e4649b934ca495991b7852b855,completed,False,,,
rdfs,3,1000,70210,EXT-Q11,identity_consent,core,authorities,data_owner,confidential,set_union,edge1|edge2|edge3,3,173.797056,517.904603,1025,,cde5c4644950b6999d9356b275f978f0ef3730836ffe9f84a58a5867853e0e45,completed,False,,,
rdfs,3,1000,70210,EXT-Q12,identity_consent,core,authorities,data_owner,confidential,set_union,edge1|edge2|edge3,3,173.670426,513.651082,1028,,9ea1992c2211c1f23f0ba1a748da72282da84b7f7ab41e01ce7999cd716583ba,completed,False,,,
rdfs,3,1000,70210,EXT-Q13,identity_consent,core,authorities,data_owner,confidential,set_union,edge1|edge2|edge3,3,248.288056,740.87916,0,,e3b0c44298fc1c149afbf4c8996fb92427ae41e4649b934ca495991b7852b855,completed,False,,,
rdfs,3,1000,70210,EXT-Q14,identity_consent,core,authorities,data_owner,confidential,set_union,edge1|edge2|edge3,3,247.924222,739.475547,0,,e3b0c44298fc1c149afbf4c8996fb92427ae41e4649b934ca495991b7852b855,completed,False,,,
rdfs,3,1000,70210,EXT-Q15,identity_consent,core,authorities,data_owner,confidential,set_union,edge1|edge2|edge3,3,5214.975237,15474.872377,0,,e3b0c44298fc1c149afbf4c8996fb92427ae41e4649b934ca495991b7852b855,completed,False,,,
rdfs,3,1000,70210,EXT-Q16,identity_consent,core,authorities,data_owner,confidential,set_union,edge1|edge2|edge3,3,3354.892184,10041.326299,0,,e3b0c44298fc1c149afbf4c8996fb92427ae41e4649b934ca495991b7852b855,completed,False,,,
rdfs,3,1000,70210,EXT-Q17,identity_consent,core,authorities,data_owner,confidential,set_union,edge1|edge2|edge3,3,58.288963,120.31724200000001,8,,3071bd3ad9cc1daac2632f317152a64e2d9d9e0d189068465ece1f8c3872334f,completed,False,,,
rdfs,3,1000,70210,EXT-Q18,identity_consent,core,authorities,data_owner,confidential,set_union,edge1|edge2|edge3,3,323.493386,912.6036819999999,0,,e3b0c44298fc1c149afbf4c8996fb92427ae41e4649b934ca495991b7852b855,completed,False,,,
rdfs,3,1000,70210,EXT-Q19,identity_consent,core,authorities,data_owner,confidential,set_union,edge1|edge2|edge3,3,196.898191,557.572302,0,,e3b0c44298fc1c149afbf4c8996fb92427ae41e4649b934ca495991b7852b855,completed,False,,,
rdfs,3,1000,70210,EXT-Q20,identity_consent,core,authorities,data_owner,confidential,set_union,edge1|edge2|edge3,3,17.370037,43.321831,0,,e3b0c44298fc1c149afbf4c8996fb92427ae41e4649b934ca495991b7852b855,completed,False,,,
rdfs,3,1000,70210,EXT-Q21,identity_consent,core,authorities,data_owner,confidential,set_union,edge1|edge2|edge3,3,24.499926,69.972824,42,,5f5f842f77c77fd4daaf1aeead5ac66f83ba3baa3a0c30af7c9fc75f471e69cc,completed,False,,,
rdfs,3,1000,70210,EXT-Q22,security_identity,domain,authorities,data_owner,restricted,set_union,edge1|edge2|edge3,3,1115.241888,2787.748799,0,,e3b0c44298fc1c149afbf4c8996fb92427ae41e4649b934ca495991b7852b855,completed,False,,,
rdfs,3,1000,70210,EXT-Q23,data_lifecycle,core,authorities,data_owner,confidential,set_union,edge1|edge2|edge3,3,26.217,73.916492,3,,3955e7b96dea26719774b2d2a200be73c38cf84521f9352a6b96ed1af0a71d7a,completed,False,,,
rdfs,3,1000,70210,EXT-Q24,data_lifecycle,core,authorities,data_owner,confidential,set_union,edge1|edge2|edge3,3,251.432556,747.608068,1002,,d26bb96b68475adcfcdc97daccd35c3ee1e911735072d8e4e028866042f80c61,completed,False,,,
rdfs,3,1000,70210,EXT-Q25,data_lifecycle,domain,authorities,data_owner,restricted,set_union,edge1|edge2|edge3,3,389.216314,1155.645102,0,,e3b0c44298fc1c149afbf4c8996fb92427ae41e4649b934ca495991b7852b855,completed,False,,,
rdfs,3,1000,70210,EXT-Q26,security_identity,core,authorities,data_owner,confidential,set_union,edge1|edge2|edge3,3,1739.078962,5174.540602,1004,,3804f2120ffebab207f751cc61dae69eb8c7a5d75dd28a8f7ea53333ffe7ec19,completed,False,,,
rdfs,3,1000,70210,EXT-Q27,security_identity,core,authorities,data_owner,confidential,set_union,edge1|edge2|edge3,3,44.420315,119.366363,0,,e3b0c44298fc1c149afbf4c8996fb92427ae41e4649b934ca495991b7852b855,completed,False,,,
rdfs,3,1000,70210,EXT-Q28,security_identity,core,authorities,data_owner,confidential,set_union,edge1|edge2|edge3,3,19.896481,57.16917,0,,e3b0c44298fc1c149afbf4c8996fb92427ae41e4649b934ca495991b7852b855,completed,False,,,
rdfs,3,1000,70210,EXT-Q29,security_identity,core,cloud,global,internal,single,cloud,1,17.235362,17.235362,1,,5e56d4b1c34d01016304a6e8bc0397a3d6e7898ce43942ff1b6aab07b06810f2,completed,False,,,
rdfs,3,1000,70210,EXT-Q30,security_identity,core,cloud,global,internal,single,cloud,1,2.664778,2.664778,0,,e3b0c44298fc1c149afbf4c8996fb92427ae41e4649b934ca495991b7852b855,completed,False,,,
rdfs,3,1000,70210,EXT-Q31,data_lifecycle,core,authorities,data_owner,confidential,set_union,edge1|edge2|edge3,3,27.22983,63.786237,0,,e3b0c44298fc1c149afbf4c8996fb92427ae41e4649b934ca495991b7852b855,completed,False,,,
rdfs,3,1000,70210,EXT-Q32,data_lifecycle,core,authorities,data_owner,confidential,set_union,edge1|edge2|edge3,3,12.465944,34.539459,0,,e3b0c44298fc1c149afbf4c8996fb92427ae41e4649b934ca495991b7852b855,completed,False,,,
rdfs,3,1000,70210,EXT-Q33,data_lifecycle,core,authorities,data_owner,confidential,set_union,edge1|edge2|edge3,3,23.534482,67.90295499999999,0,,e3b0c44298fc1c149afbf4c8996fb92427ae41e4649b934ca495991b7852b855,completed,False,,,
rdfs,3,1000,70210,EXT-Q34,data_lifecycle,core,authorities,data_owner,confidential,set_union,edge1|edge2|edge3,3,19.541667,56.966764999999995,0,,e3b0c44298fc1c149afbf4c8996fb92427ae41e4649b934ca495991b7852b855,completed,False,,,
rdfs,3,1000,70210,EXT-Q35,data_lifecycle,core,authorities,data_owner,confidential,set_union,edge1|edge2|edge3,3,88.746111,263.814017,1006,,acac449fa92e27e22dc24267dc2e4f0fe6ec73002c1e708d127b416974e8ac8d,completed,False,,,
rdfs,3,1000,70210,EXT-Q36,context_zones,core,authority_key:http://example.org/smartcity#UserA,data_owner,confidential,single,edge1,1,26.314426,26.314426,1,,b691a10c930fd32c789bb07f0f1fd7d606e3241b1fbe110ce3bb9c0f5b95cd37,completed,False,,,
rdfs,3,1000,70210,EXT-Q37,context_zones,domain,authorities,data_owner,restricted,set_union,edge1|edge2|edge3,3,90.391593,209.784482,0,,e3b0c44298fc1c149afbf4c8996fb92427ae41e4649b934ca495991b7852b855,completed,False,,,
rdfs,3,1000,70210,EXT-Q38,context_zones,domain,authorities,data_owner,restricted,set_union,edge1|edge2|edge3,3,43.910704,131.260406,1,,d0d58146bc80e4e03947b8200631e8b89fdb27ee77b2a31daf4bee1a10c44367,completed,False,,,
rdfs,3,1000,70210,EXT-Q39,context_zones,core,authority_key:http://example.org/smartcity#UserA,data_owner,confidential,single,edge1,1,15.800944,15.800944,5,,1ca154c8210da56b45e42825f86a318f53dc0325a456648a0db2cbcced59de18,completed,False,,,
rdfs,3,1000,70210,EXT-Q40,trust,core,fog,regional,internal,single,fog,1,34.020907,34.020907,17,,280bc0ca1f5dd3885dbb6f8fa3e0cf6824155cc72b18cdbfa420a8bf31252832,completed,False,,,
rdfs,3,1000,70210,EXT-Q41,trust,core,fog,regional,internal,single,fog,1,30.555926,30.555926,0,,e3b0c44298fc1c149afbf4c8996fb92427ae41e4649b934ca495991b7852b855,completed,False,,,
rdfs,3,1000,70210,EXT-Q42,trust,core,fog,regional,internal,single,fog,1,22.029963,22.029963,14,,32195a9183d826e40a163c26d60a4e81485d91f218e63dca7ac781a4ea86e857,completed,False,,,
rdfs,3,1000,70210,EXT-Q43,trust,core,fog,regional,internal,single,fog,1,38.552037,38.552037,17,,d66cbd33fe91bbbc5210126f5cdb5f4c00c78f1858dfbc54040d757fb43c718d,completed,False,,,
rdfs,3,1000,70210,EXT-Q44,trust,core,authorities,data_owner,confidential,set_union,edge1|edge2|edge3,3,28.181148,68.609821,10,,106b6808e582efd6a78626f18c7807191e7a08ebe629f87847227d80e6ce6f19,completed,False,,,
rdfs,3,1000,70210,EXT-Q45,trust,core,authorities,data_owner,confidential,set_union,edge1|edge2|edge3,3,53.329055,157.967565,0,,e3b0c44298fc1c149afbf4c8996fb92427ae41e4649b934ca495991b7852b855,completed,False,,,
rdfs,3,1000,70210,EXT-Q46,decision,core,authorities,data_owner,confidential,set_union,edge1|edge2|edge3,3,38.643722,93.01221799999999,11,,497649f7b7fb5bb312db17c133552fcb5363c177bcdf3a7d4da3f9e09d27ef3a,completed,False,,,
rdfs,3,1000,70210,EXT-Q47,decision,core,authorities,data_owner,confidential,set_union,edge1|edge2|edge3,3,56.870741,114.755202,0,,e3b0c44298fc1c149afbf4c8996fb92427ae41e4649b934ca495991b7852b855,completed,False,,,
rdfs,3,1000,70210,EXT-Q48,decision,core,authorities,data_owner,confidential,set_union,edge1|edge2|edge3,3,36.101463,97.839983,0,,e3b0c44298fc1c149afbf4c8996fb92427ae41e4649b934ca495991b7852b855,completed,False,,,
rdfs,3,1000,70210,EXT-Q49,decision,core,authorities,data_owner,confidential,set_union,edge1|edge2|edge3,3,28.498667,79.493494,8,,61a1a998385e4071933469d06cffd5e2cd092016daefcdce08d2e38a8bf4d078,completed,False,,,
rdfs,3,1000,70210,EXT-Q50,decision,core,authorities,data_owner,confidential,set_union,edge1|edge2|edge3,3,33.207204,98.633652,0,,e3b0c44298fc1c149afbf4c8996fb92427ae41e4649b934ca495991b7852b855,completed,False,,,
rdfs,3,1000,70210,EXT-Q51,decision,core,authorities,data_owner,confidential,set_union,edge1|edge2|edge3,3,31.65713,77.19430700000001,32,,d96e9e0968e2bb5a55d9ce98a9e9522d5cb6082d083dcb5d8b65c30d87614d48,completed,False,,,
rdfs,3,1000,70210,EXT-Q52,decision,core,authorities,data_owner,confidential,set_union,edge1|edge2|edge3,3,30.195018,73.92686,32,,e4cc722951be46789eb75264501a53ba96774192510017491e856efc76f0aa19,completed,False,,,
rdfs,3,1000,70210,EXT-Q53,decision,core,authorities,data_owner,confidential,set_union,edge1|edge2|edge3,3,52.495296,150.177526,0,,e3b0c44298fc1c149afbf4c8996fb92427ae41e4649b934ca495991b7852b855,completed,False,,,
rdfs,3,1000,70210,EXT-Q54,decision,domain,authorities,data_owner,restricted,set_union,edge1|edge2|edge3,3,131.540462,389.295067,0,,e3b0c44298fc1c149afbf4c8996fb92427ae41e4649b934ca495991b7852b855,completed,False,,,
rdfs,3,1000,70210,EXT-Q55,decision,core,authorities,data_owner,confidential,set_union,edge1|edge2|edge3,3,21.833991,61.710343,8,,8c3e48566f94616cee569d9b5812ba30ec566c1adc22c2c92d13749c523df534,completed,False,,,
rdfs,3,1000,70210,EXT-Q56,decision,core,authorities,data_owner,confidential,set_union,edge1|edge2|edge3,3,49.538167,146.301191,0,,e3b0c44298fc1c149afbf4c8996fb92427ae41e4649b934ca495991b7852b855,completed,False,,,
rdfs,3,1000,70210,EXT-Q57,decision,core,authorities,data_owner,confidential,set_union,edge1|edge2|edge3,3,24.181364,62.364678999999995,7,,058d2944c03f01a48917edc20c871d5f86e2b184778cd894bf433e94a8ffca12,completed,False,,,
rdfs,3,1000,70210,EXT-Q58,decision,core,authorities,data_owner,confidential,set_union,edge1|edge2|edge3,3,29.858204,88.256962,7,,5a003716962d1299d69dd1de460f6a48eb40b34fbbb1eeb486379f039621a795,completed,False,,,
rdfs,3,1000,70210,EXT-Q59,adaptation,core,authorities,data_owner,confidential,set_union,edge1|edge2|edge3,3,67.779889,145.215436,35,,13174fdc62dcf1fb82964d21f2ae1d433999faabd3565ac32b4f7d156d1f54ee,completed,False,,,
rdfs,3,1000,70210,EXT-Q60,adaptation,core,authorities,data_owner,confidential,set_union,edge1|edge2|edge3,3,27.972185,78.783106,1,,285931564bf116179a45da920fdf958a3347ea1df763213bb7e2afba77c47d16,completed,False,,,
rdfs,3,1000,70210,EXT-Q61,adaptation,core,authorities,data_owner,confidential,set_union,edge1|edge2|edge3,3,9.062223,26.070197999999998,0,,e3b0c44298fc1c149afbf4c8996fb92427ae41e4649b934ca495991b7852b855,completed,False,,,
rdfs,3,1000,70210,EXT-Q62,adaptation,core,authorities,data_owner,confidential,set_union,edge1|edge2|edge3,3,22.756056,65.960973,1,,3dafef0eca79c68f05b79939f40198bc13232639d500d3e9875bc263b0f00d4d,completed,False,,,
rdfs,3,1000,70210,EXT-Q63,delegation,core,authorities,data_owner,confidential,set_union,edge1|edge2|edge3,3,24.948685,72.00993700000001,1,,d4b4c3785ae985658dfc4a4433dd002e5aec5a2321080af4e85474c06a3404f5,completed,False,,,
rdfs,3,1000,70210,EXT-Q64,delegation,core,authorities,data_owner,confidential,set_union,edge1|edge2|edge3,3,21.946925,62.196042,0,,e3b0c44298fc1c149afbf4c8996fb92427ae41e4649b934ca495991b7852b855,completed,False,,,
rdfs,3,1000,70210,EXT-Q65,delegation,core,authorities,data_owner,confidential,set_union,edge1|edge2|edge3,3,12.855648,38.227756,0,,e3b0c44298fc1c149afbf4c8996fb92427ae41e4649b934ca495991b7852b855,completed,False,,,
rdfs,3,1000,70210,EXT-Q66,federation,core,authorities,data_owner,confidential,set_union,edge1|edge2|edge3,3,25.443815,72.497511,2,,1a9af60cfbb87dd79b68021c3d70e1ee6f230e648f1ad6360ef50fffd374b4df,completed,False,,,
rdfs,3,1000,70210,EXT-Q67,federation,core,authorities,data_owner,confidential,set_union,edge1|edge2|edge3,3,39.745297,115.50727,0,,e3b0c44298fc1c149afbf4c8996fb92427ae41e4649b934ca495991b7852b855,completed,False,,,
rdfs,3,1000,70210,EXT-Q68,federation,core,authorities,data_owner,confidential,set_union,edge1|edge2|edge3,3,34.173796,82.958549,0,,e3b0c44298fc1c149afbf4c8996fb92427ae41e4649b934ca495991b7852b855,completed,False,,,
rdfs,3,1000,70210,EXT-Q69,federation,core,authorities,data_owner,confidential,set_union,edge1|edge2|edge3,3,29.048574,83.100236,2,,8271d93912e320b11a3ca6d70e5061d5132abb26053b022198090871531d61eb,completed,False,,,
rdfs,3,1000,70210,EXT-Q70,audit_temporal,core,authorities,data_owner,confidential,set_union,edge1|edge2|edge3,3,229.291592,300.374894,204,,01824916f48e90d6c6df066f2950c4d8a2e2d6f71ba4af556d43e8921ae41930,completed,False,,,
rdfs,3,1000,70210,EXT-Q71,audit_temporal,core,authorities,data_owner,confidential,set_union,edge1|edge2|edge3,3,42.346148,111.35122799999999,0,,e3b0c44298fc1c149afbf4c8996fb92427ae41e4649b934ca495991b7852b855,completed,False,,,
rdfs,3,1000,70210,EXT-Q72,audit_temporal,core,authorities,data_owner,confidential,set_union,edge1|edge2|edge3,3,29.827296,82.871719,0,,e3b0c44298fc1c149afbf4c8996fb92427ae41e4649b934ca495991b7852b855,completed,False,,,
rdfs,3,1000,70210,EXT-Q73,audit_temporal,core,authorities,data_owner,confidential,set_union,edge1|edge2|edge3,3,1506.019129,4465.197942,9137,,ec63485cc69415da5d42a39d5594d2c4e7ad134d1f49c68569aaf7187ea15195,completed,False,,,
rdfs,3,1000,70210,EXT-Q74,audit_temporal,core,authorities,data_owner,confidential,set_union,edge1|edge2|edge3,3,1980.495462,5919.208711,0,,e3b0c44298fc1c149afbf4c8996fb92427ae41e4649b934ca495991b7852b855,completed,False,,,
rdfs,3,1000,70210,EXT-Q75,validation,core,cloud,global,internal,single,cloud,1,17.380309,17.380309,74,,8dd432df42d733f2411b2aebc51682848ddadc97425c41088f0a99090f77f1c0,completed,False,,,
rdfs,3,1000,70210,EXT-Q76,validation,core,cloud,global,internal,single,cloud,1,5.358259,5.358259,9,,50bf3d3f7f446e045722279f6d243ecc804cd2cf73b381d9c89f530b567855ea,completed,False,,,
rdfs,3,1000,70210,EXT-Q77,validation,core,cloud,global,internal,single,cloud,1,9.514042,9.514042,6,,ba52fb52449a77784e328f0aaa19807ddd9156c7457ea722a8af2f2082dce9ad,completed,False,,,
rdfs,3,1000,70210,EXT-Q78,policy_governance,core,cloud,global,internal,single,cloud,1,12.264611,12.264611,37,,dc49d089c1cfb621b31177ad5794c8ca7638f40689eba56af4f4ea2a38c683f1,completed,False,,,
rdfs,3,1000,70210,EXT-Q79,policy_governance,core,cloud,global,internal,single,cloud,1,10.933564,10.933564,0,,e3b0c44298fc1c149afbf4c8996fb92427ae41e4649b934ca495991b7852b855,completed,False,,,
rdfs,3,1000,70210,EXT-Q80,validation,core,cloud,global,internal,single,cloud,1,32.982789,32.982789,13,,29f568d3556dc47edef378afb04137d72867c6c2c8e31190e3839b9757187b0b,completed,False,,,
owlrl,1,1000,70210,BASE-Q01,identity_consent,core,authorities,data_owner,confidential,set_union,edge1|edge2|edge3,3,164.127648,488.40261,1004,,961d2a31138e1448ab934e47fc862258aa0e626dc4abef7eeaf396a53d898ec3,completed,False,,,
owlrl,1,1000,70210,BASE-Q02,topology,core,authority_key:http://example.org/smartcity#UserB,data_owner,confidential,single,edge2,1,26.960945,26.960945,20,,ca0ab9be224d80531e336d6db23ad2d662b9687ff746663e404aa175453022fc,completed,False,,,
owlrl,1,1000,70210,BASE-Q03,wellbeing,domain,authorities,data_owner,restricted,set_union,edge1|edge2|edge3,3,160.222666,472.964175,1004,,a50bc87eb0e3d58e491ebcc36ae6e08f32f5162a1eaddd5e452fe1ae464798a2,completed,False,,,
owlrl,1,1000,70210,BASE-Q04,decision,core,authority_key:http://example.org/smartcity#UserB,data_owner,confidential,single,edge2,1,22.226519,22.226519,7,,cc222a87554e870ffae43cba023647670c0589b8ec1b4500dd1d797a399c3bf2,completed,False,,,
owlrl,1,1000,70210,BASE-Q05,wellbeing,domain,authorities,data_owner,restricted,set_union,edge1|edge2|edge3,3,20.456167,57.59982,5,,4b096b851fd9e6935d2e2e6c7bd57464c473db58008af4b34e60338033a84d23,completed,False,,,
owlrl,1,1000,70210,BASE-Q06,identity_consent,core,cloud,global,internal,single,cloud,1,4.064831,4.064831,10,,f8aebcef3bdb5c68142d34426190fd6a36c4b31394471c9c7602e6c19e67ff84,completed,False,,,
owlrl,1,1000,70210,BASE-Q07,observability,core,fog,regional,internal,single,fog,1,43.004907,43.004907,17,,49e5cad9fc8da02f91644cc156680c58b0013b24796fb6b07ab8c6efd99756d7,completed,False,,,
owlrl,1,1000,70210,BASE-Q08,observability,core,fog,regional,internal,single,fog,1,41.703315,41.703315,2,,6527f1e187dfa51f5dc78e109fe2d9fb47aed82a4ec8f897d1dda6ee6850aa0a,completed,False,,,
owlrl,1,1000,70210,BASE-Q09,wellbeing,domain,authorities,data_owner,restricted,set_union,edge1|edge2|edge3,3,209.119037,617.139404,1006,,5c864afe28cdd133d62f68ea011667b00010687999fed7bb60acc6c006f516b8,completed,False,,,
owlrl,1,1000,70210,BASE-Q10,observability,domain,authorities,data_owner,restricted,set_union,edge1|edge2|edge3,3,794.214481,2350.495202,1004,,3a8284b2a36f1c3cff6c7a21d37255640f9742f29431b28cbeb42dbbd900832f,completed,False,,,
owlrl,1,1000,70210,BASE-Q11,wellbeing,core,authority_key:http://example.org/smartcity#UserA,data_owner,confidential,single,edge1,1,14.853815,14.853815,1,,941d461ce01f2fa52ba95291e46e52524d75bd44e2b938eab7e81404936a8b7c,completed,False,,,
owlrl,1,1000,70210,BASE-Q12,adaptation,core,authorities,data_owner,confidential,set_union,edge1|edge2|edge3,3,23.639334,53.091279,1,,ddcd6b8cd42f3d2e1f6aa052eeeca5d4423f9db85cdc91915481db3956dfffff,completed,False,,,
owlrl,1,1000,70210,BASE-Q13,adaptation,core,authorities,data_owner,confidential,set_union,edge1|edge2|edge3,3,18.916333,54.189244,1,,25e56d4be1969d1d6de5386e2c3ff26456f8069edb7847a9dc7e32a9b09c8948,completed,False,,,
owlrl,1,1000,70210,BASE-Q14,delegation,core,authority_key:http://example.org/smartcity#UserA,data_owner,confidential,single,edge1,1,17.02126,17.02126,1,,dcd8c3258e95549dde016df10cf22183c036214d75d30e686ca7ac2fb5ea3271,completed,False,,,
owlrl,1,1000,70210,BASE-Q15,identity_consent,core,authorities,data_owner,confidential,set_union,edge1|edge2|edge3,3,12.197759,35.556421,1,,7ac55bded7c8d1294bfcac4ddeb28b5921a8083a19185e216bf5d1c0d62bd370,completed,False,,,
owlrl,1,1000,70210,BASE-Q16,federation,core,authorities,data_owner,confidential,set_union,edge1|edge2|edge3,3,40.615426,103.227307,3,,550eeca87dc96402bbed090f1737eaacfb6b27d2290401797018cbcf303b8147,completed,False,,,
owlrl,1,1000,70210,BASE-Q17,context_zones,domain,authorities,data_owner,restricted,set_union,edge1|edge2|edge3,3,42.223793,94.24107000000001,1,,50b7b5a085e0802a1897953a959e0c9ea4c5f943dc26de55b2219ea7deac4b89,completed,False,,,
owlrl,1,1000,70210,BASE-Q18,context_zones,core,authorities,data_owner,confidential,set_union,edge1|edge2|edge3,3,10.566667,30.603365,1,,200d4d55bb0d8b9374961d2df3fa99d83d8caf54dc79a7784bb84dd44b081eda,completed,False,,,
owlrl,1,1000,70210,BASE-Q19,decision,core,fog,regional,internal,single,fog,1,37.901704,37.901704,14,,d653cc97aec65db423a153821e48534993e1bb0eea1ae3582c3e43e91a7a4881,completed,False,,,
owlrl,1,1000,70210,BASE-Q20,identity_consent,domain,authorities,data_owner,restricted,set_union,edge1|edge2|edge3,3,207.620315,617.694626,1004,,b9c92a528ed99fe32b59d1423f08cfeca1bae3d920e8d3d23c344edea0754ef0,completed,False,,,
owlrl,1,1000,70210,BASE-Q21,decision,core,authorities,data_owner,confidential,set_union,edge1|edge2|edge3,3,31.75537,84.762459,11,,7fc13e36a90de226eedecbd26ccd453be5ba11798c2c5af4a7d857a15cbb7e1e,completed,False,,,
owlrl,1,1000,70210,BASE-Q22,adaptation,core,authorities,data_owner,confidential,set_union,edge1|edge2|edge3,3,24.816907,71.867029,3,,70205401426a8e8adbf4220710b3638c6a47af2e7e7264f0b771b1bcbb070e80,completed,False,,,
owlrl,1,1000,70210,BASE-Q23,topology,core,authorities,data_owner,confidential,set_union,edge1|edge2|edge3,3,193.113982,575.984888,1001,,a5b6a62f4a32c695cefef61522e29a0e2a63df4485485a1859f69b4091d69704,completed,False,,,
owlrl,1,1000,70210,BASE-Q24,federation,core,authorities,data_owner,confidential,set_union,edge1|edge2|edge3,3,29.194612,81.032385,5,,0d4871d54d4eadbfa110f9223c2a6b641ea8c65326db34ade1288d5eab5ceb54,completed,False,,,
owlrl,1,1000,70210,BASE-Q25,identity_consent,core,authorities,data_owner,confidential,set_union,edge1|edge2|edge3,3,20.068211,47.636193000000006,1,,4591a69ecb6837fd65b28a9688ad10f0fb7b8ca54c1a6ac395ef142fc831cfbf,completed,False,,,
owlrl,1,1000,70210,BASE-Q26,observability,core,fog,regional,internal,boolean_or,fog,1,5.801925,5.801925,1,True,35df7182aa6c75e0a1066245f679b81ec9ad05e9964a0684980a466c9cc63ac4,completed,False,,,
owlrl,1,1000,70210,BASE-Q27,adaptation,core,authorities,data_owner,confidential,boolean_or,edge1|edge2|edge3,3,13.109018,30.169047,1,True,35df7182aa6c75e0a1066245f679b81ec9ad05e9964a0684980a466c9cc63ac4,completed,False,,,
owlrl,1,1000,70210,BASE-Q28,identity_consent,domain,authorities,data_owner,restricted,boolean_or,edge1|edge2|edge3,3,61.930741,148.332592,0,False,92b91e0dd8f69dcc43f3c56062f944147504cf0d80f20c98005fda34c727fd7e,completed,False,,,
owlrl,1,1000,70210,BASE-Q29,topology,core,fog,regional,internal,boolean_or,fog,1,14.134463,14.134463,1,True,35df7182aa6c75e0a1066245f679b81ec9ad05e9964a0684980a466c9cc63ac4,completed,False,,,
owlrl,1,1000,70210,BASE-Q30,federation,core,authorities,data_owner,confidential,boolean_or,edge1|edge2|edge3,3,11.71394,24.951901999999997,1,True,35df7182aa6c75e0a1066245f679b81ec9ad05e9964a0684980a466c9cc63ac4,completed,False,,,
owlrl,1,1000,70210,BASE-Q31,identity_consent,core,cloud,global,internal,single,cloud,1,18.558826,18.558826,3,,e58488661bb31eeed68b26401ebd5accf7e903b2aee284e0d4583cd308f09c44,completed,False,,,
owlrl,1,1000,70210,BASE-Q32,decision,core,fog,regional,internal,single,fog,1,16.502963,16.502963,4,,b91031de6b6257d2428b9195175f3c860291b874d6603c50eb4713a1b65b2628,completed,False,,,
owlrl,1,1000,70210,BASE-Q33,observability,core,authority_key:http://example.org/smartcity#UserB,data_owner,confidential,single,edge2,1,26.093981,26.093981,6,,266b725bd09060968038a13b819756b9927e2ae12c035d7aacba171bf38a3696,completed,False,,,
owlrl,1,1000,70210,BASE-Q34,topology,core,fog,regional,internal,single,fog,1,10.6795,10.6795,1,,7c66062f36ae31e8068455da76c0bb4f918e7f6b8ecee7cd8a7946f3b6047884,completed,False,,,
owlrl,1,1000,70210,BASE-Q35,delegation,core,authorities,data_owner,confidential,set_union,edge1|edge2|edge3,3,58.351074,116.550777,180,,56209ad42eb677718c0bba3e1f9fcee730c2c2912264ceea293e4ef01f23a56f,completed,False,,,
owlrl,1,1000,70210,EXT-Q01,semantic_schema,core,cloud,global,internal,single,cloud,1,9.917247,9.917247,6,,66d5edbbdc2282624ffec271a4a523a20fdc7331b886d2884edf86a885532bcc,completed,False,,,
owlrl,1,1000,70210,EXT-Q02,semantic_schema,core,cloud,global,internal,single,cloud,1,4.908059,4.908059,3,,81bea9a8c2d4cf1237d7fb131249cc18ec4ca629eeabaadbd5f0b9b58d3e3333,completed,False,,,
owlrl,1,1000,70210,EXT-Q03,policy_governance,core,cloud,global,internal,single,cloud,1,15.839706,15.839706,79,,d73ae3d5ddfcd345147bae778101c21ab13194fca3fa92ad08259d39931b66d5,completed,False,,,
owlrl,1,1000,70210,EXT-Q04,policy_governance,core,cloud,global,internal,single,cloud,1,14.048036,14.048036,55,,fced7e97d29b215a8321753998b7519dc1825dacc4af090c67ffc54bee4479bc,completed,False,,,
owlrl,1,1000,70210,EXT-Q05,semantic_schema,core,cloud,global,internal,single,cloud,1,20.609585,20.609585,17,,e0fc9190703b6a7b2695ddc448f5c7e54c4feeff2545477c3194ebfd8ccb1f0c,completed,False,,,
owlrl,1,1000,70210,EXT-Q06,semantic_schema,core,cloud,global,internal,single,cloud,1,4.605599,4.605599,12,,1377568d225cfb45a1899c2ea951adf7ebda5ada4e188dbf5f114110484fa3ae,completed,False,,,
owlrl,1,1000,70210,EXT-Q07,policy_governance,core,cloud,global,internal,single,cloud,1,9.019404,9.019404,67,,c3cf27e703656fdaa8295f23b31076c1afcb14a5022b1b47538e2961fe033646,completed,False,,,
owlrl,1,1000,70210,EXT-Q08,policy_governance,core,cloud,global,internal,single,cloud,1,54.69024,54.69024,1089,,cb9e0103c9327f1c4691ec9d7612deebd04c0e73140f23e2a6209bb8af1efc51,completed,False,,,
owlrl,1,1000,70210,EXT-Q09,policy_governance,core,cloud,global,internal,single,cloud,1,14.453565,14.453565,6,,68de07660e010156bf3f3ea01000180657c8e8fc155ac9a053c3a64dbc538102,completed,False,,,
owlrl,1,1000,70210,EXT-Q10,policy_governance,core,cloud,global,internal,single,cloud,1,55.933651,55.933651,0,,e3b0c44298fc1c149afbf4c8996fb92427ae41e4649b934ca495991b7852b855,completed,False,,,
owlrl,1,1000,70210,EXT-Q11,identity_consent,core,authorities,data_owner,confidential,set_union,edge1|edge2|edge3,3,573.291722,919.193176,1025,,cde5c4644950b6999d9356b275f978f0ef3730836ffe9f84a58a5867853e0e45,completed,False,,,
owlrl,1,1000,70210,EXT-Q12,identity_consent,core,authorities,data_owner,confidential,set_union,edge1|edge2|edge3,3,175.851796,515.121675,1028,,9ea1992c2211c1f23f0ba1a748da72282da84b7f7ab41e01ce7999cd716583ba,completed,False,,,
owlrl,1,1000,70210,EXT-Q13,identity_consent,core,authorities,data_owner,confidential,set_union,edge1|edge2|edge3,3,250.447222,747.626088,0,,e3b0c44298fc1c149afbf4c8996fb92427ae41e4649b934ca495991b7852b855,completed,False,,,
owlrl,1,1000,70210,EXT-Q14,identity_consent,core,authorities,data_owner,confidential,set_union,edge1|edge2|edge3,3,249.725778,741.200491,0,,e3b0c44298fc1c149afbf4c8996fb92427ae41e4649b934ca495991b7852b855,completed,False,,,
owlrl,1,1000,70210,EXT-Q15,identity_consent,core,authorities,data_owner,confidential,set_union,edge1|edge2|edge3,3,5230.953089,15482.551148999999,0,,e3b0c44298fc1c149afbf4c8996fb92427ae41e4649b934ca495991b7852b855,completed,False,,,
owlrl,1,1000,70210,EXT-Q16,identity_consent,core,authorities,data_owner,confidential,set_union,edge1|edge2|edge3,3,3369.229239,10061.100597,0,,e3b0c44298fc1c149afbf4c8996fb92427ae41e4649b934ca495991b7852b855,completed,False,,,
owlrl,1,1000,70210,EXT-Q17,identity_consent,core,authorities,data_owner,confidential,set_union,edge1|edge2|edge3,3,58.493074,121.217373,8,,3071bd3ad9cc1daac2632f317152a64e2d9d9e0d189068465ece1f8c3872334f,completed,False,,,
owlrl,1,1000,70210,EXT-Q18,identity_consent,core,authorities,data_owner,confidential,set_union,edge1|edge2|edge3,3,310.00924,899.474647,0,,e3b0c44298fc1c149afbf4c8996fb92427ae41e4649b934ca495991b7852b855,completed,False,,,
owlrl,1,1000,70210,EXT-Q19,identity_consent,core,authorities,data_owner,confidential,set_union,edge1|edge2|edge3,3,208.433814,584.167486,0,,e3b0c44298fc1c149afbf4c8996fb92427ae41e4649b934ca495991b7852b855,completed,False,,,
owlrl,1,1000,70210,EXT-Q20,identity_consent,core,authorities,data_owner,confidential,set_union,edge1|edge2|edge3,3,13.71437,39.77957,0,,e3b0c44298fc1c149afbf4c8996fb92427ae41e4649b934ca495991b7852b855,completed,False,,,
owlrl,1,1000,70210,EXT-Q21,identity_consent,core,authorities,data_owner,confidential,set_union,edge1|edge2|edge3,3,24.910629,70.826602,58,,6e6d9e3db6cd7bbb93e0d6feafb155f966b98e945250ca473bf302c2a406fef9,completed,False,,,
owlrl,1,1000,70210,EXT-Q22,security_identity,domain,authorities,data_owner,restricted,set_union,edge1|edge2|edge3,3,930.990555,2292.120148,0,,e3b0c44298fc1c149afbf4c8996fb92427ae41e4649b934ca495991b7852b855,completed,False,,,
owlrl,1,1000,70210,EXT-Q23,data_lifecycle,core,authorities,data_owner,confidential,set_union,edge1|edge2|edge3,3,26.220926,74.322086,3,,3955e7b96dea26719774b2d2a200be73c38cf84521f9352a6b96ed1af0a71d7a,completed,False,,,
owlrl,1,1000,70210,EXT-Q24,data_lifecycle,core,authorities,data_owner,confidential,set_union,edge1|edge2|edge3,3,252.005981,748.54016,1002,,d26bb96b68475adcfcdc97daccd35c3ee1e911735072d8e4e028866042f80c61,completed,False,,,
owlrl,1,1000,70210,EXT-Q25,data_lifecycle,domain,authorities,data_owner,restricted,set_union,edge1|edge2|edge3,3,382.855889,1144.396479,0,,e3b0c44298fc1c149afbf4c8996fb92427ae41e4649b934ca495991b7852b855,completed,False,,,
owlrl,1,1000,70210,EXT-Q26,security_identity,core,authorities,data_owner,confidential,set_union,edge1|edge2|edge3,3,1737.965647,5199.163999,1004,,3804f2120ffebab207f751cc61dae69eb8c7a5d75dd28a8f7ea53333ffe7ec19,completed,False,,,
owlrl,1,1000,70210,EXT-Q27,security_identity,core,authorities,data_owner,confidential,set_union,edge1|edge2|edge3,3,46.570833,118.298192,0,,e3b0c44298fc1c149afbf4c8996fb92427ae41e4649b934ca495991b7852b855,completed,False,,,
owlrl,1,1000,70210,EXT-Q28,security_identity,core,authorities,data_owner,confidential,set_union,edge1|edge2|edge3,3,19.243413,57.169765,0,,e3b0c44298fc1c149afbf4c8996fb92427ae41e4649b934ca495991b7852b855,completed,False,,,
owlrl,1,1000,70210,EXT-Q29,security_identity,core,cloud,global,internal,single,cloud,1,4.273627,4.273627,1,,5e56d4b1c34d01016304a6e8bc0397a3d6e7898ce43942ff1b6aab07b06810f2,completed,False,,,
owlrl,1,1000,70210,EXT-Q30,security_identity,core,cloud,global,internal,single,cloud,1,2.542655,2.542655,0,,e3b0c44298fc1c149afbf4c8996fb92427ae41e4649b934ca495991b7852b855,completed,False,,,
owlrl,1,1000,70210,EXT-Q31,data_lifecycle,core,authorities,data_owner,confidential,set_union,edge1|edge2|edge3,3,27.181552,63.933737,0,,e3b0c44298fc1c149afbf4c8996fb92427ae41e4649b934ca495991b7852b855,completed,False,,,
owlrl,1,1000,70210,EXT-Q32,data_lifecycle,core,authorities,data_owner,confidential,set_union,edge1|edge2|edge3,3,12.026982,34.244848000000005,0,,e3b0c44298fc1c149afbf4c8996fb92427ae41e4649b934ca495991b7852b855,completed,False,,,
owlrl,1,1000,70210,EXT-Q33,data_lifecycle,core,authorities,data_owner,confidential,set_union,edge1|edge2|edge3,3,23.960167,68.973472,0,,e3b0c44298fc1c149afbf4c8996fb92427ae41e4649b934ca495991b7852b855,completed,False,,,
owlrl,1,1000,70210,EXT-Q34,data_lifecycle,core,authorities,data_owner,confidential,set_union,edge1|edge2|edge3,3,19.442426,57.625042,0,,e3b0c44298fc1c149afbf4c8996fb92427ae41e4649b934ca495991b7852b855,completed,False,,,
owlrl,1,1000,70210,EXT-Q35,data_lifecycle,core,authorities,data_owner,confidential,set_union,edge1|edge2|edge3,3,89.607741,263.810109,1006,,acac449fa92e27e22dc24267dc2e4f0fe6ec73002c1e708d127b416974e8ac8d,completed,False,,,
owlrl,1,1000,70210,EXT-Q36,context_zones,core,authority_key:http://example.org/smartcity#UserA,data_owner,confidential,single,edge1,1,26.517834,26.517834,1,,b691a10c930fd32c789bb07f0f1fd7d606e3241b1fbe110ce3bb9c0f5b95cd37,completed,False,,,
owlrl,1,1000,70210,EXT-Q37,context_zones,domain,authorities,data_owner,restricted,set_union,edge1|edge2|edge3,3,95.234463,214.048593,0,,e3b0c44298fc1c149afbf4c8996fb92427ae41e4649b934ca495991b7852b855,completed,False,,,
owlrl,1,1000,70210,EXT-Q38,context_zones,domain,authorities,data_owner,restricted,set_union,edge1|edge2|edge3,3,44.053833,131.233221,1,,d0d58146bc80e4e03947b8200631e8b89fdb27ee77b2a31daf4bee1a10c44367,completed,False,,,
owlrl,1,1000,70210,EXT-Q39,context_zones,core,authority_key:http://example.org/smartcity#UserA,data_owner,confidential,single,edge1,1,15.816703,15.816703,5,,1ca154c8210da56b45e42825f86a318f53dc0325a456648a0db2cbcced59de18,completed,False,,,
owlrl,1,1000,70210,EXT-Q40,trust,core,fog,regional,internal,single,fog,1,34.750963,34.750963,17,,280bc0ca1f5dd3885dbb6f8fa3e0cf6824155cc72b18cdbfa420a8bf31252832,completed,False,,,
owlrl,1,1000,70210,EXT-Q41,trust,core,fog,regional,internal,single,fog,1,31.229389,31.229389,0,,e3b0c44298fc1c149afbf4c8996fb92427ae41e4649b934ca495991b7852b855,completed,False,,,
owlrl,1,1000,70210,EXT-Q42,trust,core,fog,regional,internal,single,fog,1,21.675055,21.675055,14,,32195a9183d826e40a163c26d60a4e81485d91f218e63dca7ac781a4ea86e857,completed,False,,,
owlrl,1,1000,70210,EXT-Q43,trust,core,fog,regional,internal,single,fog,1,38.496574,38.496574,17,,d66cbd33fe91bbbc5210126f5cdb5f4c00c78f1858dfbc54040d757fb43c718d,completed,False,,,
owlrl,1,1000,70210,EXT-Q44,trust,core,authorities,data_owner,confidential,set_union,edge1|edge2|edge3,3,23.3155,63.649192,10,,106b6808e582efd6a78626f18c7807191e7a08ebe629f87847227d80e6ce6f19,completed,False,,,
owlrl,1,1000,70210,EXT-Q45,trust,core,authorities,data_owner,confidential,set_union,edge1|edge2|edge3,3,53.649475,159.356919,0,,e3b0c44298fc1c149afbf4c8996fb92427ae41e4649b934ca495991b7852b855,completed,False,,,
owlrl,1,1000,70210,EXT-Q46,decision,core,authorities,data_owner,confidential,set_union,edge1|edge2|edge3,3,33.211,87.360755,11,,497649f7b7fb5bb312db17c133552fcb5363c177bcdf3a7d4da3f9e09d27ef3a,completed,False,,,
owlrl,1,1000,70210,EXT-Q47,decision,core,authorities,data_owner,confidential,set_union,edge1|edge2|edge3,3,39.096777,96.88799900000001,0,,e3b0c44298fc1c149afbf4c8996fb92427ae41e4649b934ca495991b7852b855,completed,False,,,
owlrl,1,1000,70210,EXT-Q48,decision,core,authorities,data_owner,confidential,set_union,edge1|edge2|edge3,3,33.364815,95.023391,0,,e3b0c44298fc1c149afbf4c8996fb92427ae41e4649b934ca495991b7852b855,completed,False,,,
owlrl,1,1000,70210,EXT-Q49,decision,core,authorities,data_owner,confidential,set_union,edge1|edge2|edge3,3,28.203259,81.519513,8,,61a1a998385e4071933469d06cffd5e2cd092016daefcdce08d2e38a8bf4d078,completed,False,,,
owlrl,1,1000,70210,EXT-Q50,decision,core,authorities,data_owner,confidential,set_union,edge1|edge2|edge3,3,43.15811,109.28825900000001,0,,e3b0c44298fc1c149afbf4c8996fb92427ae41e4649b934ca495991b7852b855,completed,False,,,
owlrl,1,1000,70210,EXT-Q51,decision,core,authorities,data_owner,confidential,set_union,edge1|edge2|edge3,3,31.797296,77.624972,32,,d96e9e0968e2bb5a55d9ce98a9e9522d5cb6082d083dcb5d8b65c30d87614d48,completed,False,,,
owlrl,1,1000,70210,EXT-Q52,decision,core,authorities,data_owner,confidential,set_union,edge1|edge2|edge3,3,30.227093,74.050843,32,,e4cc722951be46789eb75264501a53ba96774192510017491e856efc76f0aa19,completed,False,,,
owlrl,1,1000,70210,EXT-Q53,decision,core,authorities,data_owner,confidential,set_union,edge1|edge2|edge3,3,51.991371,148.86911600000002,0,,e3b0c44298fc1c149afbf4c8996fb92427ae41e4649b934ca495991b7852b855,completed,False,,,
owlrl,1,1000,70210,EXT-Q54,decision,domain,authorities,data_owner,restricted,set_union,edge1|edge2|edge3,3,131.2235,389.803495,0,,e3b0c44298fc1c149afbf4c8996fb92427ae41e4649b934ca495991b7852b855,completed,False,,,
owlrl,1,1000,70210,EXT-Q55,decision,core,authorities,data_owner,confidential,set_union,edge1|edge2|edge3,3,21.213,58.927079,8,,8c3e48566f94616cee569d9b5812ba30ec566c1adc22c2c92d13749c523df534,completed,False,,,
owlrl,1,1000,70210,EXT-Q56,decision,core,authorities,data_owner,confidential,set_union,edge1|edge2|edge3,3,49.558945,145.90202399999998,0,,e3b0c44298fc1c149afbf4c8996fb92427ae41e4649b934ca495991b7852b855,completed,False,,,
owlrl,1,1000,70210,EXT-Q57,decision,core,authorities,data_owner,confidential,set_union,edge1|edge2|edge3,3,27.966258,65.436462,7,,058d2944c03f01a48917edc20c871d5f86e2b184778cd894bf433e94a8ffca12,completed,False,,,
owlrl,1,1000,70210,EXT-Q58,decision,core,authorities,data_owner,confidential,set_union,edge1|edge2|edge3,3,32.617537,90.84133299999999,7,,5a003716962d1299d69dd1de460f6a48eb40b34fbbb1eeb486379f039621a795,completed,False,,,
owlrl,1,1000,70210,EXT-Q59,adaptation,core,authorities,data_owner,confidential,set_union,edge1|edge2|edge3,3,67.695149,146.221346,35,,a67f4df76b0ad2595fa03a50ef968560610616068e1b79b7d520849c791090ca,completed,False,,,
owlrl,1,1000,70210,EXT-Q60,adaptation,core,authorities,data_owner,confidential,set_union,edge1|edge2|edge3,3,28.521537,78.906791,1,,285931564bf116179a45da920fdf958a3347ea1df763213bb7e2afba77c47d16,completed,False,,,
owlrl,1,1000,70210,EXT-Q61,adaptation,core,authorities,data_owner,confidential,set_union,edge1|edge2|edge3,3,8.989648,25.917623,0,,e3b0c44298fc1c149afbf4c8996fb92427ae41e4649b934ca495991b7852b855,completed,False,,,
owlrl,1,1000,70210,EXT-Q62,adaptation,core,authorities,data_owner,confidential,set_union,edge1|edge2|edge3,3,22.841667,66.549527,1,,3dafef0eca79c68f05b79939f40198bc13232639d500d3e9875bc263b0f00d4d,completed,False,,,
owlrl,1,1000,70210,EXT-Q63,delegation,core,authorities,data_owner,confidential,set_union,edge1|edge2|edge3,3,25.116648,72.628752,1,,d4b4c3785ae985658dfc4a4433dd002e5aec5a2321080af4e85474c06a3404f5,completed,False,,,
owlrl,1,1000,70210,EXT-Q64,delegation,core,authorities,data_owner,confidential,set_union,edge1|edge2|edge3,3,21.794982,61.80873,0,,e3b0c44298fc1c149afbf4c8996fb92427ae41e4649b934ca495991b7852b855,completed,False,,,
owlrl,1,1000,70210,EXT-Q65,delegation,core,authorities,data_owner,confidential,set_union,edge1|edge2|edge3,3,13.213831,38.978164,0,,e3b0c44298fc1c149afbf4c8996fb92427ae41e4649b934ca495991b7852b855,completed,False,,,
owlrl,1,1000,70210,EXT-Q66,federation,core,authorities,data_owner,confidential,set_union,edge1|edge2|edge3,3,26.204852,73.138308,2,,1a9af60cfbb87dd79b68021c3d70e1ee6f230e648f1ad6360ef50fffd374b4df,completed,False,,,
owlrl,1,1000,70210,EXT-Q67,federation,core,authorities,data_owner,confidential,set_union,edge1|edge2|edge3,3,39.81276,115.57115999999999,0,,e3b0c44298fc1c149afbf4c8996fb92427ae41e4649b934ca495991b7852b855,completed,False,,,
owlrl,1,1000,70210,EXT-Q68,federation,core,authorities,data_owner,confidential,set_union,edge1|edge2|edge3,3,26.511315,75.110289,0,,e3b0c44298fc1c149afbf4c8996fb92427ae41e4649b934ca495991b7852b855,completed,False,,,
owlrl,1,1000,70210,EXT-Q69,federation,core,authorities,data_owner,confidential,set_union,edge1|edge2|edge3,3,28.073352,82.295033,2,,8271d93912e320b11a3ca6d70e5061d5132abb26053b022198090871531d61eb,completed,False,,,
owlrl,1,1000,70210,EXT-Q70,audit_temporal,core,authorities,data_owner,confidential,set_union,edge1|edge2|edge3,3,110.903629,192.094019,204,,01824916f48e90d6c6df066f2950c4d8a2e2d6f71ba4af556d43e8921ae41930,completed,False,,,
owlrl,1,1000,70210,EXT-Q71,audit_temporal,core,authorities,data_owner,confidential,set_union,edge1|edge2|edge3,3,42.235889,111.409784,0,,e3b0c44298fc1c149afbf4c8996fb92427ae41e4649b934ca495991b7852b855,completed,False,,,
owlrl,1,1000,70210,EXT-Q72,audit_temporal,core,authorities,data_owner,confidential,set_union,edge1|edge2|edge3,3,29.814611,82.831367,0,,e3b0c44298fc1c149afbf4c8996fb92427ae41e4649b934ca495991b7852b855,completed,False,,,
owlrl,1,1000,70210,EXT-Q73,audit_temporal,core,authorities,data_owner,confidential,set_union,edge1|edge2|edge3,3,2057.68085,6077.094915000001,9137,,ec63485cc69415da5d42a39d5594d2c4e7ad134d1f49c68569aaf7187ea15195,completed,False,,,
owlrl,1,1000,70210,EXT-Q74,audit_temporal,core,authorities,data_owner,confidential,set_union,edge1|edge2|edge3,3,2902.098331,8528.729,0,,e3b0c44298fc1c149afbf4c8996fb92427ae41e4649b934ca495991b7852b855,completed,False,,,
owlrl,1,1000,70210,EXT-Q75,validation,core,cloud,global,internal,single,cloud,1,17.366784,17.366784,74,,8dd432df42d733f2411b2aebc51682848ddadc97425c41088f0a99090f77f1c0,completed,False,,,
owlrl,1,1000,70210,EXT-Q76,validation,core,cloud,global,internal,single,cloud,1,4.968658,4.968658,9,,50bf3d3f7f446e045722279f6d243ecc804cd2cf73b381d9c89f530b567855ea,completed,False,,,
owlrl,1,1000,70210,EXT-Q77,validation,core,cloud,global,internal,single,cloud,1,9.423477,9.423477,6,,ba52fb52449a77784e328f0aaa19807ddd9156c7457ea722a8af2f2082dce9ad,completed,False,,,
owlrl,1,1000,70210,EXT-Q78,policy_governance,core,cloud,global,internal,single,cloud,1,39.677173,39.677173,37,,dc49d089c1cfb621b31177ad5794c8ca7638f40689eba56af4f4ea2a38c683f1,completed,False,,,
owlrl,1,1000,70210,EXT-Q79,policy_governance,core,cloud,global,internal,single,cloud,1,10.044719,10.044719,0,,e3b0c44298fc1c149afbf4c8996fb92427ae41e4649b934ca495991b7852b855,completed,False,,,
owlrl,1,1000,70210,EXT-Q80,validation,core,cloud,global,internal,single,cloud,1,32.652743,32.652743,13,,29f568d3556dc47edef378afb04137d72867c6c2c8e31190e3839b9757187b0b,completed,False,,,
owlrl,2,1000,70210,BASE-Q01,identity_consent,core,authorities,data_owner,confidential,set_union,edge1|edge2|edge3,3,163.230686,488.189554,1004,,961d2a31138e1448ab934e47fc862258aa0e626dc4abef7eeaf396a53d898ec3,completed,False,,,
owlrl,2,1000,70210,BASE-Q02,topology,core,authority_key:http://example.org/smartcity#UserB,data_owner,confidential,single,edge2,1,27.344241,27.344241,20,,ca0ab9be224d80531e336d6db23ad2d662b9687ff746663e404aa175453022fc,completed,False,,,
owlrl,2,1000,70210,BASE-Q03,wellbeing,domain,authorities,data_owner,restricted,set_union,edge1|edge2|edge3,3,156.746796,468.379582,1004,,a50bc87eb0e3d58e491ebcc36ae6e08f32f5162a1eaddd5e452fe1ae464798a2,completed,False,,,
owlrl,2,1000,70210,BASE-Q04,decision,core,authority_key:http://example.org/smartcity#UserB,data_owner,confidential,single,edge2,1,22.248259,22.248259,7,,cc222a87554e870ffae43cba023647670c0589b8ec1b4500dd1d797a399c3bf2,completed,False,,,
owlrl,2,1000,70210,BASE-Q05,wellbeing,domain,authorities,data_owner,restricted,set_union,edge1|edge2|edge3,3,21.016667,58.245357,5,,4b096b851fd9e6935d2e2e6c7bd57464c473db58008af4b34e60338033a84d23,completed,False,,,
owlrl,2,1000,70210,BASE-Q06,identity_consent,core,cloud,global,internal,single,cloud,1,4.055874,4.055874,10,,f8aebcef3bdb5c68142d34426190fd6a36c4b31394471c9c7602e6c19e67ff84,completed,False,,,
owlrl,2,1000,70210,BASE-Q07,observability,core,fog,regional,internal,single,fog,1,43.042185,43.042185,17,,49e5cad9fc8da02f91644cc156680c58b0013b24796fb6b07ab8c6efd99756d7,completed,False,,,
owlrl,2,1000,70210,BASE-Q08,observability,core,fog,regional,internal,single,fog,1,41.487574,41.487574,2,,6527f1e187dfa51f5dc78e109fe2d9fb47aed82a4ec8f897d1dda6ee6850aa0a,completed,False,,,
owlrl,2,1000,70210,BASE-Q09,wellbeing,domain,authorities,data_owner,restricted,set_union,edge1|edge2|edge3,3,208.411981,621.90013,1006,,5c864afe28cdd133d62f68ea011667b00010687999fed7bb60acc6c006f516b8,completed,False,,,
owlrl,2,1000,70210,BASE-Q10,observability,domain,authorities,data_owner,restricted,set_union,edge1|edge2|edge3,3,809.820611,2382.571127,1004,,3a8284b2a36f1c3cff6c7a21d37255640f9742f29431b28cbeb42dbbd900832f,completed,False,,,
owlrl,2,1000,70210,BASE-Q11,wellbeing,core,authority_key:http://example.org/smartcity#UserA,data_owner,confidential,single,edge1,1,15.151759,15.151759,1,,941d461ce01f2fa52ba95291e46e52524d75bd44e2b938eab7e81404936a8b7c,completed,False,,,
owlrl,2,1000,70210,BASE-Q12,adaptation,core,authorities,data_owner,confidential,set_union,edge1|edge2|edge3,3,26.153759,62.200869,1,,ddcd6b8cd42f3d2e1f6aa052eeeca5d4423f9db85cdc91915481db3956dfffff,completed,False,,,
owlrl,2,1000,70210,BASE-Q13,adaptation,core,authorities,data_owner,confidential,set_union,edge1|edge2|edge3,3,18.367908,53.705059,1,,25e56d4be1969d1d6de5386e2c3ff26456f8069edb7847a9dc7e32a9b09c8948,completed,False,,,
owlrl,2,1000,70210,BASE-Q14,delegation,core,authority_key:http://example.org/smartcity#UserA,data_owner,confidential,single,edge1,1,17.357704,17.357704,1,,dcd8c3258e95549dde016df10cf22183c036214d75d30e686ca7ac2fb5ea3271,completed,False,,,
owlrl,2,1000,70210,BASE-Q15,identity_consent,core,authorities,data_owner,confidential,set_union,edge1|edge2|edge3,3,12.120277,34.988235,1,,7ac55bded7c8d1294bfcac4ddeb28b5921a8083a19185e216bf5d1c0d62bd370,completed,False,,,
owlrl,2,1000,70210,BASE-Q16,federation,core,authorities,data_owner,confidential,set_union,edge1|edge2|edge3,3,470.509718,522.101773,3,,550eeca87dc96402bbed090f1737eaacfb6b27d2290401797018cbcf303b8147,completed,False,,,
owlrl,2,1000,70210,BASE-Q17,context_zones,domain,authorities,data_owner,restricted,set_union,edge1|edge2|edge3,3,27.059478,78.327664,1,,50b7b5a085e0802a1897953a959e0c9ea4c5f943dc26de55b2219ea7deac4b89,completed,False,,,
owlrl,2,1000,70210,BASE-Q18,context_zones,core,authorities,data_owner,confidential,set_union,edge1|edge2|edge3,3,16.53728,36.843113,1,,200d4d55bb0d8b9374961d2df3fa99d83d8caf54dc79a7784bb84dd44b081eda,completed,False,,,
owlrl,2,1000,70210,BASE-Q19,decision,core,fog,regional,internal,single,fog,1,37.336185,37.336185,14,,d653cc97aec65db423a153821e48534993e1bb0eea1ae3582c3e43e91a7a4881,completed,False,,,
owlrl,2,1000,70210,BASE-Q20,identity_consent,domain,authorities,data_owner,restricted,set_union,edge1|edge2|edge3,3,209.13824,621.629515,1004,,b9c92a528ed99fe32b59d1423f08cfeca1bae3d920e8d3d23c344edea0754ef0,completed,False,,,
owlrl,2,1000,70210,BASE-Q21,decision,core,authorities,data_owner,confidential,set_union,edge1|edge2|edge3,3,32.328389,85.18666400000001,11,,7fc13e36a90de226eedecbd26ccd453be5ba11798c2c5af4a7d857a15cbb7e1e,completed,False,,,
owlrl,2,1000,70210,BASE-Q22,adaptation,core,authorities,data_owner,confidential,set_union,edge1|edge2|edge3,3,24.079278,71.339234,3,,70205401426a8e8adbf4220710b3638c6a47af2e7e7264f0b771b1bcbb070e80,completed,False,,,
owlrl,2,1000,70210,BASE-Q23,topology,core,authorities,data_owner,confidential,set_union,edge1|edge2|edge3,3,197.48024,580.693165,1001,,a5b6a62f4a32c695cefef61522e29a0e2a63df4485485a1859f69b4091d69704,completed,False,,,
owlrl,2,1000,70210,BASE-Q24,federation,core,authorities,data_owner,confidential,set_union,edge1|edge2|edge3,3,42.227482,97.809792,5,,0d4871d54d4eadbfa110f9223c2a6b641ea8c65326db34ade1288d5eab5ceb54,completed,False,,,
owlrl,2,1000,70210,BASE-Q25,identity_consent,core,authorities,data_owner,confidential,set_union,edge1|edge2|edge3,3,19.814099,46.58095,1,,4591a69ecb6837fd65b28a9688ad10f0fb7b8ca54c1a6ac395ef142fc831cfbf,completed,False,,,
owlrl,2,1000,70210,BASE-Q26,observability,core,fog,regional,internal,boolean_or,fog,1,5.812833,5.812833,1,True,35df7182aa6c75e0a1066245f679b81ec9ad05e9964a0684980a466c9cc63ac4,completed,False,,,
owlrl,2,1000,70210,BASE-Q27,adaptation,core,authorities,data_owner,confidential,boolean_or,edge1|edge2|edge3,3,14.649204,31.988566,1,True,35df7182aa6c75e0a1066245f679b81ec9ad05e9964a0684980a466c9cc63ac4,completed,False,,,
owlrl,2,1000,70210,BASE-Q28,identity_consent,domain,authorities,data_owner,restricted,boolean_or,edge1|edge2|edge3,3,68.720363,176.473437,0,False,92b91e0dd8f69dcc43f3c56062f944147504cf0d80f20c98005fda34c727fd7e,completed,False,,,
owlrl,2,1000,70210,BASE-Q29,topology,core,fog,regional,internal,boolean_or,fog,1,14.600611,14.600611,1,True,35df7182aa6c75e0a1066245f679b81ec9ad05e9964a0684980a466c9cc63ac4,completed,False,,,
owlrl,2,1000,70210,BASE-Q30,federation,core,authorities,data_owner,confidential,boolean_or,edge1|edge2|edge3,3,6.906852,20.609787,1,True,35df7182aa6c75e0a1066245f679b81ec9ad05e9964a0684980a466c9cc63ac4,completed,False,,,
owlrl,2,1000,70210,BASE-Q31,identity_consent,core,cloud,global,internal,single,cloud,1,12.908271,12.908271,3,,e58488661bb31eeed68b26401ebd5accf7e903b2aee284e0d4583cd308f09c44,completed,False,,,
owlrl,2,1000,70210,BASE-Q32,decision,core,fog,regional,internal,single,fog,1,16.77063,16.77063,4,,b91031de6b6257d2428b9195175f3c860291b874d6603c50eb4713a1b65b2628,completed,False,,,
owlrl,2,1000,70210,BASE-Q33,observability,core,authority_key:http://example.org/smartcity#UserB,data_owner,confidential,single,edge2,1,27.036389,27.036389,6,,266b725bd09060968038a13b819756b9927e2ae12c035d7aacba171bf38a3696,completed,False,,,
owlrl,2,1000,70210,BASE-Q34,topology,core,fog,regional,internal,single,fog,1,10.841,10.841,1,,7c66062f36ae31e8068455da76c0bb4f918e7f6b8ecee7cd8a7946f3b6047884,completed,False,,,
owlrl,2,1000,70210,BASE-Q35,delegation,core,authorities,data_owner,confidential,set_union,edge1|edge2|edge3,3,57.207556,115.885351,180,,56209ad42eb677718c0bba3e1f9fcee730c2c2912264ceea293e4ef01f23a56f,completed,False,,,
owlrl,2,1000,70210,EXT-Q01,semantic_schema,core,cloud,global,internal,single,cloud,1,6.813177,6.813177,6,,66d5edbbdc2282624ffec271a4a523a20fdc7331b886d2884edf86a885532bcc,completed,False,,,
owlrl,2,1000,70210,EXT-Q02,semantic_schema,core,cloud,global,internal,single,cloud,1,5.885708,5.885708,3,,81bea9a8c2d4cf1237d7fb131249cc18ec4ca629eeabaadbd5f0b9b58d3e3333,completed,False,,,
owlrl,2,1000,70210,EXT-Q03,policy_governance,core,cloud,global,internal,single,cloud,1,18.644067,18.644067,79,,d73ae3d5ddfcd345147bae778101c21ab13194fca3fa92ad08259d39931b66d5,completed,False,,,
owlrl,2,1000,70210,EXT-Q04,policy_governance,core,cloud,global,internal,single,cloud,1,14.461745,14.461745,55,,fced7e97d29b215a8321753998b7519dc1825dacc4af090c67ffc54bee4479bc,completed,False,,,
owlrl,2,1000,70210,EXT-Q05,semantic_schema,core,cloud,global,internal,single,cloud,1,16.724879,16.724879,17,,e0fc9190703b6a7b2695ddc448f5c7e54c4feeff2545477c3194ebfd8ccb1f0c,completed,False,,,
owlrl,2,1000,70210,EXT-Q06,semantic_schema,core,cloud,global,internal,single,cloud,1,3.638434,3.638434,12,,1377568d225cfb45a1899c2ea951adf7ebda5ada4e188dbf5f114110484fa3ae,completed,False,,,
owlrl,2,1000,70210,EXT-Q07,policy_governance,core,cloud,global,internal,single,cloud,1,33.436145,33.436145,67,,c3cf27e703656fdaa8295f23b31076c1afcb14a5022b1b47538e2961fe033646,completed,False,,,
owlrl,2,1000,70210,EXT-Q08,policy_governance,core,cloud,global,internal,single,cloud,1,65.590148,65.590148,1089,,cb9e0103c9327f1c4691ec9d7612deebd04c0e73140f23e2a6209bb8af1efc51,completed,False,,,
owlrl,2,1000,70210,EXT-Q09,policy_governance,core,cloud,global,internal,single,cloud,1,14.488586,14.488586,6,,68de07660e010156bf3f3ea01000180657c8e8fc155ac9a053c3a64dbc538102,completed,False,,,
owlrl,2,1000,70210,EXT-Q10,policy_governance,core,cloud,global,internal,single,cloud,1,38.642747,38.642747,0,,e3b0c44298fc1c149afbf4c8996fb92427ae41e4649b934ca495991b7852b855,completed,False,,,
owlrl,2,1000,70210,EXT-Q11,identity_consent,core,authorities,data_owner,confidential,set_union,edge1|edge2|edge3,3,181.314445,527.035622,1025,,cde5c4644950b6999d9356b275f978f0ef3730836ffe9f84a58a5867853e0e45,completed,False,,,
owlrl,2,1000,70210,EXT-Q12,identity_consent,core,authorities,data_owner,confidential,set_union,edge1|edge2|edge3,3,174.603185,517.897237,1028,,9ea1992c2211c1f23f0ba1a748da72282da84b7f7ab41e01ce7999cd716583ba,completed,False,,,
owlrl,2,1000,70210,EXT-Q13,identity_consent,core,authorities,data_owner,confidential,set_union,edge1|edge2|edge3,3,249.043537,739.992915,0,,e3b0c44298fc1c149afbf4c8996fb92427ae41e4649b934ca495991b7852b855,completed,False,,,
owlrl,2,1000,70210,EXT-Q14,identity_consent,core,authorities,data_owner,confidential,set_union,edge1|edge2|edge3,3,277.514907,776.688047,0,,e3b0c44298fc1c149afbf4c8996fb92427ae41e4649b934ca495991b7852b855,completed,False,,,
owlrl,2,1000,70210,EXT-Q15,identity_consent,core,authorities,data_owner,confidential,set_union,edge1|edge2|edge3,3,5228.629015,15463.702891,0,,e3b0c44298fc1c149afbf4c8996fb92427ae41e4649b934ca495991b7852b855,completed,False,,,
owlrl,2,1000,70210,EXT-Q16,identity_consent,core,authorities,data_owner,confidential,set_union,edge1|edge2|edge3,3,3346.246961,9981.873143,0,,e3b0c44298fc1c149afbf4c8996fb92427ae41e4649b934ca495991b7852b855,completed,False,,,
owlrl,2,1000,70210,EXT-Q17,identity_consent,core,authorities,data_owner,confidential,set_union,edge1|edge2|edge3,3,57.663259,119.402317,8,,3071bd3ad9cc1daac2632f317152a64e2d9d9e0d189068465ece1f8c3872334f,completed,False,,,
owlrl,2,1000,70210,EXT-Q18,identity_consent,core,authorities,data_owner,confidential,set_union,edge1|edge2|edge3,3,319.371955,909.586196,0,,e3b0c44298fc1c149afbf4c8996fb92427ae41e4649b934ca495991b7852b855,completed,False,,,
owlrl,2,1000,70210,EXT-Q19,identity_consent,core,authorities,data_owner,confidential,set_union,edge1|edge2|edge3,3,183.769322,544.25897,0,,e3b0c44298fc1c149afbf4c8996fb92427ae41e4649b934ca495991b7852b855,completed,False,,,
owlrl,2,1000,70210,EXT-Q20,identity_consent,core,authorities,data_owner,confidential,set_union,edge1|edge2|edge3,3,18.972246,44.57143,0,,e3b0c44298fc1c149afbf4c8996fb92427ae41e4649b934ca495991b7852b855,completed,False,,,
owlrl,2,1000,70210,EXT-Q21,identity_consent,core,authorities,data_owner,confidential,set_union,edge1|edge2|edge3,3,25.366297,70.977234,58,,6e6d9e3db6cd7bbb93e0d6feafb155f966b98e945250ca473bf302c2a406fef9,completed,False,,,
owlrl,2,1000,70210,EXT-Q22,security_identity,domain,authorities,data_owner,restricted,set_union,edge1|edge2|edge3,3,999.382907,2520.308344,0,,e3b0c44298fc1c149afbf4c8996fb92427ae41e4649b934ca495991b7852b855,completed,False,,,
owlrl,2,1000,70210,EXT-Q23,data_lifecycle,core,authorities,data_owner,confidential,set_union,edge1|edge2|edge3,3,26.187926,75.038381,3,,3955e7b96dea26719774b2d2a200be73c38cf84521f9352a6b96ed1af0a71d7a,completed,False,,,
owlrl,2,1000,70210,EXT-Q24,data_lifecycle,core,authorities,data_owner,confidential,set_union,edge1|edge2|edge3,3,269.954611,770.052904,1002,,d26bb96b68475adcfcdc97daccd35c3ee1e911735072d8e4e028866042f80c61,completed,False,,,
owlrl,2,1000,70210,EXT-Q25,data_lifecycle,domain,authorities,data_owner,restricted,set_union,edge1|edge2|edge3,3,382.504741,1137.772784,0,,e3b0c44298fc1c149afbf4c8996fb92427ae41e4649b934ca495991b7852b855,completed,False,,,
owlrl,2,1000,70210,EXT-Q26,security_identity,core,authorities,data_owner,confidential,set_union,edge1|edge2|edge3,3,1734.40061,5186.070041,1004,,3804f2120ffebab207f751cc61dae69eb8c7a5d75dd28a8f7ea53333ffe7ec19,completed,False,,,
owlrl,2,1000,70210,EXT-Q27,security_identity,core,authorities,data_owner,confidential,set_union,edge1|edge2|edge3,3,46.966241,119.632063,0,,e3b0c44298fc1c149afbf4c8996fb92427ae41e4649b934ca495991b7852b855,completed,False,,,
owlrl,2,1000,70210,EXT-Q28,security_identity,core,authorities,data_owner,confidential,set_union,edge1|edge2|edge3,3,30.073389,79.994074,0,,e3b0c44298fc1c149afbf4c8996fb92427ae41e4649b934ca495991b7852b855,completed,False,,,
owlrl,2,1000,70210,EXT-Q29,security_identity,core,cloud,global,internal,single,cloud,1,6.35711,6.35711,1,,5e56d4b1c34d01016304a6e8bc0397a3d6e7898ce43942ff1b6aab07b06810f2,completed,False,,,
owlrl,2,1000,70210,EXT-Q30,security_identity,core,cloud,global,internal,single,cloud,1,2.58898,2.58898,0,,e3b0c44298fc1c149afbf4c8996fb92427ae41e4649b934ca495991b7852b855,completed,False,,,
owlrl,2,1000,70210,EXT-Q31,data_lifecycle,core,authorities,data_owner,confidential,set_union,edge1|edge2|edge3,3,18.770185,54.531651,0,,e3b0c44298fc1c149afbf4c8996fb92427ae41e4649b934ca495991b7852b855,completed,False,,,
owlrl,2,1000,70210,EXT-Q32,data_lifecycle,core,authorities,data_owner,confidential,set_union,edge1|edge2|edge3,3,11.407944,33.629995,0,,e3b0c44298fc1c149afbf4c8996fb92427ae41e4649b934ca495991b7852b855,completed,False,,,
owlrl,2,1000,70210,EXT-Q33,data_lifecycle,core,authorities,data_owner,confidential,set_union,edge1|edge2|edge3,3,27.220445,72.391009,0,,e3b0c44298fc1c149afbf4c8996fb92427ae41e4649b934ca495991b7852b855,completed,False,,,
owlrl,2,1000,70210,EXT-Q34,data_lifecycle,core,authorities,data_owner,confidential,set_union,edge1|edge2|edge3,3,19.711815,57.465616000000004,0,,e3b0c44298fc1c149afbf4c8996fb92427ae41e4649b934ca495991b7852b855,completed,False,,,
owlrl,2,1000,70210,EXT-Q35,data_lifecycle,core,authorities,data_owner,confidential,set_union,edge1|edge2|edge3,3,90.218722,266.56066599999997,1006,,acac449fa92e27e22dc24267dc2e4f0fe6ec73002c1e708d127b416974e8ac8d,completed,False,,,
owlrl,2,1000,70210,EXT-Q36,context_zones,core,authority_key:http://example.org/smartcity#UserA,data_owner,confidential,single,edge1,1,27.1015,27.1015,1,,b691a10c930fd32c789bb07f0f1fd7d606e3241b1fbe110ce3bb9c0f5b95cd37,completed,False,,,
owlrl,2,1000,70210,EXT-Q37,context_zones,domain,authorities,data_owner,restricted,set_union,edge1|edge2|edge3,3,90.98824,210.166166,0,,e3b0c44298fc1c149afbf4c8996fb92427ae41e4649b934ca495991b7852b855,completed,False,,,
owlrl,2,1000,70210,EXT-Q38,context_zones,domain,authorities,data_owner,restricted,set_union,edge1|edge2|edge3,3,43.913926,131.081647,1,,d0d58146bc80e4e03947b8200631e8b89fdb27ee77b2a31daf4bee1a10c44367,completed,False,,,
owlrl,2,1000,70210,EXT-Q39,context_zones,core,authority_key:http://example.org/smartcity#UserA,data_owner,confidential,single,edge1,1,16.213018,16.213018,5,,1ca154c8210da56b45e42825f86a318f53dc0325a456648a0db2cbcced59de18,completed,False,,,
owlrl,2,1000,70210,EXT-Q40,trust,core,fog,regional,internal,single,fog,1,34.174704,34.174704,17,,280bc0ca1f5dd3885dbb6f8fa3e0cf6824155cc72b18cdbfa420a8bf31252832,completed,False,,,
owlrl,2,1000,70210,EXT-Q41,trust,core,fog,regional,internal,single,fog,1,30.891481,30.891481,0,,e3b0c44298fc1c149afbf4c8996fb92427ae41e4649b934ca495991b7852b855,completed,False,,,
owlrl,2,1000,70210,EXT-Q42,trust,core,fog,regional,internal,single,fog,1,22.078277,22.078277,14,,32195a9183d826e40a163c26d60a4e81485d91f218e63dca7ac781a4ea86e857,completed,False,,,
owlrl,2,1000,70210,EXT-Q43,trust,core,fog,regional,internal,single,fog,1,38.750426,38.750426,17,,d66cbd33fe91bbbc5210126f5cdb5f4c00c78f1858dfbc54040d757fb43c718d,completed,False,,,
owlrl,2,1000,70210,EXT-Q44,trust,core,authorities,data_owner,confidential,set_union,edge1|edge2|edge3,3,23.792889,64.147989,10,,106b6808e582efd6a78626f18c7807191e7a08ebe629f87847227d80e6ce6f19,completed,False,,,
owlrl,2,1000,70210,EXT-Q45,trust,core,authorities,data_owner,confidential,set_union,edge1|edge2|edge3,3,53.231796,157.53826800000002,0,,e3b0c44298fc1c149afbf4c8996fb92427ae41e4649b934ca495991b7852b855,completed,False,,,
owlrl,2,1000,70210,EXT-Q46,decision,core,authorities,data_owner,confidential,set_union,edge1|edge2|edge3,3,33.003815,87.403663,11,,497649f7b7fb5bb312db17c133552fcb5363c177bcdf3a7d4da3f9e09d27ef3a,completed,False,,,
owlrl,2,1000,70210,EXT-Q47,decision,core,authorities,data_owner,confidential,set_union,edge1|edge2|edge3,3,37.8705,96.70055500000001,0,,e3b0c44298fc1c149afbf4c8996fb92427ae41e4649b934ca495991b7852b855,completed,False,,,
owlrl,2,1000,70210,EXT-Q48,decision,core,authorities,data_owner,confidential,set_union,edge1|edge2|edge3,3,40.816199,104.307422,0,,e3b0c44298fc1c149afbf4c8996fb92427ae41e4649b934ca495991b7852b855,completed,False,,,
owlrl,2,1000,70210,EXT-Q49,decision,core,authorities,data_owner,confidential,set_union,edge1|edge2|edge3,3,28.095019,78.133551,8,,61a1a998385e4071933469d06cffd5e2cd092016daefcdce08d2e38a8bf4d078,completed,False,,,
owlrl,2,1000,70210,EXT-Q50,decision,core,authorities,data_owner,confidential,set_union,edge1|edge2|edge3,3,33.207093,99.51283799999999,0,,e3b0c44298fc1c149afbf4c8996fb92427ae41e4649b934ca495991b7852b855,completed,False,,,
owlrl,2,1000,70210,EXT-Q51,decision,core,authorities,data_owner,confidential,set_union,edge1|edge2|edge3,3,43.100649,90.183696,32,,d96e9e0968e2bb5a55d9ce98a9e9522d5cb6082d083dcb5d8b65c30d87614d48,completed,False,,,
owlrl,2,1000,70210,EXT-Q52,decision,core,authorities,data_owner,confidential,set_union,edge1|edge2|edge3,3,30.251592,74.967342,32,,e4cc722951be46789eb75264501a53ba96774192510017491e856efc76f0aa19,completed,False,,,
owlrl,2,1000,70210,EXT-Q53,decision,core,authorities,data_owner,confidential,set_union,edge1|edge2|edge3,3,71.123463,169.66098499999998,0,,e3b0c44298fc1c149afbf4c8996fb92427ae41e4649b934ca495991b7852b855,completed,False,,,
owlrl,2,1000,70210,EXT-Q54,decision,domain,authorities,data_owner,restricted,set_union,edge1|edge2|edge3,3,130.759055,389.826994,0,,e3b0c44298fc1c149afbf4c8996fb92427ae41e4649b934ca495991b7852b855,completed,False,,,
owlrl,2,1000,70210,EXT-Q55,decision,core,authorities,data_owner,confidential,set_union,edge1|edge2|edge3,3,32.928796,72.816245,8,,8c3e48566f94616cee569d9b5812ba30ec566c1adc22c2c92d13749c523df534,completed,False,,,
owlrl,2,1000,70210,EXT-Q56,decision,core,authorities,data_owner,confidential,set_union,edge1|edge2|edge3,3,50.202574,147.66669,0,,e3b0c44298fc1c149afbf4c8996fb92427ae41e4649b934ca495991b7852b855,completed,False,,,
owlrl,2,1000,70210,EXT-Q57,decision,core,authorities,data_owner,confidential,set_union,edge1|edge2|edge3,3,19.688778,57.280394,7,,058d2944c03f01a48917edc20c871d5f86e2b184778cd894bf433e94a8ffca12,completed,False,,,
owlrl,2,1000,70210,EXT-Q58,decision,core,authorities,data_owner,confidential,set_union,edge1|edge2|edge3,3,29.482185,87.831924,7,,5a003716962d1299d69dd1de460f6a48eb40b34fbbb1eeb486379f039621a795,completed,False,,,
owlrl,2,1000,70210,EXT-Q59,adaptation,core,authorities,data_owner,confidential,set_union,edge1|edge2|edge3,3,67.611426,145.705251,35,,a67f4df76b0ad2595fa03a50ef968560610616068e1b79b7d520849c791090ca,completed,False,,,
owlrl,2,1000,70210,EXT-Q60,adaptation,core,authorities,data_owner,confidential,set_union,edge1|edge2|edge3,3,27.955851,79.387254,1,,285931564bf116179a45da920fdf958a3347ea1df763213bb7e2afba77c47d16,completed,False,,,
owlrl,2,1000,70210,EXT-Q61,adaptation,core,authorities,data_owner,confidential,set_union,edge1|edge2|edge3,3,9.082574,25.140473,0,,e3b0c44298fc1c149afbf4c8996fb92427ae41e4649b934ca495991b7852b855,completed,False,,,
owlrl,2,1000,70210,EXT-Q62,adaptation,core,authorities,data_owner,confidential,set_union,edge1|edge2|edge3,3,22.664851,65.808545,1,,3dafef0eca79c68f05b79939f40198bc13232639d500d3e9875bc263b0f00d4d,completed,False,,,
owlrl,2,1000,70210,EXT-Q63,delegation,core,authorities,data_owner,confidential,set_union,edge1|edge2|edge3,3,25.064277,72.60188099999999,1,,d4b4c3785ae985658dfc4a4433dd002e5aec5a2321080af4e85474c06a3404f5,completed,False,,,
owlrl,2,1000,70210,EXT-Q64,delegation,core,authorities,data_owner,confidential,set_union,edge1|edge2|edge3,3,21.453278,62.005784000000006,0,,e3b0c44298fc1c149afbf4c8996fb92427ae41e4649b934ca495991b7852b855,completed,False,,,
owlrl,2,1000,70210,EXT-Q65,delegation,core,authorities,data_owner,confidential,set_union,edge1|edge2|edge3,3,13.18537,38.627626,0,,e3b0c44298fc1c149afbf4c8996fb92427ae41e4649b934ca495991b7852b855,completed,False,,,
owlrl,2,1000,70210,EXT-Q66,federation,core,authorities,data_owner,confidential,set_union,edge1|edge2|edge3,3,25.631722,72.450844,2,,1a9af60cfbb87dd79b68021c3d70e1ee6f230e648f1ad6360ef50fffd374b4df,completed,False,,,
owlrl,2,1000,70210,EXT-Q67,federation,core,authorities,data_owner,confidential,set_union,edge1|edge2|edge3,3,39.510556,116.90330900000001,0,,e3b0c44298fc1c149afbf4c8996fb92427ae41e4649b934ca495991b7852b855,completed,False,,,
owlrl,2,1000,70210,EXT-Q68,federation,core,authorities,data_owner,confidential,set_union,edge1|edge2|edge3,3,32.431689,81.681022,0,,e3b0c44298fc1c149afbf4c8996fb92427ae41e4649b934ca495991b7852b855,completed,False,,,
owlrl,2,1000,70210,EXT-Q69,federation,core,authorities,data_owner,confidential,set_union,edge1|edge2|edge3,3,28.663222,81.938903,2,,8271d93912e320b11a3ca6d70e5061d5132abb26053b022198090871531d61eb,completed,False,,,
owlrl,2,1000,70210,EXT-Q70,audit_temporal,core,authorities,data_owner,confidential,set_union,edge1|edge2|edge3,3,110.810574,182.90313600000002,204,,01824916f48e90d6c6df066f2950c4d8a2e2d6f71ba4af556d43e8921ae41930,completed,False,,,
owlrl,2,1000,70210,EXT-Q71,audit_temporal,core,authorities,data_owner,confidential,set_union,edge1|edge2|edge3,3,42.456778,112.590395,0,,e3b0c44298fc1c149afbf4c8996fb92427ae41e4649b934ca495991b7852b855,completed,False,,,
owlrl,2,1000,70210,EXT-Q72,audit_temporal,core,authorities,data_owner,confidential,set_union,edge1|edge2|edge3,3,41.089388,93.687162,0,,e3b0c44298fc1c149afbf4c8996fb92427ae41e4649b934ca495991b7852b855,completed,False,,,
owlrl,2,1000,70210,EXT-Q73,audit_temporal,core,authorities,data_owner,confidential,set_union,edge1|edge2|edge3,3,2071.513777,6148.574263,9137,,ec63485cc69415da5d42a39d5594d2c4e7ad134d1f49c68569aaf7187ea15195,completed,False,,,
owlrl,2,1000,70210,EXT-Q74,audit_temporal,core,authorities,data_owner,confidential,set_union,edge1|edge2|edge3,3,2813.460406,8339.482471,0,,e3b0c44298fc1c149afbf4c8996fb92427ae41e4649b934ca495991b7852b855,completed,False,,,
owlrl,2,1000,70210,EXT-Q75,validation,core,cloud,global,internal,single,cloud,1,17.491199,17.491199,74,,8dd432df42d733f2411b2aebc51682848ddadc97425c41088f0a99090f77f1c0,completed,False,,,
owlrl,2,1000,70210,EXT-Q76,validation,core,cloud,global,internal,single,cloud,1,4.879936,4.879936,9,,50bf3d3f7f446e045722279f6d243ecc804cd2cf73b381d9c89f530b567855ea,completed,False,,,
owlrl,2,1000,70210,EXT-Q77,validation,core,cloud,global,internal,single,cloud,1,22.061392,22.061392,6,,ba52fb52449a77784e328f0aaa19807ddd9156c7457ea722a8af2f2082dce9ad,completed,False,,,
owlrl,2,1000,70210,EXT-Q78,policy_governance,core,cloud,global,internal,single,cloud,1,13.039574,13.039574,37,,dc49d089c1cfb621b31177ad5794c8ca7638f40689eba56af4f4ea2a38c683f1,completed,False,,,
owlrl,2,1000,70210,EXT-Q79,policy_governance,core,cloud,global,internal,single,cloud,1,9.83446,9.83446,0,,e3b0c44298fc1c149afbf4c8996fb92427ae41e4649b934ca495991b7852b855,completed,False,,,
owlrl,2,1000,70210,EXT-Q80,validation,core,cloud,global,internal,single,cloud,1,32.811573,32.811573,13,,29f568d3556dc47edef378afb04137d72867c6c2c8e31190e3839b9757187b0b,completed,False,,,
owlrl,3,1000,70210,BASE-Q01,identity_consent,core,authorities,data_owner,confidential,set_union,edge1|edge2|edge3,3,164.104113,488.92305700000003,1004,,961d2a31138e1448ab934e47fc862258aa0e626dc4abef7eeaf396a53d898ec3,completed,False,,,
owlrl,3,1000,70210,BASE-Q02,topology,core,authority_key:http://example.org/smartcity#UserB,data_owner,confidential,single,edge2,1,26.37787,26.37787,20,,ca0ab9be224d80531e336d6db23ad2d662b9687ff746663e404aa175453022fc,completed,False,,,
owlrl,3,1000,70210,BASE-Q03,wellbeing,domain,authorities,data_owner,restricted,set_union,edge1|edge2|edge3,3,156.273111,467.856065,1004,,a50bc87eb0e3d58e491ebcc36ae6e08f32f5162a1eaddd5e452fe1ae464798a2,completed,False,,,
owlrl,3,1000,70210,BASE-Q04,decision,core,authority_key:http://example.org/smartcity#UserB,data_owner,confidential,single,edge2,1,21.527759,21.527759,7,,cc222a87554e870ffae43cba023647670c0589b8ec1b4500dd1d797a399c3bf2,completed,False,,,
owlrl,3,1000,70210,BASE-Q05,wellbeing,domain,authorities,data_owner,restricted,set_union,edge1|edge2|edge3,3,20.408611,56.731967,5,,4b096b851fd9e6935d2e2e6c7bd57464c473db58008af4b34e60338033a84d23,completed,False,,,
owlrl,3,1000,70210,BASE-Q06,identity_consent,core,cloud,global,internal,single,cloud,1,4.011881,4.011881,10,,f8aebcef3bdb5c68142d34426190fd6a36c4b31394471c9c7602e6c19e67ff84,completed,False,,,
owlrl,3,1000,70210,BASE-Q07,observability,core,fog,regional,internal,single,fog,1,41.775315,41.775315,17,,49e5cad9fc8da02f91644cc156680c58b0013b24796fb6b07ab8c6efd99756d7,completed,False,,,
owlrl,3,1000,70210,BASE-Q08,observability,core,fog,regional,internal,single,fog,1,176.886259,176.886259,2,,6527f1e187dfa51f5dc78e109fe2d9fb47aed82a4ec8f897d1dda6ee6850aa0a,completed,False,,,
owlrl,3,1000,70210,BASE-Q09,wellbeing,domain,authorities,data_owner,restricted,set_union,edge1|edge2|edge3,3,210.871814,625.096904,1006,,5c864afe28cdd133d62f68ea011667b00010687999fed7bb60acc6c006f516b8,completed,False,,,
owlrl,3,1000,70210,BASE-Q10,observability,domain,authorities,data_owner,restricted,set_union,edge1|edge2|edge3,3,824.175444,2394.792812,1004,,3a8284b2a36f1c3cff6c7a21d37255640f9742f29431b28cbeb42dbbd900832f,completed,False,,,
owlrl,3,1000,70210,BASE-Q11,wellbeing,core,authority_key:http://example.org/smartcity#UserA,data_owner,confidential,single,edge1,1,15.107667,15.107667,1,,941d461ce01f2fa52ba95291e46e52524d75bd44e2b938eab7e81404936a8b7c,completed,False,,,
owlrl,3,1000,70210,BASE-Q12,adaptation,core,authorities,data_owner,confidential,set_union,edge1|edge2|edge3,3,22.665778,51.364147,1,,ddcd6b8cd42f3d2e1f6aa052eeeca5d4423f9db85cdc91915481db3956dfffff,completed,False,,,
owlrl,3,1000,70210,BASE-Q13,adaptation,core,authorities,data_owner,confidential,set_union,edge1|edge2|edge3,3,18.78837,54.17204,1,,25e56d4be1969d1d6de5386e2c3ff26456f8069edb7847a9dc7e32a9b09c8948,completed,False,,,
owlrl,3,1000,70210,BASE-Q14,delegation,core,authority_key:http://example.org/smartcity#UserA,data_owner,confidential,single,edge1,1,17.354778,17.354778,1,,dcd8c3258e95549dde016df10cf22183c036214d75d30e686ca7ac2fb5ea3271,completed,False,,,
owlrl,3,1000,70210,BASE-Q15,identity_consent,core,authorities,data_owner,confidential,set_union,edge1|edge2|edge3,3,11.860148,34.855625,1,,7ac55bded7c8d1294bfcac4ddeb28b5921a8083a19185e216bf5d1c0d62bd370,completed,False,,,
owlrl,3,1000,70210,BASE-Q16,federation,core,authorities,data_owner,confidential,set_union,edge1|edge2|edge3,3,38.744993,89.399364,3,,550eeca87dc96402bbed090f1737eaacfb6b27d2290401797018cbcf303b8147,completed,False,,,
owlrl,3,1000,70210,BASE-Q17,context_zones,domain,authorities,data_owner,restricted,set_union,edge1|edge2|edge3,3,42.101497,92.840923,1,,50b7b5a085e0802a1897953a959e0c9ea4c5f943dc26de55b2219ea7deac4b89,completed,False,,,
owlrl,3,1000,70210,BASE-Q18,context_zones,core,authorities,data_owner,confidential,set_union,edge1|edge2|edge3,3,10.544458,30.810845999999998,1,,200d4d55bb0d8b9374961d2df3fa99d83d8caf54dc79a7784bb84dd44b081eda,completed,False,,,
owlrl,3,1000,70210,BASE-Q19,decision,core,fog,regional,internal,single,fog,1,38.992999,38.992999,14,,d653cc97aec65db423a153821e48534993e1bb0eea1ae3582c3e43e91a7a4881,completed,False,,,
owlrl,3,1000,70210,BASE-Q20,identity_consent,domain,authorities,data_owner,restricted,set_union,edge1|edge2|edge3,3,238.963796,646.9021789999999,1004,,b9c92a528ed99fe32b59d1423f08cfeca1bae3d920e8d3d23c344edea0754ef0,completed,False,,,
owlrl,3,1000,70210,BASE-Q21,decision,core,authorities,data_owner,confidential,set_union,edge1|edge2|edge3,3,33.497815,91.043569,11,,7fc13e36a90de226eedecbd26ccd453be5ba11798c2c5af4a7d857a15cbb7e1e,completed,False,,,
owlrl,3,1000,70210,BASE-Q22,adaptation,core,authorities,data_owner,confidential,set_union,edge1|edge2|edge3,3,37.42888,85.46884299999999,3,,70205401426a8e8adbf4220710b3638c6a47af2e7e7264f0b771b1bcbb070e80,completed,False,,,
owlrl,3,1000,70210,BASE-Q23,topology,core,authorities,data_owner,confidential,set_union,edge1|edge2|edge3,3,233.797,615.696628,1001,,a5b6a62f4a32c695cefef61522e29a0e2a63df4485485a1859f69b4091d69704,completed,False,,,
owlrl,3,1000,70210,BASE-Q24,federation,core,authorities,data_owner,confidential,set_union,edge1|edge2|edge3,3,29.403388,81.075995,5,,0d4871d54d4eadbfa110f9223c2a6b641ea8c65326db34ade1288d5eab5ceb54,completed,False,,,
owlrl,3,1000,70210,BASE-Q25,identity_consent,core,authorities,data_owner,confidential,set_union,edge1|edge2|edge3,3,19.821988,46.654562,1,,4591a69ecb6837fd65b28a9688ad10f0fb7b8ca54c1a6ac395ef142fc831cfbf,completed,False,,,
owlrl,3,1000,70210,BASE-Q26,observability,core,fog,regional,internal,boolean_or,fog,1,6.315092,6.315092,1,True,35df7182aa6c75e0a1066245f679b81ec9ad05e9964a0684980a466c9cc63ac4,completed,False,,,
owlrl,3,1000,70210,BASE-Q27,adaptation,core,authorities,data_owner,confidential,boolean_or,edge1|edge2|edge3,3,8.873852,26.279788,1,True,35df7182aa6c75e0a1066245f679b81ec9ad05e9964a0684980a466c9cc63ac4,completed,False,,,
owlrl,3,1000,70210,BASE-Q28,identity_consent,domain,authorities,data_owner,restricted,boolean_or,edge1|edge2|edge3,3,61.919241,148.346184,0,False,92b91e0dd8f69dcc43f3c56062f944147504cf0d80f20c98005fda34c727fd7e,completed,False,,,
owlrl,3,1000,70210,BASE-Q29,topology,core,fog,regional,internal,boolean_or,fog,1,14.3075,14.3075,1,True,35df7182aa6c75e0a1066245f679b81ec9ad05e9964a0684980a466c9cc63ac4,completed,False,,,
owlrl,3,1000,70210,BASE-Q30,federation,core,authorities,data_owner,confidential,boolean_or,edge1|edge2|edge3,3,10.605309,23.672883,1,True,35df7182aa6c75e0a1066245f679b81ec9ad05e9964a0684980a466c9cc63ac4,completed,False,,,
owlrl,3,1000,70210,BASE-Q31,identity_consent,core,cloud,global,internal,single,cloud,1,82.589956,82.589956,3,,e58488661bb31eeed68b26401ebd5accf7e903b2aee284e0d4583cd308f09c44,completed,False,,,
owlrl,3,1000,70210,BASE-Q32,decision,core,fog,regional,internal,single,fog,1,16.987148,16.987148,4,,b91031de6b6257d2428b9195175f3c860291b874d6603c50eb4713a1b65b2628,completed,False,,,
owlrl,3,1000,70210,BASE-Q33,observability,core,authority_key:http://example.org/smartcity#UserB,data_owner,confidential,single,edge2,1,25.736667,25.736667,6,,266b725bd09060968038a13b819756b9927e2ae12c035d7aacba171bf38a3696,completed,False,,,
owlrl,3,1000,70210,BASE-Q34,topology,core,fog,regional,internal,single,fog,1,10.814611,10.814611,1,,7c66062f36ae31e8068455da76c0bb4f918e7f6b8ecee7cd8a7946f3b6047884,completed,False,,,
owlrl,3,1000,70210,BASE-Q35,delegation,core,authorities,data_owner,confidential,set_union,edge1|edge2|edge3,3,57.696593,117.491223,180,,56209ad42eb677718c0bba3e1f9fcee730c2c2912264ceea293e4ef01f23a56f,completed,False,,,
owlrl,3,1000,70210,EXT-Q01,semantic_schema,core,cloud,global,internal,single,cloud,1,7.102446,7.102446,6,,66d5edbbdc2282624ffec271a4a523a20fdc7331b886d2884edf86a885532bcc,completed,False,,,
owlrl,3,1000,70210,EXT-Q02,semantic_schema,core,cloud,global,internal,single,cloud,1,19.099034,19.099034,3,,81bea9a8c2d4cf1237d7fb131249cc18ec4ca629eeabaadbd5f0b9b58d3e3333,completed,False,,,
owlrl,3,1000,70210,EXT-Q03,policy_governance,core,cloud,global,internal,single,cloud,1,19.132451,19.132451,79,,d73ae3d5ddfcd345147bae778101c21ab13194fca3fa92ad08259d39931b66d5,completed,False,,,
owlrl,3,1000,70210,EXT-Q04,policy_governance,core,cloud,global,internal,single,cloud,1,17.858449,17.858449,55,,fced7e97d29b215a8321753998b7519dc1825dacc4af090c67ffc54bee4479bc,completed,False,,,
owlrl,3,1000,70210,EXT-Q05,semantic_schema,core,cloud,global,internal,single,cloud,1,17.621733,17.621733,17,,e0fc9190703b6a7b2695ddc448f5c7e54c4feeff2545477c3194ebfd8ccb1f0c,completed,False,,,
owlrl,3,1000,70210,EXT-Q06,semantic_schema,core,cloud,global,internal,single,cloud,1,3.628335,3.628335,12,,1377568d225cfb45a1899c2ea951adf7ebda5ada4e188dbf5f114110484fa3ae,completed,False,,,
owlrl,3,1000,70210,EXT-Q07,policy_governance,core,cloud,global,internal,single,cloud,1,8.772184,8.772184,67,,c3cf27e703656fdaa8295f23b31076c1afcb14a5022b1b47538e2961fe033646,completed,False,,,
owlrl,3,1000,70210,EXT-Q08,policy_governance,core,cloud,global,internal,single,cloud,1,81.929907,81.929907,1089,,cb9e0103c9327f1c4691ec9d7612deebd04c0e73140f23e2a6209bb8af1efc51,completed,False,,,
owlrl,3,1000,70210,EXT-Q09,policy_governance,core,cloud,global,internal,single,cloud,1,14.485242,14.485242,6,,68de07660e010156bf3f3ea01000180657c8e8fc155ac9a053c3a64dbc538102,completed,False,,,
owlrl,3,1000,70210,EXT-Q10,policy_governance,core,cloud,global,internal,single,cloud,1,40.605675,40.605675,0,,e3b0c44298fc1c149afbf4c8996fb92427ae41e4649b934ca495991b7852b855,completed,False,,,
owlrl,3,1000,70210,EXT-Q11,identity_consent,core,authorities,data_owner,confidential,set_union,edge1|edge2|edge3,3,173.096055,510.896341,1025,,cde5c4644950b6999d9356b275f978f0ef3730836ffe9f84a58a5867853e0e45,completed,False,,,
owlrl,3,1000,70210,EXT-Q12,identity_consent,core,authorities,data_owner,confidential,set_union,edge1|edge2|edge3,3,176.758296,520.6582109999999,1028,,9ea1992c2211c1f23f0ba1a748da72282da84b7f7ab41e01ce7999cd716583ba,completed,False,,,
owlrl,3,1000,70210,EXT-Q13,identity_consent,core,authorities,data_owner,confidential,set_union,edge1|edge2|edge3,3,248.372297,739.725808,0,,e3b0c44298fc1c149afbf4c8996fb92427ae41e4649b934ca495991b7852b855,completed,False,,,
owlrl,3,1000,70210,EXT-Q14,identity_consent,core,authorities,data_owner,confidential,set_union,edge1|edge2|edge3,3,280.041166,774.7708269999999,0,,e3b0c44298fc1c149afbf4c8996fb92427ae41e4649b934ca495991b7852b855,completed,False,,,
owlrl,3,1000,70210,EXT-Q15,identity_consent,core,authorities,data_owner,confidential,set_union,edge1|edge2|edge3,3,5182.903145,15388.100396,0,,e3b0c44298fc1c149afbf4c8996fb92427ae41e4649b934ca495991b7852b855,completed,False,,,
owlrl,3,1000,70210,EXT-Q16,identity_consent,core,authorities,data_owner,confidential,set_union,edge1|edge2|edge3,3,3380.984794,10071.274119,0,,e3b0c44298fc1c149afbf4c8996fb92427ae41e4649b934ca495991b7852b855,completed,False,,,
owlrl,3,1000,70210,EXT-Q17,identity_consent,core,authorities,data_owner,confidential,set_union,edge1|edge2|edge3,3,58.984685,120.825297,8,,3071bd3ad9cc1daac2632f317152a64e2d9d9e0d189068465ece1f8c3872334f,completed,False,,,
owlrl,3,1000,70210,EXT-Q18,identity_consent,core,authorities,data_owner,confidential,set_union,edge1|edge2|edge3,3,309.882276,901.286573,0,,e3b0c44298fc1c149afbf4c8996fb92427ae41e4649b934ca495991b7852b855,completed,False,,,
owlrl,3,1000,70210,EXT-Q19,identity_consent,core,authorities,data_owner,confidential,set_union,edge1|edge2|edge3,3,197.763969,559.1861719999999,0,,e3b0c44298fc1c149afbf4c8996fb92427ae41e4649b934ca495991b7852b855,completed,False,,,
owlrl,3,1000,70210,EXT-Q20,identity_consent,core,authorities,data_owner,confidential,set_union,edge1|edge2|edge3,3,13.647611,39.04172,0,,e3b0c44298fc1c149afbf4c8996fb92427ae41e4649b934ca495991b7852b855,completed,False,,,
owlrl,3,1000,70210,EXT-Q21,identity_consent,core,authorities,data_owner,confidential,set_union,edge1|edge2|edge3,3,28.295204,75.830973,58,,6e6d9e3db6cd7bbb93e0d6feafb155f966b98e945250ca473bf302c2a406fef9,completed,False,,,
owlrl,3,1000,70210,EXT-Q22,security_identity,domain,authorities,data_owner,restricted,set_union,edge1|edge2|edge3,3,1049.281852,2756.126135,0,,e3b0c44298fc1c149afbf4c8996fb92427ae41e4649b934ca495991b7852b855,completed,False,,,
owlrl,3,1000,70210,EXT-Q23,data_lifecycle,core,authorities,data_owner,confidential,set_union,edge1|edge2|edge3,3,36.433786,86.464545,3,,3955e7b96dea26719774b2d2a200be73c38cf84521f9352a6b96ed1af0a71d7a,completed,False,,,
owlrl,3,1000,70210,EXT-Q24,data_lifecycle,core,authorities,data_owner,confidential,set_union,edge1|edge2|edge3,3,253.607537,750.105532,1002,,d26bb96b68475adcfcdc97daccd35c3ee1e911735072d8e4e028866042f80c61,completed,False,,,
owlrl,3,1000,70210,EXT-Q25,data_lifecycle,domain,authorities,data_owner,restricted,set_union,edge1|edge2|edge3,3,385.697667,1142.937955,0,,e3b0c44298fc1c149afbf4c8996fb92427ae41e4649b934ca495991b7852b855,completed,False,,,
owlrl,3,1000,70210,EXT-Q26,security_identity,core,authorities,data_owner,confidential,set_union,edge1|edge2|edge3,3,1733.318943,5177.025863,1004,,3804f2120ffebab207f751cc61dae69eb8c7a5d75dd28a8f7ea53333ffe7ec19,completed,False,,,
owlrl,3,1000,70210,EXT-Q27,security_identity,core,authorities,data_owner,confidential,set_union,edge1|edge2|edge3,3,46.61087,117.637711,0,,e3b0c44298fc1c149afbf4c8996fb92427ae41e4649b934ca495991b7852b855,completed,False,,,
owlrl,3,1000,70210,EXT-Q28,security_identity,core,authorities,data_owner,confidential,set_union,edge1|edge2|edge3,3,19.194691,57.470562,0,,e3b0c44298fc1c149afbf4c8996fb92427ae41e4649b934ca495991b7852b855,completed,False,,,
owlrl,3,1000,70210,EXT-Q29,security_identity,core,cloud,global,internal,single,cloud,1,3.256999,3.256999,1,,5e56d4b1c34d01016304a6e8bc0397a3d6e7898ce43942ff1b6aab07b06810f2,completed,False,,,
owlrl,3,1000,70210,EXT-Q30,security_identity,core,cloud,global,internal,single,cloud,1,2.345457,2.345457,0,,e3b0c44298fc1c149afbf4c8996fb92427ae41e4649b934ca495991b7852b855,completed,False,,,
owlrl,3,1000,70210,EXT-Q31,data_lifecycle,core,authorities,data_owner,confidential,set_union,edge1|edge2|edge3,3,28.222165,64.405165,0,,e3b0c44298fc1c149afbf4c8996fb92427ae41e4649b934ca495991b7852b855,completed,False,,,
owlrl,3,1000,70210,EXT-Q32,data_lifecycle,core,authorities,data_owner,confidential,set_union,edge1|edge2|edge3,3,11.871126,34.012477000000004,0,,e3b0c44298fc1c149afbf4c8996fb92427ae41e4649b934ca495991b7852b855,completed,False,,,
owlrl,3,1000,70210,EXT-Q33,data_lifecycle,core,authorities,data_owner,confidential,set_union,edge1|edge2|edge3,3,22.641788,66.36938,0,,e3b0c44298fc1c149afbf4c8996fb92427ae41e4649b934ca495991b7852b855,completed,False,,,
owlrl,3,1000,70210,EXT-Q34,data_lifecycle,core,authorities,data_owner,confidential,set_union,edge1|edge2|edge3,3,19.352203,56.8473,0,,e3b0c44298fc1c149afbf4c8996fb92427ae41e4649b934ca495991b7852b855,completed,False,,,
owlrl,3,1000,70210,EXT-Q35,data_lifecycle,core,authorities,data_owner,confidential,set_union,edge1|edge2|edge3,3,89.270815,264.659332,1006,,acac449fa92e27e22dc24267dc2e4f0fe6ec73002c1e708d127b416974e8ac8d,completed,False,,,
owlrl,3,1000,70210,EXT-Q36,context_zones,core,authority_key:http://example.org/smartcity#UserA,data_owner,confidential,single,edge1,1,25.991129,25.991129,1,,b691a10c930fd32c789bb07f0f1fd7d606e3241b1fbe110ce3bb9c0f5b95cd37,completed,False,,,
owlrl,3,1000,70210,EXT-Q37,context_zones,domain,authorities,data_owner,restricted,set_union,edge1|edge2|edge3,3,89.999815,211.360501,0,,e3b0c44298fc1c149afbf4c8996fb92427ae41e4649b934ca495991b7852b855,completed,False,,,
owlrl,3,1000,70210,EXT-Q38,context_zones,domain,authorities,data_owner,restricted,set_union,edge1|edge2|edge3,3,43.934703,131.01144299999999,1,,d0d58146bc80e4e03947b8200631e8b89fdb27ee77b2a31daf4bee1a10c44367,completed,False,,,
owlrl,3,1000,70210,EXT-Q39,context_zones,core,authority_key:http://example.org/smartcity#UserA,data_owner,confidential,single,edge1,1,16.090481,16.090481,5,,1ca154c8210da56b45e42825f86a318f53dc0325a456648a0db2cbcced59de18,completed,False,,,
owlrl,3,1000,70210,EXT-Q40,trust,core,fog,regional,internal,single,fog,1,34.505741,34.505741,17,,280bc0ca1f5dd3885dbb6f8fa3e0cf6824155cc72b18cdbfa420a8bf31252832,completed,False,,,
owlrl,3,1000,70210,EXT-Q41,trust,core,fog,regional,internal,single,fog,1,32.422166,32.422166,0,,e3b0c44298fc1c149afbf4c8996fb92427ae41e4649b934ca495991b7852b855,completed,False,,,
owlrl,3,1000,70210,EXT-Q42,trust,core,fog,regional,internal,single,fog,1,21.618648,21.618648,14,,32195a9183d826e40a163c26d60a4e81485d91f218e63dca7ac781a4ea86e857,completed,False,,,
owlrl,3,1000,70210,EXT-Q43,trust,core,fog,regional,internal,single,fog,1,38.095481,38.095481,17,,d66cbd33fe91bbbc5210126f5cdb5f4c00c78f1858dfbc54040d757fb43c718d,completed,False,,,
owlrl,3,1000,70210,EXT-Q44,trust,core,authorities,data_owner,confidential,set_union,edge1|edge2|edge3,3,24.290685,64.10376600000001,10,,106b6808e582efd6a78626f18c7807191e7a08ebe629f87847227d80e6ce6f19,completed,False,,,
owlrl,3,1000,70210,EXT-Q45,trust,core,authorities,data_owner,confidential,set_union,edge1|edge2|edge3,3,53.44613,157.480917,0,,e3b0c44298fc1c149afbf4c8996fb92427ae41e4649b934ca495991b7852b855,completed,False,,,
owlrl,3,1000,70210,EXT-Q46,decision,core,authorities,data_owner,confidential,set_union,edge1|edge2|edge3,3,32.658334,86.445757,11,,497649f7b7fb5bb312db17c133552fcb5363c177bcdf3a7d4da3f9e09d27ef3a,completed,False,,,
owlrl,3,1000,70210,EXT-Q47,decision,core,authorities,data_owner,confidential,set_union,edge1|edge2|edge3,3,37.413351,95.64509,0,,e3b0c44298fc1c149afbf4c8996fb92427ae41e4649b934ca495991b7852b855,completed,False,,,
owlrl,3,1000,70210,EXT-Q48,decision,core,authorities,data_owner,confidential,set_union,edge1|edge2|edge3,3,33.170722,97.20065199999999,0,,e3b0c44298fc1c149afbf4c8996fb92427ae41e4649b934ca495991b7852b855,completed,False,,,
owlrl,3,1000,70210,EXT-Q49,decision,core,authorities,data_owner,confidential,set_union,edge1|edge2|edge3,3,28.111907,79.21805,8,,61a1a998385e4071933469d06cffd5e2cd092016daefcdce08d2e38a8bf4d078,completed,False,,,
owlrl,3,1000,70210,EXT-Q50,decision,core,authorities,data_owner,confidential,set_union,edge1|edge2|edge3,3,33.165037,98.795208,0,,e3b0c44298fc1c149afbf4c8996fb92427ae41e4649b934ca495991b7852b855,completed,False,,,
owlrl,3,1000,70210,EXT-Q51,decision,core,authorities,data_owner,confidential,set_union,edge1|edge2|edge3,3,31.950518,86.414038,32,,d96e9e0968e2bb5a55d9ce98a9e9522d5cb6082d083dcb5d8b65c30d87614d48,completed,False,,,
owlrl,3,1000,70210,EXT-Q52,decision,core,authorities,data_owner,confidential,set_union,edge1|edge2|edge3,3,30.244611,74.996195,32,,e4cc722951be46789eb75264501a53ba96774192510017491e856efc76f0aa19,completed,False,,,
owlrl,3,1000,70210,EXT-Q53,decision,core,authorities,data_owner,confidential,set_union,edge1|edge2|edge3,3,51.812407,147.321078,0,,e3b0c44298fc1c149afbf4c8996fb92427ae41e4649b934ca495991b7852b855,completed,False,,,
owlrl,3,1000,70210,EXT-Q54,decision,domain,authorities,data_owner,restricted,set_union,edge1|edge2|edge3,3,132.159666,392.465626,0,,e3b0c44298fc1c149afbf4c8996fb92427ae41e4649b934ca495991b7852b855,completed,False,,,
owlrl,3,1000,70210,EXT-Q55,decision,core,authorities,data_owner,confidential,set_union,edge1|edge2|edge3,3,21.368889,59.50358,8,,8c3e48566f94616cee569d9b5812ba30ec566c1adc22c2c92d13749c523df534,completed,False,,,
owlrl,3,1000,70210,EXT-Q56,decision,core,authorities,data_owner,confidential,set_union,edge1|edge2|edge3,3,49.650796,145.667819,0,,e3b0c44298fc1c149afbf4c8996fb92427ae41e4649b934ca495991b7852b855,completed,False,,,
owlrl,3,1000,70210,EXT-Q57,decision,core,authorities,data_owner,confidential,set_union,edge1|edge2|edge3,3,30.144223,67.865094,7,,058d2944c03f01a48917edc20c871d5f86e2b184778cd894bf433e94a8ffca12,completed,False,,,
owlrl,3,1000,70210,EXT-Q58,decision,core,authorities,data_owner,confidential,set_union,edge1|edge2|edge3,3,31.036427,90.416741,7,,5a003716962d1299d69dd1de460f6a48eb40b34fbbb1eeb486379f039621a795,completed,False,,,
owlrl,3,1000,70210,EXT-Q59,adaptation,core,authorities,data_owner,confidential,set_union,edge1|edge2|edge3,3,69.938814,145.359936,35,,a67f4df76b0ad2595fa03a50ef968560610616068e1b79b7d520849c791090ca,completed,False,,,
owlrl,3,1000,70210,EXT-Q60,adaptation,core,authorities,data_owner,confidential,set_union,edge1|edge2|edge3,3,28.275611,80.546513,1,,285931564bf116179a45da920fdf958a3347ea1df763213bb7e2afba77c47d16,completed,False,,,
owlrl,3,1000,70210,EXT-Q61,adaptation,core,authorities,data_owner,confidential,set_union,edge1|edge2|edge3,3,8.133278,24.22077,0,,e3b0c44298fc1c149afbf4c8996fb92427ae41e4649b934ca495991b7852b855,completed,False,,,
owlrl,3,1000,70210,EXT-Q62,adaptation,core,authorities,data_owner,confidential,set_union,edge1|edge2|edge3,3,23.278,67.245324,1,,3dafef0eca79c68f05b79939f40198bc13232639d500d3e9875bc263b0f00d4d,completed,False,,,
owlrl,3,1000,70210,EXT-Q63,delegation,core,authorities,data_owner,confidential,set_union,edge1|edge2|edge3,3,24.610611,72.115678,1,,d4b4c3785ae985658dfc4a4433dd002e5aec5a2321080af4e85474c06a3404f5,completed,False,,,
owlrl,3,1000,70210,EXT-Q64,delegation,core,authorities,data_owner,confidential,set_union,edge1|edge2|edge3,3,22.825944,63.527321,0,,e3b0c44298fc1c149afbf4c8996fb92427ae41e4649b934ca495991b7852b855,completed,False,,,
owlrl,3,1000,70210,EXT-Q65,delegation,core,authorities,data_owner,confidential,set_union,edge1|edge2|edge3,3,14.87813,40.157498000000004,0,,e3b0c44298fc1c149afbf4c8996fb92427ae41e4649b934ca495991b7852b855,completed,False,,,
owlrl,3,1000,70210,EXT-Q66,federation,core,authorities,data_owner,confidential,set_union,edge1|edge2|edge3,3,25.835741,72.971862,2,,1a9af60cfbb87dd79b68021c3d70e1ee6f230e648f1ad6360ef50fffd374b4df,completed,False,,,
owlrl,3,1000,70210,EXT-Q67,federation,core,authorities,data_owner,confidential,set_union,edge1|edge2|edge3,3,39.456759,115.349862,0,,e3b0c44298fc1c149afbf4c8996fb92427ae41e4649b934ca495991b7852b855,completed,False,,,
owlrl,3,1000,70210,EXT-Q68,federation,core,authorities,data_owner,confidential,set_union,edge1|edge2|edge3,3,25.289717,74.348273,0,,e3b0c44298fc1c149afbf4c8996fb92427ae41e4649b934ca495991b7852b855,completed,False,,,
owlrl,3,1000,70210,EXT-Q69,federation,core,authorities,data_owner,confidential,set_union,edge1|edge2|edge3,3,28.505277,81.745088,2,,8271d93912e320b11a3ca6d70e5061d5132abb26053b022198090871531d61eb,completed,False,,,
owlrl,3,1000,70210,EXT-Q70,audit_temporal,core,authorities,data_owner,confidential,set_union,edge1|edge2|edge3,3,111.239277,182.861747,204,,01824916f48e90d6c6df066f2950c4d8a2e2d6f71ba4af556d43e8921ae41930,completed,False,,,
owlrl,3,1000,70210,EXT-Q71,audit_temporal,core,authorities,data_owner,confidential,set_union,edge1|edge2|edge3,3,42.767278,110.66526400000001,0,,e3b0c44298fc1c149afbf4c8996fb92427ae41e4649b934ca495991b7852b855,completed,False,,,
owlrl,3,1000,70210,EXT-Q72,audit_temporal,core,authorities,data_owner,confidential,set_union,edge1|edge2|edge3,3,30.941222,84.168218,0,,e3b0c44298fc1c149afbf4c8996fb92427ae41e4649b934ca495991b7852b855,completed,False,,,
owlrl,3,1000,70210,EXT-Q73,audit_temporal,core,authorities,data_owner,confidential,set_union,edge1|edge2|edge3,3,2055.081443,6079.726553,9137,,ec63485cc69415da5d42a39d5594d2c4e7ad134d1f49c68569aaf7187ea15195,completed,False,,,
owlrl,3,1000,70210,EXT-Q74,audit_temporal,core,authorities,data_owner,confidential,set_union,edge1|edge2|edge3,3,2815.847387,8346.873505,0,,e3b0c44298fc1c149afbf4c8996fb92427ae41e4649b934ca495991b7852b855,completed,False,,,
owlrl,3,1000,70210,EXT-Q75,validation,core,cloud,global,internal,single,cloud,1,17.61758,17.61758,74,,8dd432df42d733f2411b2aebc51682848ddadc97425c41088f0a99090f77f1c0,completed,False,,,
owlrl,3,1000,70210,EXT-Q76,validation,core,cloud,global,internal,single,cloud,1,5.884711,5.884711,9,,50bf3d3f7f446e045722279f6d243ecc804cd2cf73b381d9c89f530b567855ea,completed,False,,,
owlrl,3,1000,70210,EXT-Q77,validation,core,cloud,global,internal,single,cloud,1,9.324942,9.324942,6,,ba52fb52449a77784e328f0aaa19807ddd9156c7457ea722a8af2f2082dce9ad,completed,False,,,
owlrl,3,1000,70210,EXT-Q78,policy_governance,core,cloud,global,internal,single,cloud,1,12.595782,12.595782,37,,dc49d089c1cfb621b31177ad5794c8ca7638f40689eba56af4f4ea2a38c683f1,completed,False,,,
owlrl,3,1000,70210,EXT-Q79,policy_governance,core,cloud,global,internal,single,cloud,1,9.877531,9.877531,0,,e3b0c44298fc1c149afbf4c8996fb92427ae41e4649b934ca495991b7852b855,completed,False,,,
owlrl,3,1000,70210,EXT-Q80,validation,core,cloud,global,internal,single,cloud,1,33.163267,33.163267,13,,29f568d3556dc47edef378afb04137d72867c6c2c8e31190e3839b9757187b0b,completed,False,,,
rdfs_owlrl,1,1000,,__phase__,,,,,,,,,,,,,,timeout,True,partitioned-queries,90.0,"RuntimeError: Distributed phase 'partitioned-queries-batch-16-of-21' failed on role=edge3 endpoint=http://10.151.73.173:8391 after 1158.41 ms: HTTPError: HTTP Error 408: Request Timeout; worker_response={""error"": ""worker phase exceeded 1.0s"", ""timeout"": true}; query_ids=BASE-Q24,EXT-Q25,EXT-Q53,EXT-Q73"
rdfs_owlrl,2,1000,,__phase__,,,,,,,,,,,,,,skipped_after_timeout,True,early-stop,90.0,"RuntimeError: Distributed phase 'partitioned-queries-batch-16-of-21' failed on role=edge3 endpoint=http://10.151.73.173:8391 after 1158.41 ms: HTTPError: HTTP Error 408: Request Timeout; worker_response={""error"": ""worker phase exceeded 1.0s"", ""timeout"": true}; query_ids=BASE-Q24,EXT-Q25,EXT-Q53,EXT-Q73"
rdfs_owlrl,3,1000,,__phase__,,,,,,,,,,,,,,skipped_after_timeout,True,early-stop,90.0,"RuntimeError: Distributed phase 'partitioned-queries-batch-16-of-21' failed on role=edge3 endpoint=http://10.151.73.173:8391 after 1158.41 ms: HTTPError: HTTP Error 408: Request Timeout; worker_response={""error"": ""worker phase exceeded 1.0s"", ""timeout"": true}; query_ids=BASE-Q24,EXT-Q25,EXT-Q53,EXT-Q73"
rdfs,1,2500,,__phase__,,,,,,,,,,,,,,timeout,True,partitioned-queries,90.0,"RuntimeError: Distributed phase 'partitioned-queries-batch-7-of-21' failed on role=edge1 endpoint=http://10.151.73.34:8391 after 22564.78 ms: HTTPError: HTTP Error 408: Request Timeout; worker_response={""error"": ""worker phase exceeded 22.3s"", ""timeout"": true}; query_ids=BASE-Q12,EXT-Q15,EXT-Q38,EXT-Q63"
rdfs,2,2500,,__phase__,,,,,,,,,,,,,,skipped_after_timeout,True,early-stop,90.0,"RuntimeError: Distributed phase 'partitioned-queries-batch-7-of-21' failed on role=edge1 endpoint=http://10.151.73.34:8391 after 22564.78 ms: HTTPError: HTTP Error 408: Request Timeout; worker_response={""error"": ""worker phase exceeded 22.3s"", ""timeout"": true}; query_ids=BASE-Q12,EXT-Q15,EXT-Q38,EXT-Q63"
rdfs,3,2500,,__phase__,,,,,,,,,,,,,,skipped_after_timeout,True,early-stop,90.0,"RuntimeError: Distributed phase 'partitioned-queries-batch-7-of-21' failed on role=edge1 endpoint=http://10.151.73.34:8391 after 22564.78 ms: HTTPError: HTTP Error 408: Request Timeout; worker_response={""error"": ""worker phase exceeded 22.3s"", ""timeout"": true}; query_ids=BASE-Q12,EXT-Q15,EXT-Q38,EXT-Q63"
owlrl,1,2500,,__phase__,,,,,,,,,,,,,,timeout,True,partitioned-prepare,90.0,"RuntimeError: Distributed phase 'partitioned-prepare' failed on role=edge3 endpoint=http://10.151.73.173:8391 after 58191.50 ms: HTTPError: HTTP Error 408: Request Timeout; worker_response={""error"": ""worker phase exceeded 58.0s"", ""timeout"": true}"
owlrl,2,2500,,__phase__,,,,,,,,,,,,,,skipped_after_timeout,True,early-stop,90.0,"RuntimeError: Distributed phase 'partitioned-prepare' failed on role=edge3 endpoint=http://10.151.73.173:8391 after 58191.50 ms: HTTPError: HTTP Error 408: Request Timeout; worker_response={""error"": ""worker phase exceeded 58.0s"", ""timeout"": true}"
owlrl,3,2500,,__phase__,,,,,,,,,,,,,,skipped_after_timeout,True,early-stop,90.0,"RuntimeError: Distributed phase 'partitioned-prepare' failed on role=edge3 endpoint=http://10.151.73.173:8391 after 58191.50 ms: HTTPError: HTTP Error 408: Request Timeout; worker_response={""error"": ""worker phase exceeded 58.0s"", ""timeout"": true}"
rdfs_owlrl,1,2500,,__phase__,,,,,,,,,,,,,,skipped_after_timeout,True,early-stop,90.0,"RuntimeError: Distributed phase 'partitioned-queries-batch-16-of-21' failed on role=edge3 endpoint=http://10.151.73.173:8391 after 1158.41 ms: HTTPError: HTTP Error 408: Request Timeout; worker_response={""error"": ""worker phase exceeded 1.0s"", ""timeout"": true}; query_ids=BASE-Q24,EXT-Q25,EXT-Q53,EXT-Q73"
rdfs_owlrl,2,2500,,__phase__,,,,,,,,,,,,,,skipped_after_timeout,True,early-stop,90.0,"RuntimeError: Distributed phase 'partitioned-queries-batch-16-of-21' failed on role=edge3 endpoint=http://10.151.73.173:8391 after 1158.41 ms: HTTPError: HTTP Error 408: Request Timeout; worker_response={""error"": ""worker phase exceeded 1.0s"", ""timeout"": true}; query_ids=BASE-Q24,EXT-Q25,EXT-Q53,EXT-Q73"
rdfs_owlrl,3,2500,,__phase__,,,,,,,,,,,,,,skipped_after_timeout,True,early-stop,90.0,"RuntimeError: Distributed phase 'partitioned-queries-batch-16-of-21' failed on role=edge3 endpoint=http://10.151.73.173:8391 after 1158.41 ms: HTTPError: HTTP Error 408: Request Timeout; worker_response={""error"": ""worker phase exceeded 1.0s"", ""timeout"": true}; query_ids=BASE-Q24,EXT-Q25,EXT-Q53,EXT-Q73"
rdfs,1,5000,,__phase__,,,,,,,,,,,,,,skipped_after_timeout,True,early-stop,90.0,"RuntimeError: Distributed phase 'partitioned-queries-batch-7-of-21' failed on role=edge1 endpoint=http://10.151.73.34:8391 after 22564.78 ms: HTTPError: HTTP Error 408: Request Timeout; worker_response={""error"": ""worker phase exceeded 22.3s"", ""timeout"": true}; query_ids=BASE-Q12,EXT-Q15,EXT-Q38,EXT-Q63"
rdfs,2,5000,,__phase__,,,,,,,,,,,,,,skipped_after_timeout,True,early-stop,90.0,"RuntimeError: Distributed phase 'partitioned-queries-batch-7-of-21' failed on role=edge1 endpoint=http://10.151.73.34:8391 after 22564.78 ms: HTTPError: HTTP Error 408: Request Timeout; worker_response={""error"": ""worker phase exceeded 22.3s"", ""timeout"": true}; query_ids=BASE-Q12,EXT-Q15,EXT-Q38,EXT-Q63"
rdfs,3,5000,,__phase__,,,,,,,,,,,,,,skipped_after_timeout,True,early-stop,90.0,"RuntimeError: Distributed phase 'partitioned-queries-batch-7-of-21' failed on role=edge1 endpoint=http://10.151.73.34:8391 after 22564.78 ms: HTTPError: HTTP Error 408: Request Timeout; worker_response={""error"": ""worker phase exceeded 22.3s"", ""timeout"": true}; query_ids=BASE-Q12,EXT-Q15,EXT-Q38,EXT-Q63"
owlrl,1,5000,,__phase__,,,,,,,,,,,,,,skipped_after_timeout,True,early-stop,90.0,"RuntimeError: Distributed phase 'partitioned-prepare' failed on role=edge3 endpoint=http://10.151.73.173:8391 after 58191.50 ms: HTTPError: HTTP Error 408: Request Timeout; worker_response={""error"": ""worker phase exceeded 58.0s"", ""timeout"": true}"
owlrl,2,5000,,__phase__,,,,,,,,,,,,,,skipped_after_timeout,True,early-stop,90.0,"RuntimeError: Distributed phase 'partitioned-prepare' failed on role=edge3 endpoint=http://10.151.73.173:8391 after 58191.50 ms: HTTPError: HTTP Error 408: Request Timeout; worker_response={""error"": ""worker phase exceeded 58.0s"", ""timeout"": true}"
owlrl,3,5000,,__phase__,,,,,,,,,,,,,,skipped_after_timeout,True,early-stop,90.0,"RuntimeError: Distributed phase 'partitioned-prepare' failed on role=edge3 endpoint=http://10.151.73.173:8391 after 58191.50 ms: HTTPError: HTTP Error 408: Request Timeout; worker_response={""error"": ""worker phase exceeded 58.0s"", ""timeout"": true}"
rdfs_owlrl,1,5000,,__phase__,,,,,,,,,,,,,,skipped_after_timeout,True,early-stop,90.0,"RuntimeError: Distributed phase 'partitioned-queries-batch-16-of-21' failed on role=edge3 endpoint=http://10.151.73.173:8391 after 1158.41 ms: HTTPError: HTTP Error 408: Request Timeout; worker_response={""error"": ""worker phase exceeded 1.0s"", ""timeout"": true}; query_ids=BASE-Q24,EXT-Q25,EXT-Q53,EXT-Q73"
rdfs_owlrl,2,5000,,__phase__,,,,,,,,,,,,,,skipped_after_timeout,True,early-stop,90.0,"RuntimeError: Distributed phase 'partitioned-queries-batch-16-of-21' failed on role=edge3 endpoint=http://10.151.73.173:8391 after 1158.41 ms: HTTPError: HTTP Error 408: Request Timeout; worker_response={""error"": ""worker phase exceeded 1.0s"", ""timeout"": true}; query_ids=BASE-Q24,EXT-Q25,EXT-Q53,EXT-Q73"
rdfs_owlrl,3,5000,,__phase__,,,,,,,,,,,,,,skipped_after_timeout,True,early-stop,90.0,"RuntimeError: Distributed phase 'partitioned-queries-batch-16-of-21' failed on role=edge3 endpoint=http://10.151.73.173:8391 after 1158.41 ms: HTTPError: HTTP Error 408: Request Timeout; worker_response={""error"": ""worker phase exceeded 1.0s"", ""timeout"": true}; query_ids=BASE-Q24,EXT-Q25,EXT-Q53,EXT-Q73"
