attributed_query_ms,layer,layout,policy,reasoner,repetition,role
3.937226,Cloud,sharded,P-CONS-05,rdfs,1,cloud
88.521171,Cloud,sharded,P-VAL-06,rdfs,1,cloud
2.453571,Cloud,sharded,P-OPS-01,rdfs,1,cloud
22.568203333333333,Cloud,sharded,P-VAL-03,rdfs,1,cloud
3.909966,Cloud,sharded,P-CONS-01,rdfs,1,cloud
20.313783333333333,Cloud,sharded,P-VAL-07,rdfs,1,cloud
30.9382755,Cloud,sharded,P-GOV-01,rdfs,1,cloud
27.4612935,Cloud,sharded,P-GOV-04,rdfs,1,cloud
6.214450333333334,Cloud,sharded,P-VAL-04,rdfs,1,cloud
3.243498,Cloud,sharded,P-VAL-01,rdfs,1,cloud
5.588032999999999,Cloud,sharded,P-DATA-03,rdfs,1,cloud
86.07448,Cloud,sharded,P-GOV-03,rdfs,1,cloud
45.479498,Cloud,sharded,P-VAL-08,rdfs,1,cloud
94.91882383333333,Fog,sharded,P-NODE-01,rdfs,1,fog
103.06121283333333,Fog,sharded,P-NODE-03,rdfs,1,fog
57.644370333333335,Fog,sharded,P-OPS-05,rdfs,1,fog
10.785944,Fog,sharded,P-ZONE-01,rdfs,1,fog
55.29249033333333,Fog,sharded,P-NODE-02,rdfs,1,fog
23.950999833333334,Fog,sharded,P-NODE-05,rdfs,1,fog
6.544518333333333,Fog,sharded,P-MODEL-03,rdfs,1,fog
14.016666,Fog,sharded,P-OPS-02,rdfs,1,fog
14.1430095,Fog,sharded,P-NODE-04,rdfs,1,fog
16.192167,Fog,sharded,P-MODEL-01,rdfs,1,fog
64.658333,Edge,sharded,P-CONS-01,rdfs,1,edge1
107.60450916666666,Edge,sharded,P-DATA-02,rdfs,1,edge1
22.39034225,Edge,sharded,P-FL-01,rdfs,1,edge1
14.939740666666665,Edge,sharded,P-DATA-03,rdfs,1,edge1
15.3440555,Edge,sharded,P-DATA-05,rdfs,1,edge1
61.652648,Edge,sharded,P-FL-08,rdfs,1,edge1
19.706445,Edge,sharded,P-INT-02,rdfs,1,edge1
63.917111000000006,Edge,sharded,P-AUD-05,rdfs,1,edge1
137.834629,Edge,sharded,P-AUD-07,rdfs,1,edge1
40.508926,Edge,sharded,P-DATA-08,rdfs,1,edge1
19.599278,Edge,sharded,P-INT-01,rdfs,1,edge1
153.04510083333332,Edge,sharded,P-CONS-04,rdfs,1,edge1
71.12091366666667,Edge,sharded,P-ADAPT-06,rdfs,1,edge1
148.53883083333332,Edge,sharded,P-AUD-06,rdfs,1,edge1
169.4089995,Edge,sharded,P-GOV-05,rdfs,1,edge1
27.054167,Edge,sharded,P-OPS-05,rdfs,1,edge1
87.637204,Edge,sharded,P-CONS-02,rdfs,1,edge1
39.592352000000005,Edge,sharded,P-CONS-03,rdfs,1,edge1
16.150778,Edge,sharded,P-DATA-09,rdfs,1,edge1
44.681943999999994,Edge,sharded,P-ADAPT-05,rdfs,1,edge1
37.219450333333334,Edge,sharded,P-DATA-04,rdfs,1,edge1
9.957265333333334,Edge,sharded,P-DATA-06,rdfs,1,edge1
44.81104283333334,Edge,sharded,P-DATA-07,rdfs,1,edge1
132.59343533333333,Edge,sharded,P-ZONE-01,rdfs,1,edge1
14.541686,Edge,sharded,P-VAL-07,rdfs,1,edge1
63.330611,Edge,sharded,P-GOV-03,rdfs,1,edge1
13.282561666666666,Edge,sharded,P-ADAPT-02,rdfs,1,edge1
7.535172666666667,Edge,sharded,P-ADAPT-03,rdfs,1,edge1
7.371037,Edge,sharded,P-ADAPT-01,rdfs,1,edge1
29.002834,Edge,sharded,P-NODE-02,rdfs,1,edge1
25.667721999999998,Edge,sharded,P-ZONE-02,rdfs,1,edge1
14.038938333333334,Edge,sharded,P-AUD-01,rdfs,1,edge1
68.75150333333333,Edge,sharded,P-AUD-02,rdfs,1,edge1
8.291549333333334,Edge,sharded,P-AUD-03,rdfs,1,edge1
7.8526945,Edge,sharded,P-ZONE-03,rdfs,1,edge1
31.208907500000002,Edge,sharded,P-MODEL-03,rdfs,1,edge1
14.2736575,Edge,sharded,P-NODE-05,rdfs,1,edge1
6.441157,Edge,sharded,P-AUD-04,rdfs,1,edge1
6.441157,Edge,sharded,P-OPS-01,rdfs,1,edge1
3.793111,Edge,sharded,P-MODEL-06,rdfs,1,edge1
23.114537,Edge,sharded,P-ADAPT-04,rdfs,1,edge1
23.114537,Edge,sharded,P-ADAPT-07,rdfs,1,edge1
8.559889,Edge,sharded,P-FL-06,rdfs,1,edge1
24.915317916666666,Edge,sharded,P-FL-07,rdfs,1,edge1
39.29705525,Edge,sharded,P-FL-03,rdfs,1,edge1
19.442184750000003,Edge,sharded,P-FL-05,rdfs,1,edge1
12.692228333333333,Edge,sharded,P-MODEL-01,rdfs,1,edge1
139.13314533333332,Edge,sharded,P-MODEL-05,rdfs,1,edge1
36.22374366666667,Edge,sharded,P-FL-02,rdfs,1,edge1
64.6266945,Edge,sharded,P-DATA-01,rdfs,1,edge1
23.34087,Edge,sharded,P-CONS-05,rdfs,1,edge1
16.93525,Edge,sharded,P-MODEL-02,rdfs,1,edge1
38.309475666666664,Edge,sharded,P-FL-04,rdfs,1,edge1
60.824667,Edge,sharded,P-MODEL-04,rdfs,1,edge1
225.76457366666665,Edge,sharded,P-DATA-10,rdfs,1,edge1
35.1832135,Edge,sharded,P-MODEL-08,rdfs,1,edge1
16.513870333333333,Edge,sharded,P-MODEL-07,rdfs,1,edge1
69.19909899999999,Edge,sharded,P-CONS-01,rdfs,1,edge2
102.691546,Edge,sharded,P-DATA-02,rdfs,1,edge2
138.02662750000002,Edge,sharded,P-CONS-04,rdfs,1,edge2
41.70875933333333,Edge,sharded,P-DATA-04,rdfs,1,edge2
32.343805,Edge,sharded,P-MODEL-08,rdfs,1,edge2
10.516685,Edge,sharded,P-OPS-02,rdfs,1,edge2
10.516685,Edge,sharded,P-OPS-03,rdfs,1,edge2
20.388045333333334,Edge,sharded,P-FL-01,rdfs,1,edge2
16.091722,Edge,sharded,P-MODEL-07,rdfs,1,edge2
106.67312050000001,Edge,sharded,P-ZONE-01,rdfs,1,edge2
19.676981,Edge,sharded,P-INT-02,rdfs,1,edge2
51.792963,Edge,sharded,P-OPS-05,rdfs,1,edge2
15.437908,Edge,sharded,P-DATA-05,rdfs,1,edge2
44.44675933333334,Edge,sharded,P-DATA-07,rdfs,1,edge2
74.106029,Edge,sharded,P-FL-08,rdfs,1,edge2
20.074447666666664,Edge,sharded,P-MODEL-01,rdfs,1,edge2
217.5728795,Edge,sharded,P-AUD-05,rdfs,1,edge2
51.3961755,Edge,sharded,P-AUD-07,rdfs,1,edge2
13.5446855,Edge,sharded,P-DATA-03,rdfs,1,edge2
19.975722,Edge,sharded,P-INT-01,rdfs,1,edge2
40.454631000000006,Edge,sharded,P-DATA-08,rdfs,1,edge2
55.731728333333336,Edge,sharded,P-ADAPT-06,rdfs,1,edge2
110.62985466666666,Edge,sharded,P-AUD-06,rdfs,1,edge2
122.7483425,Edge,sharded,P-GOV-05,rdfs,1,edge2
80.699361,Edge,sharded,P-CONS-02,rdfs,1,edge2
35.956398,Edge,sharded,P-CONS-03,rdfs,1,edge2
42.01960149999999,Edge,sharded,P-ADAPT-05,rdfs,1,edge2
9.233907333333333,Edge,sharded,P-DATA-06,rdfs,1,edge2
14.578111,Edge,sharded,P-DATA-09,rdfs,1,edge2
7.250139,Edge,sharded,P-ADAPT-01,rdfs,1,edge2
28.438306,Edge,sharded,P-NODE-02,rdfs,1,edge2
58.7373615,Edge,sharded,P-GOV-03,rdfs,1,edge2
7.402987333333333,Edge,sharded,P-ADAPT-02,rdfs,1,edge2
7.402987333333333,Edge,sharded,P-ADAPT-03,rdfs,1,edge2
25.682592500000002,Edge,sharded,P-ZONE-02,rdfs,1,edge2
7.877666666666666,Edge,sharded,P-AUD-01,rdfs,1,edge2
54.552482166666664,Edge,sharded,P-AUD-02,rdfs,1,edge2
7.877666666666666,Edge,sharded,P-AUD-03,rdfs,1,edge2
4.1110619999999995,Edge,sharded,P-MODEL-06,rdfs,1,edge2
24.869065,Edge,sharded,P-MODEL-03,rdfs,1,edge2
9.6290185,Edge,sharded,P-NODE-05,rdfs,1,edge2
37.362902,Edge,sharded,P-FL-03,rdfs,1,edge2
18.281087499999998,Edge,sharded,P-FL-05,rdfs,1,edge2
22.268217666666665,Edge,sharded,P-FL-07,rdfs,1,edge2
22.793685,Edge,sharded,P-ADAPT-04,rdfs,1,edge2
22.793685,Edge,sharded,P-ADAPT-07,rdfs,1,edge2
6.380639,Edge,sharded,P-AUD-04,rdfs,1,edge2
6.380639,Edge,sharded,P-OPS-01,rdfs,1,edge2
114.23941016666666,Edge,sharded,P-MODEL-05,rdfs,1,edge2
7.776938333333334,Edge,sharded,P-FL-06,rdfs,1,edge2
61.0058245,Edge,sharded,P-DATA-01,rdfs,1,edge2
33.817505833333335,Edge,sharded,P-FL-02,rdfs,1,edge2
15.2400465,Edge,sharded,P-MODEL-02,rdfs,1,edge2
22.130111,Edge,sharded,P-CONS-05,rdfs,1,edge2
57.704556000000004,Edge,sharded,P-MODEL-04,rdfs,1,edge2
35.27941333333334,Edge,sharded,P-FL-04,rdfs,1,edge2
71.99653599999999,Edge,sharded,P-DATA-10,rdfs,1,edge2
59.66090166666667,Edge,sharded,P-CONS-01,rdfs,1,edge3
94.61967416666667,Edge,sharded,P-DATA-02,rdfs,1,edge3
117.847037,Edge,sharded,P-AUD-05,rdfs,1,edge3
125.042397,Edge,sharded,P-AUD-07,rdfs,1,edge3
13.139794166666666,Edge,sharded,P-DATA-03,rdfs,1,edge3
14.428823000000001,Edge,sharded,P-DATA-05,rdfs,1,edge3
59.4029905,Edge,sharded,P-FL-08,rdfs,1,edge3
18.37043,Edge,sharded,P-INT-02,rdfs,1,edge3
126.64684033333334,Edge,sharded,P-CONS-04,rdfs,1,edge3
39.71116,Edge,sharded,P-DATA-08,rdfs,1,edge3
55.212649,Edge,sharded,P-ADAPT-06,rdfs,1,edge3
109.98301383333333,Edge,sharded,P-AUD-06,rdfs,1,edge3
17.86406,Edge,sharded,P-INT-01,rdfs,1,edge3
81.71438,Edge,sharded,P-CONS-02,rdfs,1,edge3
36.496305,Edge,sharded,P-CONS-03,rdfs,1,edge3
41.877682500000006,Edge,sharded,P-ADAPT-05,rdfs,1,edge3
122.108347,Edge,sharded,P-GOV-05,rdfs,1,edge3
24.4237525,Edge,sharded,P-OPS-05,rdfs,1,edge3
14.825426,Edge,sharded,P-DATA-09,rdfs,1,edge3
30.791269833333335,Edge,sharded,P-DATA-04,rdfs,1,edge3
9.238326333333333,Edge,sharded,P-DATA-06,rdfs,1,edge3
44.57743483333333,Edge,sharded,P-DATA-07,rdfs,1,edge3
138.82669516666667,Edge,sharded,P-ZONE-01,rdfs,1,edge3
58.381378999999995,Edge,sharded,P-GOV-03,rdfs,1,edge3
7.270181999999999,Edge,sharded,P-ADAPT-02,rdfs,1,edge3
7.270181999999999,Edge,sharded,P-ADAPT-03,rdfs,1,edge3
6.990925,Edge,sharded,P-ADAPT-01,rdfs,1,edge3
28.064211,Edge,sharded,P-NODE-02,rdfs,1,edge3
26.455181,Edge,sharded,P-ZONE-02,rdfs,1,edge3
7.7691946666666665,Edge,sharded,P-AUD-01,rdfs,1,edge3
54.96912366666667,Edge,sharded,P-AUD-02,rdfs,1,edge3
7.7691946666666665,Edge,sharded,P-AUD-03,rdfs,1,edge3
25.115596,Edge,sharded,P-MODEL-03,rdfs,1,edge3
9.6084285,Edge,sharded,P-NODE-05,rdfs,1,edge3
3.6977206666666667,Edge,sharded,P-MODEL-06,rdfs,1,edge3
22.7950565,Edge,sharded,P-ADAPT-04,rdfs,1,edge3
22.7950565,Edge,sharded,P-ADAPT-07,rdfs,1,edge3
6.2708135,Edge,sharded,P-AUD-04,rdfs,1,edge3
6.2708135,Edge,sharded,P-OPS-01,rdfs,1,edge3
20.857492,Edge,sharded,P-FL-01,rdfs,1,edge3
37.105,Edge,sharded,P-FL-03,rdfs,1,edge3
17.9107355,Edge,sharded,P-FL-05,rdfs,1,edge3
22.379235,Edge,sharded,P-FL-07,rdfs,1,edge3
8.858480333333334,Edge,sharded,P-MODEL-01,rdfs,1,edge3
116.45749383333333,Edge,sharded,P-MODEL-05,rdfs,1,edge3
7.797985,Edge,sharded,P-FL-06,rdfs,1,edge3
34.274969,Edge,sharded,P-FL-02,rdfs,1,edge3
93.379987,Edge,sharded,P-DATA-01,rdfs,1,edge3
15.5071675,Edge,sharded,P-MODEL-02,rdfs,1,edge3
21.683693,Edge,sharded,P-CONS-05,rdfs,1,edge3
57.875702,Edge,sharded,P-MODEL-04,rdfs,1,edge3
34.9031,Edge,sharded,P-FL-04,rdfs,1,edge3
74.26405666666668,Edge,sharded,P-DATA-10,rdfs,1,edge3
32.0546415,Edge,sharded,P-MODEL-08,rdfs,1,edge3
15.928587666666667,Edge,sharded,P-MODEL-07,rdfs,1,edge3
3.852635,Cloud,sharded,P-CONS-05,rdfs,2,cloud
87.942786,Cloud,sharded,P-VAL-06,rdfs,2,cloud
2.401281,Cloud,sharded,P-OPS-01,rdfs,2,cloud
23.139252666666668,Cloud,sharded,P-VAL-03,rdfs,2,cloud
3.85851,Cloud,sharded,P-CONS-01,rdfs,2,cloud
20.038780666666668,Cloud,sharded,P-VAL-07,rdfs,2,cloud
66.530717,Cloud,sharded,P-GOV-01,rdfs,2,cloud
27.328928,Cloud,sharded,P-GOV-04,rdfs,2,cloud
6.876582166666667,Cloud,sharded,P-VAL-04,rdfs,2,cloud
3.9468835,Cloud,sharded,P-VAL-01,rdfs,2,cloud
6.515611,Cloud,sharded,P-DATA-03,rdfs,2,cloud
32.579435000000004,Cloud,sharded,P-GOV-03,rdfs,2,cloud
52.680363,Cloud,sharded,P-VAL-08,rdfs,2,cloud
49.12850316666667,Fog,sharded,P-NODE-01,rdfs,2,fog
57.60501216666667,Fog,sharded,P-NODE-03,rdfs,2,fog
11.855345666666667,Fog,sharded,P-OPS-05,rdfs,2,fog
11.888722,Fog,sharded,P-ZONE-01,rdfs,2,fog
114.84148516666667,Fog,sharded,P-NODE-02,rdfs,2,fog
83.69108666666666,Fog,sharded,P-NODE-05,rdfs,2,fog
6.775086666666667,Fog,sharded,P-MODEL-03,rdfs,2,fog
14.120723,Fog,sharded,P-OPS-02,rdfs,2,fog
14.3145555,Fog,sharded,P-NODE-04,rdfs,2,fog
16.263203,Fog,sharded,P-MODEL-01,rdfs,2,fog
65.60597216666667,Edge,sharded,P-CONS-01,rdfs,2,edge1
109.42997299999999,Edge,sharded,P-DATA-02,rdfs,2,edge1
21.802554583333333,Edge,sharded,P-FL-01,rdfs,2,edge1
14.1668705,Edge,sharded,P-DATA-03,rdfs,2,edge1
14.526555499999999,Edge,sharded,P-DATA-05,rdfs,2,edge1
61.398898499999994,Edge,sharded,P-FL-08,rdfs,2,edge1
19.570982,Edge,sharded,P-INT-02,rdfs,2,edge1
63.3612775,Edge,sharded,P-AUD-05,rdfs,2,edge1
138.4027405,Edge,sharded,P-AUD-07,rdfs,2,edge1
40.554333,Edge,sharded,P-DATA-08,rdfs,2,edge1
19.62837,Edge,sharded,P-INT-01,rdfs,2,edge1
218.73439183333332,Edge,sharded,P-CONS-04,rdfs,2,edge1
71.39465833333333,Edge,sharded,P-ADAPT-06,rdfs,2,edge1
148.52359216666667,Edge,sharded,P-AUD-06,rdfs,2,edge1
173.6562405,Edge,sharded,P-GOV-05,rdfs,2,edge1
27.483379499999998,Edge,sharded,P-OPS-05,rdfs,2,edge1
88.22735200000001,Edge,sharded,P-CONS-02,rdfs,2,edge1
39.99063,Edge,sharded,P-CONS-03,rdfs,2,edge1
15.963,Edge,sharded,P-DATA-09,rdfs,2,edge1
44.171685000000004,Edge,sharded,P-ADAPT-05,rdfs,2,edge1
102.74398766666667,Edge,sharded,P-DATA-04,rdfs,2,edge1
9.773339666666667,Edge,sharded,P-DATA-06,rdfs,2,edge1
44.519931666666665,Edge,sharded,P-DATA-07,rdfs,2,edge1
133.11005866666667,Edge,sharded,P-ZONE-01,rdfs,2,edge1
14.732352,Edge,sharded,P-VAL-07,rdfs,2,edge1
63.407102,Edge,sharded,P-GOV-03,rdfs,2,edge1
13.302444333333334,Edge,sharded,P-ADAPT-02,rdfs,2,edge1
7.720259333333334,Edge,sharded,P-ADAPT-03,rdfs,2,edge1
7.0219535,Edge,sharded,P-ADAPT-01,rdfs,2,edge1
29.280342500000003,Edge,sharded,P-NODE-02,rdfs,2,edge1
25.710518,Edge,sharded,P-ZONE-02,rdfs,2,edge1
13.864357666666667,Edge,sharded,P-AUD-01,rdfs,2,edge1
68.70283966666668,Edge,sharded,P-AUD-02,rdfs,2,edge1
8.282172666666666,Edge,sharded,P-AUD-03,rdfs,2,edge1
7.846148,Edge,sharded,P-ZONE-03,rdfs,2,edge1
31.375425999999997,Edge,sharded,P-MODEL-03,rdfs,2,edge1
14.342324,Edge,sharded,P-NODE-05,rdfs,2,edge1
6.4329905,Edge,sharded,P-AUD-04,rdfs,2,edge1
6.4329905,Edge,sharded,P-OPS-01,rdfs,2,edge1
3.7383516666666665,Edge,sharded,P-MODEL-06,rdfs,2,edge1
22.868398,Edge,sharded,P-ADAPT-04,rdfs,2,edge1
22.868398,Edge,sharded,P-ADAPT-07,rdfs,2,edge1
8.680975333333334,Edge,sharded,P-FL-06,rdfs,2,edge1
25.00564025,Edge,sharded,P-FL-07,rdfs,2,edge1
39.030190250000004,Edge,sharded,P-FL-03,rdfs,2,edge1
19.23565275,Edge,sharded,P-FL-05,rdfs,2,edge1
12.819851666666667,Edge,sharded,P-MODEL-01,rdfs,2,edge1
140.21256466666665,Edge,sharded,P-MODEL-05,rdfs,2,edge1
36.463197666666666,Edge,sharded,P-FL-02,rdfs,2,edge1
65.1460555,Edge,sharded,P-DATA-01,rdfs,2,edge1
23.081778,Edge,sharded,P-CONS-05,rdfs,2,edge1
17.033102,Edge,sharded,P-MODEL-02,rdfs,2,edge1
37.879326666666664,Edge,sharded,P-FL-04,rdfs,2,edge1
60.581204,Edge,sharded,P-MODEL-04,rdfs,2,edge1
78.974518,Edge,sharded,P-DATA-10,rdfs,2,edge1
36.820028,Edge,sharded,P-MODEL-08,rdfs,2,edge1
16.39623466666667,Edge,sharded,P-MODEL-07,rdfs,2,edge1
59.6464205,Edge,sharded,P-CONS-01,rdfs,2,edge2
257.79572516666667,Edge,sharded,P-DATA-02,rdfs,2,edge2
127.25084300000002,Edge,sharded,P-CONS-04,rdfs,2,edge2
30.939262333333332,Edge,sharded,P-DATA-04,rdfs,2,edge2
31.936296499999997,Edge,sharded,P-MODEL-08,rdfs,2,edge2
10.7925,Edge,sharded,P-OPS-02,rdfs,2,edge2
10.7925,Edge,sharded,P-OPS-03,rdfs,2,edge2
20.226778499999998,Edge,sharded,P-FL-01,rdfs,2,edge2
16.004395,Edge,sharded,P-MODEL-07,rdfs,2,edge2
147.750552,Edge,sharded,P-ZONE-01,rdfs,2,edge2
18.688315,Edge,sharded,P-INT-02,rdfs,2,edge2
47.997898500000005,Edge,sharded,P-OPS-05,rdfs,2,edge2
14.436435,Edge,sharded,P-DATA-05,rdfs,2,edge2
43.24107683333334,Edge,sharded,P-DATA-07,rdfs,2,edge2
70.00912,Edge,sharded,P-FL-08,rdfs,2,edge2
19.674031,Edge,sharded,P-MODEL-01,rdfs,2,edge2
40.583231,Edge,sharded,P-AUD-05,rdfs,2,edge2
50.954935,Edge,sharded,P-AUD-07,rdfs,2,edge2
13.346929166666667,Edge,sharded,P-DATA-03,rdfs,2,edge2
18.522462,Edge,sharded,P-INT-01,rdfs,2,edge2
40.287834000000004,Edge,sharded,P-DATA-08,rdfs,2,edge2
55.17119233333334,Edge,sharded,P-ADAPT-06,rdfs,2,edge2
109.9639835,Edge,sharded,P-AUD-06,rdfs,2,edge2
122.89160150000001,Edge,sharded,P-GOV-05,rdfs,2,edge2
80.476286,Edge,sharded,P-CONS-02,rdfs,2,edge2
35.985249,Edge,sharded,P-CONS-03,rdfs,2,edge2
41.86325,Edge,sharded,P-ADAPT-05,rdfs,2,edge2
9.434697333333334,Edge,sharded,P-DATA-06,rdfs,2,edge2
14.779222,Edge,sharded,P-DATA-09,rdfs,2,edge2
6.981176,Edge,sharded,P-ADAPT-01,rdfs,2,edge2
28.079231,Edge,sharded,P-NODE-02,rdfs,2,edge2
58.610685000000004,Edge,sharded,P-GOV-03,rdfs,2,edge2
7.168117333333334,Edge,sharded,P-ADAPT-02,rdfs,2,edge2
7.168117333333334,Edge,sharded,P-ADAPT-03,rdfs,2,edge2
24.96875,Edge,sharded,P-ZONE-02,rdfs,2,edge2
7.983432333333333,Edge,sharded,P-AUD-01,rdfs,2,edge2
54.90813683333333,Edge,sharded,P-AUD-02,rdfs,2,edge2
7.983432333333333,Edge,sharded,P-AUD-03,rdfs,2,edge2
3.907753,Edge,sharded,P-MODEL-06,rdfs,2,edge2
25.085278000000002,Edge,sharded,P-MODEL-03,rdfs,2,edge2
9.6165835,Edge,sharded,P-NODE-05,rdfs,2,edge2
36.847911999999994,Edge,sharded,P-FL-03,rdfs,2,edge2
17.9818285,Edge,sharded,P-FL-05,rdfs,2,edge2
22.592982833333334,Edge,sharded,P-FL-07,rdfs,2,edge2
22.605185,Edge,sharded,P-ADAPT-04,rdfs,2,edge2
22.605185,Edge,sharded,P-ADAPT-07,rdfs,2,edge2
6.4353335,Edge,sharded,P-AUD-04,rdfs,2,edge2
6.4353335,Edge,sharded,P-OPS-01,rdfs,2,edge2
114.60992949999999,Edge,sharded,P-MODEL-05,rdfs,2,edge2
7.910469,Edge,sharded,P-FL-06,rdfs,2,edge2
102.26905550000001,Edge,sharded,P-DATA-01,rdfs,2,edge2
34.22843533333333,Edge,sharded,P-FL-02,rdfs,2,edge2
15.4686945,Edge,sharded,P-MODEL-02,rdfs,2,edge2
21.642518,Edge,sharded,P-CONS-05,rdfs,2,edge2
58.151851,Edge,sharded,P-MODEL-04,rdfs,2,edge2
34.96168433333334,Edge,sharded,P-FL-04,rdfs,2,edge2
72.67758566666666,Edge,sharded,P-DATA-10,rdfs,2,edge2
126.184354,Edge,sharded,P-CONS-01,rdfs,2,edge3
161.31134666666665,Edge,sharded,P-DATA-02,rdfs,2,edge3
40.1799665,Edge,sharded,P-AUD-05,rdfs,2,edge3
49.326625500000006,Edge,sharded,P-AUD-07,rdfs,2,edge3
13.436708166666666,Edge,sharded,P-DATA-03,rdfs,2,edge3
14.800703500000001,Edge,sharded,P-DATA-05,rdfs,2,edge3
58.604166500000005,Edge,sharded,P-FL-08,rdfs,2,edge3
18.631949,Edge,sharded,P-INT-02,rdfs,2,edge3
128.20536316666667,Edge,sharded,P-CONS-04,rdfs,2,edge3
39.353456,Edge,sharded,P-DATA-08,rdfs,2,edge3
54.97454183333333,Edge,sharded,P-ADAPT-06,rdfs,2,edge3
112.10618016666665,Edge,sharded,P-AUD-06,rdfs,2,edge3
18.570801,Edge,sharded,P-INT-01,rdfs,2,edge3
81.0180915,Edge,sharded,P-CONS-02,rdfs,2,edge3
36.6240175,Edge,sharded,P-CONS-03,rdfs,2,edge3
41.6656075,Edge,sharded,P-ADAPT-05,rdfs,2,edge3
123.6634335,Edge,sharded,P-GOV-05,rdfs,2,edge3
24.524873499999998,Edge,sharded,P-OPS-05,rdfs,2,edge3
14.294537,Edge,sharded,P-DATA-09,rdfs,2,edge3
30.889393499999997,Edge,sharded,P-DATA-04,rdfs,2,edge3
9.343876,Edge,sharded,P-DATA-06,rdfs,2,edge3
44.9759485,Edge,sharded,P-DATA-07,rdfs,2,edge3
106.99655666666666,Edge,sharded,P-ZONE-01,rdfs,2,edge3
58.792702999999996,Edge,sharded,P-GOV-03,rdfs,2,edge3
7.214546333333334,Edge,sharded,P-ADAPT-02,rdfs,2,edge3
7.214546333333334,Edge,sharded,P-ADAPT-03,rdfs,2,edge3
7.072657,Edge,sharded,P-ADAPT-01,rdfs,2,edge3
28.037775,Edge,sharded,P-NODE-02,rdfs,2,edge3
26.4479685,Edge,sharded,P-ZONE-02,rdfs,2,edge3
7.880750666666667,Edge,sharded,P-AUD-01,rdfs,2,edge3
54.55705966666667,Edge,sharded,P-AUD-02,rdfs,2,edge3
7.880750666666667,Edge,sharded,P-AUD-03,rdfs,2,edge3
25.7103375,Edge,sharded,P-MODEL-03,rdfs,2,edge3
9.8066605,Edge,sharded,P-NODE-05,rdfs,2,edge3
3.931517,Edge,sharded,P-MODEL-06,rdfs,2,edge3
22.7753435,Edge,sharded,P-ADAPT-04,rdfs,2,edge3
22.7753435,Edge,sharded,P-ADAPT-07,rdfs,2,edge3
6.4076745,Edge,sharded,P-AUD-04,rdfs,2,edge3
6.4076745,Edge,sharded,P-OPS-01,rdfs,2,edge3
21.10982466666667,Edge,sharded,P-FL-01,rdfs,2,edge3
38.963507,Edge,sharded,P-FL-03,rdfs,2,edge3
19.319038,Edge,sharded,P-FL-05,rdfs,2,edge3
42.70305466666667,Edge,sharded,P-FL-07,rdfs,2,edge3
9.419116666666666,Edge,sharded,P-MODEL-01,rdfs,2,edge3
114.21744166666666,Edge,sharded,P-MODEL-05,rdfs,2,edge3
8.056497666666667,Edge,sharded,P-FL-06,rdfs,2,edge3
54.226336,Edge,sharded,P-FL-02,rdfs,2,edge3
61.561827,Edge,sharded,P-DATA-01,rdfs,2,edge3
15.903677,Edge,sharded,P-MODEL-02,rdfs,2,edge3
22.197157,Edge,sharded,P-CONS-05,rdfs,2,edge3
57.536257,Edge,sharded,P-MODEL-04,rdfs,2,edge3
54.827791000000005,Edge,sharded,P-FL-04,rdfs,2,edge3
72.29218866666668,Edge,sharded,P-DATA-10,rdfs,2,edge3
31.892114,Edge,sharded,P-MODEL-08,rdfs,2,edge3
16.105785666666666,Edge,sharded,P-MODEL-07,rdfs,2,edge3
3.886592,Cloud,sharded,P-CONS-05,rdfs,3,cloud
87.437443,Cloud,sharded,P-VAL-06,rdfs,3,cloud
2.359319,Cloud,sharded,P-OPS-01,rdfs,3,cloud
22.924105333333333,Cloud,sharded,P-VAL-03,rdfs,3,cloud
3.742321,Cloud,sharded,P-CONS-01,rdfs,3,cloud
19.771293333333336,Cloud,sharded,P-VAL-07,rdfs,3,cloud
55.5687655,Cloud,sharded,P-GOV-01,rdfs,3,cloud
52.139563499999994,Cloud,sharded,P-GOV-04,rdfs,3,cloud
6.1856133333333325,Cloud,sharded,P-VAL-04,rdfs,3,cloud
3.226075,Cloud,sharded,P-VAL-01,rdfs,3,cloud
5.839808,Cloud,sharded,P-DATA-03,rdfs,3,cloud
32.116096999999996,Cloud,sharded,P-GOV-03,rdfs,3,cloud
46.88952,Cloud,sharded,P-VAL-08,rdfs,3,cloud
48.938205833333335,Fog,sharded,P-NODE-01,rdfs,3,fog
58.22117033333333,Fog,sharded,P-NODE-03,rdfs,3,fog
12.095660333333333,Fog,sharded,P-OPS-05,rdfs,3,fog
10.661463,Fog,sharded,P-ZONE-01,rdfs,3,fog
54.747950333333335,Fog,sharded,P-NODE-02,rdfs,3,fog
23.810959833333335,Fog,sharded,P-NODE-05,rdfs,3,fog
6.763080333333334,Fog,sharded,P-MODEL-03,rdfs,3,fog
14.587759,Fog,sharded,P-OPS-02,rdfs,3,fog
14.035417,Fog,sharded,P-NODE-04,rdfs,3,fog
16.651574,Fog,sharded,P-MODEL-01,rdfs,3,fog
65.007033,Edge,sharded,P-CONS-01,rdfs,3,edge1
106.52945933333334,Edge,sharded,P-DATA-02,rdfs,3,edge1
21.939859833333333,Edge,sharded,P-FL-01,rdfs,3,edge1
14.639839333333335,Edge,sharded,P-DATA-03,rdfs,3,edge1
14.578500000000002,Edge,sharded,P-DATA-05,rdfs,3,edge1
60.4658805,Edge,sharded,P-FL-08,rdfs,3,edge1
20.102555,Edge,sharded,P-INT-02,rdfs,3,edge1
63.308024333333336,Edge,sharded,P-AUD-05,rdfs,3,edge1
140.607778,Edge,sharded,P-AUD-07,rdfs,3,edge1
181.094185,Edge,sharded,P-DATA-08,rdfs,3,edge1
19.564167,Edge,sharded,P-INT-01,rdfs,3,edge1
151.8505515,Edge,sharded,P-CONS-04,rdfs,3,edge1
71.07740716666666,Edge,sharded,P-ADAPT-06,rdfs,3,edge1
149.489371,Edge,sharded,P-AUD-06,rdfs,3,edge1
169.4612505,Edge,sharded,P-GOV-05,rdfs,3,edge1
26.930009,Edge,sharded,P-OPS-05,rdfs,3,edge1
88.0097685,Edge,sharded,P-CONS-02,rdfs,3,edge1
39.8387685,Edge,sharded,P-CONS-03,rdfs,3,edge1
15.999907,Edge,sharded,P-DATA-09,rdfs,3,edge1
44.279741,Edge,sharded,P-ADAPT-05,rdfs,3,edge1
36.81965133333333,Edge,sharded,P-DATA-04,rdfs,3,edge1
9.762086333333334,Edge,sharded,P-DATA-06,rdfs,3,edge1
44.56937383333333,Edge,sharded,P-DATA-07,rdfs,3,edge1
171.852306,Edge,sharded,P-ZONE-01,rdfs,3,edge1
15.011444,Edge,sharded,P-VAL-07,rdfs,3,edge1
63.4391105,Edge,sharded,P-GOV-03,rdfs,3,edge1
13.263857999999999,Edge,sharded,P-ADAPT-02,rdfs,3,edge1
7.643314666666666,Edge,sharded,P-ADAPT-03,rdfs,3,edge1
7.052287,Edge,sharded,P-ADAPT-01,rdfs,3,edge1
28.788528,Edge,sharded,P-NODE-02,rdfs,3,edge1
25.7068615,Edge,sharded,P-ZONE-02,rdfs,3,edge1
13.882061666666667,Edge,sharded,P-AUD-01,rdfs,3,edge1
69.10656533333332,Edge,sharded,P-AUD-02,rdfs,3,edge1
8.261518333333333,Edge,sharded,P-AUD-03,rdfs,3,edge1
7.5625185,Edge,sharded,P-ZONE-03,rdfs,3,edge1
31.2969535,Edge,sharded,P-MODEL-03,rdfs,3,edge1
14.2262965,Edge,sharded,P-NODE-05,rdfs,3,edge1
6.475009,Edge,sharded,P-AUD-04,rdfs,3,edge1
6.475009,Edge,sharded,P-OPS-01,rdfs,3,edge1
3.9642839999999997,Edge,sharded,P-MODEL-06,rdfs,3,edge1
23.294759,Edge,sharded,P-ADAPT-04,rdfs,3,edge1
23.294759,Edge,sharded,P-ADAPT-07,rdfs,3,edge1
8.609290333333332,Edge,sharded,P-FL-06,rdfs,3,edge1
25.248977166666663,Edge,sharded,P-FL-07,rdfs,3,edge1
38.851819500000005,Edge,sharded,P-FL-03,rdfs,3,edge1
19.047588,Edge,sharded,P-FL-05,rdfs,3,edge1
12.859111,Edge,sharded,P-MODEL-01,rdfs,3,edge1
141.67803700000002,Edge,sharded,P-MODEL-05,rdfs,3,edge1
36.632209833333334,Edge,sharded,P-FL-02,rdfs,3,edge1
104.2601765,Edge,sharded,P-DATA-01,rdfs,3,edge1
23.143166,Edge,sharded,P-CONS-05,rdfs,3,edge1
17.070657,Edge,sharded,P-MODEL-02,rdfs,3,edge1
38.160487333333336,Edge,sharded,P-FL-04,rdfs,3,edge1
62.014611,Edge,sharded,P-MODEL-04,rdfs,3,edge1
80.11650633333333,Edge,sharded,P-DATA-10,rdfs,3,edge1
36.0923615,Edge,sharded,P-MODEL-08,rdfs,3,edge1
16.460148,Edge,sharded,P-MODEL-07,rdfs,3,edge1
59.726059,Edge,sharded,P-CONS-01,rdfs,3,edge2
94.972849,Edge,sharded,P-DATA-02,rdfs,3,edge2
206.27103166666666,Edge,sharded,P-CONS-04,rdfs,3,edge2
110.67302183333334,Edge,sharded,P-DATA-04,rdfs,3,edge2
32.918759,Edge,sharded,P-MODEL-08,rdfs,3,edge2
10.564074,Edge,sharded,P-OPS-02,rdfs,3,edge2
10.564074,Edge,sharded,P-OPS-03,rdfs,3,edge2
20.3687085,Edge,sharded,P-FL-01,rdfs,3,edge2
15.923481666666667,Edge,sharded,P-MODEL-07,rdfs,3,edge2
149.53982416666668,Edge,sharded,P-ZONE-01,rdfs,3,edge2
18.638463,Edge,sharded,P-INT-02,rdfs,3,edge2
47.9276945,Edge,sharded,P-OPS-05,rdfs,3,edge2
14.595267999999999,Edge,sharded,P-DATA-05,rdfs,3,edge2
43.96876183333333,Edge,sharded,P-DATA-07,rdfs,3,edge2
70.5968885,Edge,sharded,P-FL-08,rdfs,3,edge2
19.841160666666667,Edge,sharded,P-MODEL-01,rdfs,3,edge2
43.9641015,Edge,sharded,P-AUD-05,rdfs,3,edge2
52.3737495,Edge,sharded,P-AUD-07,rdfs,3,edge2
13.8161355,Edge,sharded,P-DATA-03,rdfs,3,edge2
17.968241,Edge,sharded,P-INT-01,rdfs,3,edge2
39.724371000000005,Edge,sharded,P-DATA-08,rdfs,3,edge2
55.35040433333333,Edge,sharded,P-ADAPT-06,rdfs,3,edge2
112.02243866666666,Edge,sharded,P-AUD-06,rdfs,3,edge2
122.2957415,Edge,sharded,P-GOV-05,rdfs,3,edge2
79.95170300000001,Edge,sharded,P-CONS-02,rdfs,3,edge2
35.726296000000005,Edge,sharded,P-CONS-03,rdfs,3,edge2
42.865739999999995,Edge,sharded,P-ADAPT-05,rdfs,3,edge2
9.344475333333333,Edge,sharded,P-DATA-06,rdfs,3,edge2
14.429667,Edge,sharded,P-DATA-09,rdfs,3,edge2
6.92025,Edge,sharded,P-ADAPT-01,rdfs,3,edge2
28.432213,Edge,sharded,P-NODE-02,rdfs,3,edge2
58.702129,Edge,sharded,P-GOV-03,rdfs,3,edge2
7.171728333333333,Edge,sharded,P-ADAPT-02,rdfs,3,edge2
7.171728333333333,Edge,sharded,P-ADAPT-03,rdfs,3,edge2
25.501722,Edge,sharded,P-ZONE-02,rdfs,3,edge2
8.020154333333332,Edge,sharded,P-AUD-01,rdfs,3,edge2
54.68507133333334,Edge,sharded,P-AUD-02,rdfs,3,edge2
8.020154333333332,Edge,sharded,P-AUD-03,rdfs,3,edge2
3.9203639999999997,Edge,sharded,P-MODEL-06,rdfs,3,edge2
25.166953499999998,Edge,sharded,P-MODEL-03,rdfs,3,edge2
9.877472,Edge,sharded,P-NODE-05,rdfs,3,edge2
37.506801499999995,Edge,sharded,P-FL-03,rdfs,3,edge2
18.407542,Edge,sharded,P-FL-05,rdfs,3,edge2
22.895140833333333,Edge,sharded,P-FL-07,rdfs,3,edge2
22.6659905,Edge,sharded,P-ADAPT-04,rdfs,3,edge2
22.6659905,Edge,sharded,P-ADAPT-07,rdfs,3,edge2
6.3252405,Edge,sharded,P-AUD-04,rdfs,3,edge2
6.3252405,Edge,sharded,P-OPS-01,rdfs,3,edge2
116.20554966666666,Edge,sharded,P-MODEL-05,rdfs,3,edge2
7.869889000000001,Edge,sharded,P-FL-06,rdfs,3,edge2
103.871417,Edge,sharded,P-DATA-01,rdfs,3,edge2
34.47467333333333,Edge,sharded,P-FL-02,rdfs,3,edge2
15.2894815,Edge,sharded,P-MODEL-02,rdfs,3,edge2
21.831926,Edge,sharded,P-CONS-05,rdfs,3,edge2
59.054907,Edge,sharded,P-MODEL-04,rdfs,3,edge2
35.845747333333335,Edge,sharded,P-FL-04,rdfs,3,edge2
73.908988,Edge,sharded,P-DATA-10,rdfs,3,edge2
61.04880766666666,Edge,sharded,P-CONS-01,rdfs,3,edge3
94.34837983333334,Edge,sharded,P-DATA-02,rdfs,3,edge3
40.755207999999996,Edge,sharded,P-AUD-05,rdfs,3,edge3
49.075848,Edge,sharded,P-AUD-07,rdfs,3,edge3
13.098445333333334,Edge,sharded,P-DATA-03,rdfs,3,edge3
14.282860500000002,Edge,sharded,P-DATA-05,rdfs,3,edge3
59.3827125,Edge,sharded,P-FL-08,rdfs,3,edge3
18.595523,Edge,sharded,P-INT-02,rdfs,3,edge3
126.48957049999999,Edge,sharded,P-CONS-04,rdfs,3,edge3
41.156718,Edge,sharded,P-DATA-08,rdfs,3,edge3
55.371670833333326,Edge,sharded,P-ADAPT-06,rdfs,3,edge3
109.92939633333334,Edge,sharded,P-AUD-06,rdfs,3,edge3
17.993893,Edge,sharded,P-INT-01,rdfs,3,edge3
83.69079,Edge,sharded,P-CONS-02,rdfs,3,edge3
38.478770000000004,Edge,sharded,P-CONS-03,rdfs,3,edge3
43.4641195,Edge,sharded,P-ADAPT-05,rdfs,3,edge3
121.406263,Edge,sharded,P-GOV-05,rdfs,3,edge3
24.7090955,Edge,sharded,P-OPS-05,rdfs,3,edge3
14.98113,Edge,sharded,P-DATA-09,rdfs,3,edge3
31.04641783333333,Edge,sharded,P-DATA-04,rdfs,3,edge3
9.541178333333333,Edge,sharded,P-DATA-06,rdfs,3,edge3
44.68816633333333,Edge,sharded,P-DATA-07,rdfs,3,edge3
106.24355583333332,Edge,sharded,P-ZONE-01,rdfs,3,edge3
58.5268785,Edge,sharded,P-GOV-03,rdfs,3,edge3
7.327620333333333,Edge,sharded,P-ADAPT-02,rdfs,3,edge3
7.327620333333333,Edge,sharded,P-ADAPT-03,rdfs,3,edge3
6.89974,Edge,sharded,P-ADAPT-01,rdfs,3,edge3
27.453099,Edge,sharded,P-NODE-02,rdfs,3,edge3
26.2751065,Edge,sharded,P-ZONE-02,rdfs,3,edge3
7.760121000000001,Edge,sharded,P-AUD-01,rdfs,3,edge3
54.524772,Edge,sharded,P-AUD-02,rdfs,3,edge3
7.760121000000001,Edge,sharded,P-AUD-03,rdfs,3,edge3
25.164883500000002,Edge,sharded,P-MODEL-03,rdfs,3,edge3
9.5914935,Edge,sharded,P-NODE-05,rdfs,3,edge3
3.7742826666666667,Edge,sharded,P-MODEL-06,rdfs,3,edge3
22.7441115,Edge,sharded,P-ADAPT-04,rdfs,3,edge3
22.7441115,Edge,sharded,P-ADAPT-07,rdfs,3,edge3
6.271591,Edge,sharded,P-AUD-04,rdfs,3,edge3
6.271591,Edge,sharded,P-OPS-01,rdfs,3,edge3
20.874332083333332,Edge,sharded,P-FL-01,rdfs,3,edge3
37.12656475,Edge,sharded,P-FL-03,rdfs,3,edge3
17.931133250000002,Edge,sharded,P-FL-05,rdfs,3,edge3
22.18774075,Edge,sharded,P-FL-07,rdfs,3,edge3
8.871270333333333,Edge,sharded,P-MODEL-01,rdfs,3,edge3
113.74494783333334,Edge,sharded,P-MODEL-05,rdfs,3,edge3
7.7981023333333335,Edge,sharded,P-FL-06,rdfs,3,edge3
34.02507966666667,Edge,sharded,P-FL-02,rdfs,3,edge3
60.6929,Edge,sharded,P-DATA-01,rdfs,3,edge3
15.57339,Edge,sharded,P-MODEL-02,rdfs,3,edge3
21.745027,Edge,sharded,P-CONS-05,rdfs,3,edge3
58.003647,Edge,sharded,P-MODEL-04,rdfs,3,edge3
34.68548866666667,Edge,sharded,P-FL-04,rdfs,3,edge3
71.92728833333334,Edge,sharded,P-DATA-10,rdfs,3,edge3
32.056827500000004,Edge,sharded,P-MODEL-08,rdfs,3,edge3
15.875396333333333,Edge,sharded,P-MODEL-07,rdfs,3,edge3
3.99091,Cloud,sharded,P-CONS-05,owlrl,1,cloud
88.905044,Cloud,sharded,P-VAL-06,owlrl,1,cloud
2.4360385,Cloud,sharded,P-OPS-01,owlrl,1,cloud
23.01601816666667,Cloud,sharded,P-VAL-03,owlrl,1,cloud
3.955038,Cloud,sharded,P-CONS-01,owlrl,1,cloud
20.300543666666666,Cloud,sharded,P-VAL-07,owlrl,1,cloud
31.206748000000005,Cloud,sharded,P-GOV-01,owlrl,1,cloud
27.368122,Cloud,sharded,P-GOV-04,owlrl,1,cloud
6.342420166666667,Cloud,sharded,P-VAL-04,owlrl,1,cloud
3.2578935,Cloud,sharded,P-VAL-01,owlrl,1,cloud
5.825846,Cloud,sharded,P-DATA-03,owlrl,1,cloud
31.897875,Cloud,sharded,P-GOV-03,owlrl,1,cloud
81.845474,Cloud,sharded,P-VAL-08,owlrl,1,cloud
49.47406983333333,Fog,sharded,P-NODE-01,owlrl,1,fog
58.431960333333336,Fog,sharded,P-NODE-03,owlrl,1,fog
12.018839333333332,Fog,sharded,P-OPS-05,owlrl,1,fog
11.170815,Fog,sharded,P-ZONE-01,owlrl,1,fog
55.3357715,Fog,sharded,P-NODE-02,owlrl,1,fog
24.101466000000002,Fog,sharded,P-NODE-05,owlrl,1,fog
7.048179,Fog,sharded,P-MODEL-03,owlrl,1,fog
16.273611,Fog,sharded,P-OPS-02,owlrl,1,fog
14.538954,Fog,sharded,P-NODE-04,owlrl,1,fog
16.72876,Fog,sharded,P-MODEL-01,owlrl,1,fog
64.40719116666666,Edge,sharded,P-CONS-01,owlrl,1,edge1
110.80358883333334,Edge,sharded,P-DATA-02,owlrl,1,edge1
21.806466416666666,Edge,sharded,P-FL-01,owlrl,1,edge1
14.486487833333332,Edge,sharded,P-DATA-03,owlrl,1,edge1
15.158417,Edge,sharded,P-DATA-05,owlrl,1,edge1
60.556555,Edge,sharded,P-FL-08,owlrl,1,edge1
20.222833,Edge,sharded,P-INT-02,owlrl,1,edge1
63.31983600000001,Edge,sharded,P-AUD-05,owlrl,1,edge1
138.298547,Edge,sharded,P-AUD-07,owlrl,1,edge1
40.448574,Edge,sharded,P-DATA-08,owlrl,1,edge1
20.205389,Edge,sharded,P-INT-01,owlrl,1,edge1
157.89603016666666,Edge,sharded,P-CONS-04,owlrl,1,edge1
71.38647866666668,Edge,sharded,P-ADAPT-06,owlrl,1,edge1
146.2758985,Edge,sharded,P-AUD-06,owlrl,1,edge1
342.0154635,Edge,sharded,P-GOV-05,owlrl,1,edge1
27.335176,Edge,sharded,P-OPS-05,owlrl,1,edge1
87.784713,Edge,sharded,P-CONS-02,owlrl,1,edge1
39.57225,Edge,sharded,P-CONS-03,owlrl,1,edge1
15.885111,Edge,sharded,P-DATA-09,owlrl,1,edge1
44.6726015,Edge,sharded,P-ADAPT-05,owlrl,1,edge1
42.017997333333334,Edge,sharded,P-DATA-04,owlrl,1,edge1
9.919506333333333,Edge,sharded,P-DATA-06,owlrl,1,edge1
45.07146933333333,Edge,sharded,P-DATA-07,owlrl,1,edge1
117.691034,Edge,sharded,P-ZONE-01,owlrl,1,edge1
14.368074,Edge,sharded,P-VAL-07,owlrl,1,edge1
63.583982,Edge,sharded,P-GOV-03,owlrl,1,edge1
13.314277666666666,Edge,sharded,P-ADAPT-02,owlrl,1,edge1
7.557413666666666,Edge,sharded,P-ADAPT-03,owlrl,1,edge1
6.963417,Edge,sharded,P-ADAPT-01,owlrl,1,edge1
29.253269,Edge,sharded,P-NODE-02,owlrl,1,edge1
25.7738795,Edge,sharded,P-ZONE-02,owlrl,1,edge1
14.061864,Edge,sharded,P-AUD-01,owlrl,1,edge1
78.5289915,Edge,sharded,P-AUD-02,owlrl,1,edge1
8.305,Edge,sharded,P-AUD-03,owlrl,1,edge1
7.8086665,Edge,sharded,P-ZONE-03,owlrl,1,edge1
28.386703500000003,Edge,sharded,P-MODEL-03,owlrl,1,edge1
11.784722,Edge,sharded,P-NODE-05,owlrl,1,edge1
6.3971945,Edge,sharded,P-AUD-04,owlrl,1,edge1
6.3971945,Edge,sharded,P-OPS-01,owlrl,1,edge1
3.7710616666666668,Edge,sharded,P-MODEL-06,owlrl,1,edge1
23.1385925,Edge,sharded,P-ADAPT-04,owlrl,1,edge1
23.1385925,Edge,sharded,P-ADAPT-07,owlrl,1,edge1
8.497271666666666,Edge,sharded,P-FL-06,owlrl,1,edge1
24.902484416666667,Edge,sharded,P-FL-07,owlrl,1,edge1
39.04802825,Edge,sharded,P-FL-03,owlrl,1,edge1
19.27858375,Edge,sharded,P-FL-05,owlrl,1,edge1
10.774537,Edge,sharded,P-MODEL-01,owlrl,1,edge1
137.9925655,Edge,sharded,P-MODEL-05,owlrl,1,edge1
36.1546295,Edge,sharded,P-FL-02,owlrl,1,edge1
49.5097315,Edge,sharded,P-DATA-01,owlrl,1,edge1
24.85774,Edge,sharded,P-CONS-05,owlrl,1,edge1
16.6019815,Edge,sharded,P-MODEL-02,owlrl,1,edge1
38.315222000000006,Edge,sharded,P-FL-04,owlrl,1,edge1
60.36124099999999,Edge,sharded,P-MODEL-04,owlrl,1,edge1
78.93987533333333,Edge,sharded,P-DATA-10,owlrl,1,edge1
35.717518999999996,Edge,sharded,P-MODEL-08,owlrl,1,edge1
16.428932,Edge,sharded,P-MODEL-07,owlrl,1,edge1
59.718749833333334,Edge,sharded,P-CONS-01,owlrl,1,edge2
94.779178,Edge,sharded,P-DATA-02,owlrl,1,edge2
127.052095,Edge,sharded,P-CONS-04,owlrl,1,edge2
30.974938166666668,Edge,sharded,P-DATA-04,owlrl,1,edge2
31.790907999999998,Edge,sharded,P-MODEL-08,owlrl,1,edge2
11.4176665,Edge,sharded,P-OPS-02,owlrl,1,edge2
11.4176665,Edge,sharded,P-OPS-03,owlrl,1,edge2
20.301218583333334,Edge,sharded,P-FL-01,owlrl,1,edge2
16.011845666666666,Edge,sharded,P-MODEL-07,owlrl,1,edge2
91.00525266666666,Edge,sharded,P-ZONE-01,owlrl,1,edge2
19.250592,Edge,sharded,P-INT-02,owlrl,1,edge2
48.564398499999996,Edge,sharded,P-OPS-05,owlrl,1,edge2
14.554074,Edge,sharded,P-DATA-05,owlrl,1,edge2
43.46863316666666,Edge,sharded,P-DATA-07,owlrl,1,edge2
70.2329255,Edge,sharded,P-FL-08,owlrl,1,edge2
19.603425666666666,Edge,sharded,P-MODEL-01,owlrl,1,edge2
40.4682775,Edge,sharded,P-AUD-05,owlrl,1,edge2
50.6049075,Edge,sharded,P-AUD-07,owlrl,1,edge2
13.2942155,Edge,sharded,P-DATA-03,owlrl,1,edge2
18.551611,Edge,sharded,P-INT-01,owlrl,1,edge2
40.445222,Edge,sharded,P-DATA-08,owlrl,1,edge2
55.05656733333334,Edge,sharded,P-ADAPT-06,owlrl,1,edge2
109.92197216666668,Edge,sharded,P-AUD-06,owlrl,1,edge2
143.8732315,Edge,sharded,P-GOV-05,owlrl,1,edge2
80.2915375,Edge,sharded,P-CONS-02,owlrl,1,edge2
36.0651485,Edge,sharded,P-CONS-03,owlrl,1,edge2
41.895675499999996,Edge,sharded,P-ADAPT-05,owlrl,1,edge2
9.445882666666668,Edge,sharded,P-DATA-06,owlrl,1,edge2
14.770389,Edge,sharded,P-DATA-09,owlrl,1,edge2
6.957204,Edge,sharded,P-ADAPT-01,owlrl,1,edge2
28.242629,Edge,sharded,P-NODE-02,owlrl,1,edge2
58.498971999999995,Edge,sharded,P-GOV-03,owlrl,1,edge2
7.161438333333333,Edge,sharded,P-ADAPT-02,owlrl,1,edge2
7.161438333333333,Edge,sharded,P-ADAPT-03,owlrl,1,edge2
25.126454,Edge,sharded,P-ZONE-02,owlrl,1,edge2
7.885975333333334,Edge,sharded,P-AUD-01,owlrl,1,edge2
60.18401233333333,Edge,sharded,P-AUD-02,owlrl,1,edge2
7.885975333333334,Edge,sharded,P-AUD-03,owlrl,1,edge2
3.9775183333333337,Edge,sharded,P-MODEL-06,owlrl,1,edge2
25.117638499999998,Edge,sharded,P-MODEL-03,owlrl,1,edge2
9.585796,Edge,sharded,P-NODE-05,owlrl,1,edge2
36.87664825,Edge,sharded,P-FL-03,owlrl,1,edge2
17.98991675,Edge,sharded,P-FL-05,owlrl,1,edge2
22.490478583333335,Edge,sharded,P-FL-07,owlrl,1,edge2
22.769074,Edge,sharded,P-ADAPT-04,owlrl,1,edge2
22.769074,Edge,sharded,P-ADAPT-07,owlrl,1,edge2
6.30575,Edge,sharded,P-AUD-04,owlrl,1,edge2
6.30575,Edge,sharded,P-OPS-01,owlrl,1,edge2
114.22556666666667,Edge,sharded,P-MODEL-05,owlrl,1,edge2
7.951191333333333,Edge,sharded,P-FL-06,owlrl,1,edge2
45.508990499999996,Edge,sharded,P-DATA-01,owlrl,1,edge2
34.1359815,Edge,sharded,P-FL-02,owlrl,1,edge2
15.5318425,Edge,sharded,P-MODEL-02,owlrl,1,edge2
22.343518,Edge,sharded,P-CONS-05,owlrl,1,edge2
58.177963,Edge,sharded,P-MODEL-04,owlrl,1,edge2
34.774018999999996,Edge,sharded,P-FL-04,owlrl,1,edge2
72.50054800000001,Edge,sharded,P-DATA-10,owlrl,1,edge2
59.87250999999999,Edge,sharded,P-CONS-01,owlrl,1,edge3
94.23056783333334,Edge,sharded,P-DATA-02,owlrl,1,edge3
40.409828,Edge,sharded,P-AUD-05,owlrl,1,edge3
49.986174000000005,Edge,sharded,P-AUD-07,owlrl,1,edge3
13.050698333333333,Edge,sharded,P-DATA-03,owlrl,1,edge3
14.261564,Edge,sharded,P-DATA-05,owlrl,1,edge3
60.075187,Edge,sharded,P-FL-08,owlrl,1,edge3
19.275358,Edge,sharded,P-INT-02,owlrl,1,edge3
126.83227016666666,Edge,sharded,P-CONS-04,owlrl,1,edge3
40.275012000000004,Edge,sharded,P-DATA-08,owlrl,1,edge3
55.37053183333334,Edge,sharded,P-ADAPT-06,owlrl,1,edge3
110.0934315,Edge,sharded,P-AUD-06,owlrl,1,edge3
17.773022,Edge,sharded,P-INT-01,owlrl,1,edge3
82.04139850000001,Edge,sharded,P-CONS-02,owlrl,1,edge3
36.8365645,Edge,sharded,P-CONS-03,owlrl,1,edge3
41.9359325,Edge,sharded,P-ADAPT-05,owlrl,1,edge3
142.80178899999999,Edge,sharded,P-GOV-05,owlrl,1,edge3
24.28491,Edge,sharded,P-OPS-05,owlrl,1,edge3
14.698685,Edge,sharded,P-DATA-09,owlrl,1,edge3
30.376939,Edge,sharded,P-DATA-04,owlrl,1,edge3
9.136783,Edge,sharded,P-DATA-06,owlrl,1,edge3
44.28404,Edge,sharded,P-DATA-07,owlrl,1,edge3
93.15231066666666,Edge,sharded,P-ZONE-01,owlrl,1,edge3
58.242249,Edge,sharded,P-GOV-03,owlrl,1,edge3
7.308046333333333,Edge,sharded,P-ADAPT-02,owlrl,1,edge3
7.308046333333333,Edge,sharded,P-ADAPT-03,owlrl,1,edge3
6.868527,Edge,sharded,P-ADAPT-01,owlrl,1,edge3
28.113238,Edge,sharded,P-NODE-02,owlrl,1,edge3
26.294134999999997,Edge,sharded,P-ZONE-02,owlrl,1,edge3
7.744194666666666,Edge,sharded,P-AUD-01,owlrl,1,edge3
59.83330516666666,Edge,sharded,P-AUD-02,owlrl,1,edge3
7.744194666666666,Edge,sharded,P-AUD-03,owlrl,1,edge3
25.121910999999997,Edge,sharded,P-MODEL-03,owlrl,1,edge3
9.639688,Edge,sharded,P-NODE-05,owlrl,1,edge3
3.770301,Edge,sharded,P-MODEL-06,owlrl,1,edge3
22.8887785,Edge,sharded,P-ADAPT-04,owlrl,1,edge3
22.8887785,Edge,sharded,P-ADAPT-07,owlrl,1,edge3
6.2916375,Edge,sharded,P-AUD-04,owlrl,1,edge3
6.2916375,Edge,sharded,P-OPS-01,owlrl,1,edge3
20.568552916666665,Edge,sharded,P-FL-01,owlrl,1,edge3
37.78522375,Edge,sharded,P-FL-03,owlrl,1,edge3
18.63569975,Edge,sharded,P-FL-05,owlrl,1,edge3
22.431524916666667,Edge,sharded,P-FL-07,owlrl,1,edge3
8.765906,Edge,sharded,P-MODEL-01,owlrl,1,edge3
114.5214465,Edge,sharded,P-MODEL-05,owlrl,1,edge3
7.909250666666666,Edge,sharded,P-FL-06,owlrl,1,edge3
34.4927525,Edge,sharded,P-FL-02,owlrl,1,edge3
47.728939499999996,Edge,sharded,P-DATA-01,owlrl,1,edge3
15.482223,Edge,sharded,P-MODEL-02,owlrl,1,edge3
23.164529,Edge,sharded,P-CONS-05,owlrl,1,edge3
189.699682,Edge,sharded,P-MODEL-04,owlrl,1,edge3
35.429125,Edge,sharded,P-FL-04,owlrl,1,edge3
71.83689233333334,Edge,sharded,P-DATA-10,owlrl,1,edge3
32.6236705,Edge,sharded,P-MODEL-08,owlrl,1,edge3
16.002297666666667,Edge,sharded,P-MODEL-07,owlrl,1,edge3
3.947127,Cloud,sharded,P-CONS-05,owlrl,2,cloud
89.014486,Cloud,sharded,P-VAL-06,owlrl,2,cloud
2.629624,Cloud,sharded,P-OPS-01,owlrl,2,cloud
23.182940666666667,Cloud,sharded,P-VAL-03,owlrl,2,cloud
3.700544,Cloud,sharded,P-CONS-01,owlrl,2,cloud
19.880372666666666,Cloud,sharded,P-VAL-07,owlrl,2,cloud
30.567895,Cloud,sharded,P-GOV-01,owlrl,2,cloud
27.217927,Cloud,sharded,P-GOV-04,owlrl,2,cloud
6.218867666666667,Cloud,sharded,P-VAL-04,owlrl,2,cloud
3.267577,Cloud,sharded,P-VAL-01,owlrl,2,cloud
5.44633,Cloud,sharded,P-DATA-03,owlrl,2,cloud
31.800139,Cloud,sharded,P-GOV-03,owlrl,2,cloud
32.451112,Cloud,sharded,P-VAL-08,owlrl,2,cloud
92.859303,Fog,sharded,P-NODE-01,owlrl,2,fog
101.92201499999999,Fog,sharded,P-NODE-03,owlrl,2,fog
56.144506,Fog,sharded,P-OPS-05,owlrl,2,fog
10.6925,Fog,sharded,P-ZONE-01,owlrl,2,fog
54.789215999999996,Fog,sharded,P-NODE-02,owlrl,2,fog
23.805179000000003,Fog,sharded,P-NODE-05,owlrl,2,fog
6.7431790000000005,Fog,sharded,P-MODEL-03,owlrl,2,fog
14.634704,Fog,sharded,P-OPS-02,owlrl,2,fog
14.01675,Fog,sharded,P-NODE-04,owlrl,2,fog
16.611796,Fog,sharded,P-MODEL-01,owlrl,2,fog
65.408932,Edge,sharded,P-CONS-01,owlrl,2,edge1
109.2389335,Edge,sharded,P-DATA-02,owlrl,2,edge1
21.833127166666667,Edge,sharded,P-FL-01,owlrl,2,edge1
14.4295835,Edge,sharded,P-DATA-03,owlrl,2,edge1
14.7794635,Edge,sharded,P-DATA-05,owlrl,2,edge1
61.4014255,Edge,sharded,P-FL-08,owlrl,2,edge1
20.196741,Edge,sharded,P-INT-02,owlrl,2,edge1
64.67462883333334,Edge,sharded,P-AUD-05,owlrl,2,edge1
140.4031485,Edge,sharded,P-AUD-07,owlrl,2,edge1
40.327573,Edge,sharded,P-DATA-08,owlrl,2,edge1
20.161018,Edge,sharded,P-INT-01,owlrl,2,edge1
155.89175649999999,Edge,sharded,P-CONS-04,owlrl,2,edge1
72.52391616666667,Edge,sharded,P-ADAPT-06,owlrl,2,edge1
149.51095283333333,Edge,sharded,P-AUD-06,owlrl,2,edge1
208.37752799999998,Edge,sharded,P-GOV-05,owlrl,2,edge1
26.824574499999997,Edge,sharded,P-OPS-05,owlrl,2,edge1
88.3413695,Edge,sharded,P-CONS-02,owlrl,2,edge1
40.0307775,Edge,sharded,P-CONS-03,owlrl,2,edge1
15.894537,Edge,sharded,P-DATA-09,owlrl,2,edge1
44.316971,Edge,sharded,P-ADAPT-05,owlrl,2,edge1
40.53563233333333,Edge,sharded,P-DATA-04,owlrl,2,edge1
9.786623333333333,Edge,sharded,P-DATA-06,owlrl,2,edge1
44.880354833333335,Edge,sharded,P-DATA-07,owlrl,2,edge1
117.99506399999999,Edge,sharded,P-ZONE-01,owlrl,2,edge1
14.841351,Edge,sharded,P-VAL-07,owlrl,2,edge1
63.5694075,Edge,sharded,P-GOV-03,owlrl,2,edge1
13.310611000000002,Edge,sharded,P-ADAPT-02,owlrl,2,edge1
7.726166666666667,Edge,sharded,P-ADAPT-03,owlrl,2,edge1
7.0136575,Edge,sharded,P-ADAPT-01,owlrl,2,edge1
29.2204905,Edge,sharded,P-NODE-02,owlrl,2,edge1
25.7166295,Edge,sharded,P-ZONE-02,owlrl,2,edge1
13.773586,Edge,sharded,P-AUD-01,owlrl,2,edge1
78.24078016666667,Edge,sharded,P-AUD-02,owlrl,2,edge1
8.189141666666666,Edge,sharded,P-AUD-03,owlrl,2,edge1
7.779028,Edge,sharded,P-ZONE-03,owlrl,2,edge1
28.286240499999998,Edge,sharded,P-MODEL-03,owlrl,2,edge1
11.607722,Edge,sharded,P-NODE-05,owlrl,2,edge1
6.583546,Edge,sharded,P-AUD-04,owlrl,2,edge1
6.583546,Edge,sharded,P-OPS-01,owlrl,2,edge1
3.783099,Edge,sharded,P-MODEL-06,owlrl,2,edge1
23.0901015,Edge,sharded,P-ADAPT-04,owlrl,2,edge1
23.0901015,Edge,sharded,P-ADAPT-07,owlrl,2,edge1
8.642919666666666,Edge,sharded,P-FL-06,owlrl,2,edge1
25.1749055,Edge,sharded,P-FL-07,owlrl,2,edge1
39.017505,Edge,sharded,P-FL-03,owlrl,2,edge1
19.165208500000002,Edge,sharded,P-FL-05,owlrl,2,edge1
10.933944333333335,Edge,sharded,P-MODEL-01,owlrl,2,edge1
141.95614783333332,Edge,sharded,P-MODEL-05,owlrl,2,edge1
36.581388833333335,Edge,sharded,P-FL-02,owlrl,2,edge1
50.1752775,Edge,sharded,P-DATA-01,owlrl,2,edge1
24.827463,Edge,sharded,P-CONS-05,owlrl,2,edge1
16.6785185,Edge,sharded,P-MODEL-02,owlrl,2,edge1
38.05911033333334,Edge,sharded,P-FL-04,owlrl,2,edge1
63.298019,Edge,sharded,P-MODEL-04,owlrl,2,edge1
79.786592,Edge,sharded,P-DATA-10,owlrl,2,edge1
34.87274,Edge,sharded,P-MODEL-08,owlrl,2,edge1
16.350889,Edge,sharded,P-MODEL-07,owlrl,2,edge1
60.35347933333334,Edge,sharded,P-CONS-01,owlrl,2,edge2
94.76756833333333,Edge,sharded,P-DATA-02,owlrl,2,edge2
126.70130866666663,Edge,sharded,P-CONS-04,owlrl,2,edge2
30.31973716666667,Edge,sharded,P-DATA-04,owlrl,2,edge2
31.793084,Edge,sharded,P-MODEL-08,owlrl,2,edge2
11.4708425,Edge,sharded,P-OPS-02,owlrl,2,edge2
11.4708425,Edge,sharded,P-OPS-03,owlrl,2,edge2
20.082147,Edge,sharded,P-FL-01,owlrl,2,edge2
15.999765333333334,Edge,sharded,P-MODEL-07,owlrl,2,edge2
92.10726533333333,Edge,sharded,P-ZONE-01,owlrl,2,edge2
19.800296,Edge,sharded,P-INT-02,owlrl,2,edge2
47.830111,Edge,sharded,P-OPS-05,owlrl,2,edge2
14.4066485,Edge,sharded,P-DATA-05,owlrl,2,edge2
43.32819216666667,Edge,sharded,P-DATA-07,owlrl,2,edge2
70.7839525,Edge,sharded,P-FL-08,owlrl,2,edge2
19.49816333333333,Edge,sharded,P-MODEL-01,owlrl,2,edge2
43.1069535,Edge,sharded,P-AUD-05,owlrl,2,edge2
50.6918055,Edge,sharded,P-AUD-07,owlrl,2,edge2
13.170706833333334,Edge,sharded,P-DATA-03,owlrl,2,edge2
18.033,Edge,sharded,P-INT-01,owlrl,2,edge2
39.960573,Edge,sharded,P-DATA-08,owlrl,2,edge2
56.074292666666665,Edge,sharded,P-ADAPT-06,owlrl,2,edge2
110.89375533333333,Edge,sharded,P-AUD-06,owlrl,2,edge2
144.1896115,Edge,sharded,P-GOV-05,owlrl,2,edge2
79.9972215,Edge,sharded,P-CONS-02,owlrl,2,edge2
35.7430925,Edge,sharded,P-CONS-03,owlrl,2,edge2
41.9842595,Edge,sharded,P-ADAPT-05,owlrl,2,edge2
9.169598666666667,Edge,sharded,P-DATA-06,owlrl,2,edge2
14.390426,Edge,sharded,P-DATA-09,owlrl,2,edge2
7.0981015,Edge,sharded,P-ADAPT-01,owlrl,2,edge2
28.5419355,Edge,sharded,P-NODE-02,owlrl,2,edge2
58.5182315,Edge,sharded,P-GOV-03,owlrl,2,edge2
7.279561666666667,Edge,sharded,P-ADAPT-02,owlrl,2,edge2
7.279561666666667,Edge,sharded,P-ADAPT-03,owlrl,2,edge2
25.2470285,Edge,sharded,P-ZONE-02,owlrl,2,edge2
7.784487666666667,Edge,sharded,P-AUD-01,owlrl,2,edge2
61.124905166666665,Edge,sharded,P-AUD-02,owlrl,2,edge2
7.784487666666667,Edge,sharded,P-AUD-03,owlrl,2,edge2
4.090858333333333,Edge,sharded,P-MODEL-06,owlrl,2,edge2
25.171583,Edge,sharded,P-MODEL-03,owlrl,2,edge2
9.529361,Edge,sharded,P-NODE-05,owlrl,2,edge2
37.219828,Edge,sharded,P-FL-03,owlrl,2,edge2
18.0735135,Edge,sharded,P-FL-05,owlrl,2,edge2
23.122183666666665,Edge,sharded,P-FL-07,owlrl,2,edge2
100.0128705,Edge,sharded,P-ADAPT-04,owlrl,2,edge2
100.0128705,Edge,sharded,P-ADAPT-07,owlrl,2,edge2
6.351389,Edge,sharded,P-AUD-04,owlrl,2,edge2
6.351389,Edge,sharded,P-OPS-01,owlrl,2,edge2
118.27625633333334,Edge,sharded,P-MODEL-05,owlrl,2,edge2
7.7535680000000005,Edge,sharded,P-FL-06,owlrl,2,edge2
46.638,Edge,sharded,P-DATA-01,owlrl,2,edge2
35.254703166666665,Edge,sharded,P-FL-02,owlrl,2,edge2
15.642222,Edge,sharded,P-MODEL-02,owlrl,2,edge2
22.524129,Edge,sharded,P-CONS-05,owlrl,2,edge2
58.398982000000004,Edge,sharded,P-MODEL-04,owlrl,2,edge2
36.22455566666667,Edge,sharded,P-FL-04,owlrl,2,edge2
76.18399433333333,Edge,sharded,P-DATA-10,owlrl,2,edge2
61.454849166666676,Edge,sharded,P-CONS-01,owlrl,2,edge3
93.987729,Edge,sharded,P-DATA-02,owlrl,2,edge3
40.818107,Edge,sharded,P-AUD-05,owlrl,2,edge3
49.308839000000006,Edge,sharded,P-AUD-07,owlrl,2,edge3
12.9960995,Edge,sharded,P-DATA-03,owlrl,2,edge3
14.3431385,Edge,sharded,P-DATA-05,owlrl,2,edge3
59.780018999999996,Edge,sharded,P-FL-08,owlrl,2,edge3
19.187506,Edge,sharded,P-INT-02,owlrl,2,edge3
126.66901016666667,Edge,sharded,P-CONS-04,owlrl,2,edge3
39.445383,Edge,sharded,P-DATA-08,owlrl,2,edge3
55.74708483333334,Edge,sharded,P-ADAPT-06,owlrl,2,edge3
109.487722,Edge,sharded,P-AUD-06,owlrl,2,edge3
17.784485,Edge,sharded,P-INT-01,owlrl,2,edge3
83.1769745,Edge,sharded,P-CONS-02,owlrl,2,edge3
36.476397500000004,Edge,sharded,P-CONS-03,owlrl,2,edge3
42.330136499999995,Edge,sharded,P-ADAPT-05,owlrl,2,edge3
143.1486045,Edge,sharded,P-GOV-05,owlrl,2,edge3
25.018494,Edge,sharded,P-OPS-05,owlrl,2,edge3
15.038945,Edge,sharded,P-DATA-09,owlrl,2,edge3
30.852862833333333,Edge,sharded,P-DATA-04,owlrl,2,edge3
9.550234333333334,Edge,sharded,P-DATA-06,owlrl,2,edge3
45.613510833333336,Edge,sharded,P-DATA-07,owlrl,2,edge3
159.724641,Edge,sharded,P-ZONE-01,owlrl,2,edge3
59.6766205,Edge,sharded,P-GOV-03,owlrl,2,edge3
7.538071333333334,Edge,sharded,P-ADAPT-02,owlrl,2,edge3
7.538071333333334,Edge,sharded,P-ADAPT-03,owlrl,2,edge3
7.204435,Edge,sharded,P-ADAPT-01,owlrl,2,edge3
27.618942,Edge,sharded,P-NODE-02,owlrl,2,edge3
27.1500245,Edge,sharded,P-ZONE-02,owlrl,2,edge3
8.164973333333334,Edge,sharded,P-AUD-01,owlrl,2,edge3
59.80291683333334,Edge,sharded,P-AUD-02,owlrl,2,edge3
8.164973333333334,Edge,sharded,P-AUD-03,owlrl,2,edge3
25.003846,Edge,sharded,P-MODEL-03,owlrl,2,edge3
9.788373,Edge,sharded,P-NODE-05,owlrl,2,edge3
3.7091836666666667,Edge,sharded,P-MODEL-06,owlrl,2,edge3
22.7751765,Edge,sharded,P-ADAPT-04,owlrl,2,edge3
22.7751765,Edge,sharded,P-ADAPT-07,owlrl,2,edge3
6.288508,Edge,sharded,P-AUD-04,owlrl,2,edge3
6.288508,Edge,sharded,P-OPS-01,owlrl,2,edge3
20.41227933333333,Edge,sharded,P-FL-01,owlrl,2,edge3
37.304556,Edge,sharded,P-FL-03,owlrl,2,edge3
18.1866985,Edge,sharded,P-FL-05,owlrl,2,edge3
22.228954333333334,Edge,sharded,P-FL-07,owlrl,2,edge3
8.865116,Edge,sharded,P-MODEL-01,owlrl,2,edge3
113.3595325,Edge,sharded,P-MODEL-05,owlrl,2,edge3
7.791096333333333,Edge,sharded,P-FL-06,owlrl,2,edge3
33.875243499999996,Edge,sharded,P-FL-02,owlrl,2,edge3
113.0860765,Edge,sharded,P-DATA-01,owlrl,2,edge3
15.215473,Edge,sharded,P-MODEL-02,owlrl,2,edge3
22.174065,Edge,sharded,P-CONS-05,owlrl,2,edge3
57.754479,Edge,sharded,P-MODEL-04,owlrl,2,edge3
34.918661,Edge,sharded,P-FL-04,owlrl,2,edge3
71.578682,Edge,sharded,P-DATA-10,owlrl,2,edge3
32.792013,Edge,sharded,P-MODEL-08,owlrl,2,edge3
16.011304,Edge,sharded,P-MODEL-07,owlrl,2,edge3
3.943792,Cloud,sharded,P-CONS-05,owlrl,3,cloud
91.04695699999999,Cloud,sharded,P-VAL-06,owlrl,3,cloud
4.3095815,Cloud,sharded,P-OPS-01,owlrl,3,cloud
25.2075035,Cloud,sharded,P-VAL-03,owlrl,3,cloud
3.910011,Cloud,sharded,P-CONS-01,owlrl,3,cloud
23.007382,Cloud,sharded,P-VAL-07,owlrl,3,cloud
38.499802,Cloud,sharded,P-GOV-01,owlrl,3,cloud
33.938516,Cloud,sharded,P-GOV-04,owlrl,3,cloud
7.2703295,Cloud,sharded,P-VAL-04,owlrl,3,cloud
4.1319095,Cloud,sharded,P-VAL-01,owlrl,3,cloud
7.392526,Cloud,sharded,P-DATA-03,owlrl,3,cloud
39.193675,Cloud,sharded,P-GOV-03,owlrl,3,cloud
33.126854,Cloud,sharded,P-VAL-08,owlrl,3,cloud
113.24875283333333,Fog,sharded,P-NODE-01,owlrl,3,fog
56.965197333333336,Fog,sharded,P-NODE-03,owlrl,3,fog
11.278197333333333,Fog,sharded,P-OPS-05,owlrl,3,fog
11.118185,Fog,sharded,P-ZONE-01,owlrl,3,fog
120.11164149999999,Fog,sharded,P-NODE-02,owlrl,3,fog
23.892068000000002,Fog,sharded,P-NODE-05,owlrl,3,fog
6.5537160000000005,Fog,sharded,P-MODEL-03,owlrl,3,fog
14.32637,Fog,sharded,P-OPS-02,owlrl,3,fog
13.935963,Fog,sharded,P-NODE-04,owlrl,3,fog
16.173555,Fog,sharded,P-MODEL-01,owlrl,3,fog
132.5127,Edge,sharded,P-CONS-01,owlrl,3,edge1
108.1780805,Edge,sharded,P-DATA-02,owlrl,3,edge1
22.990240833333335,Edge,sharded,P-FL-01,owlrl,3,edge1
14.2159785,Edge,sharded,P-DATA-03,owlrl,3,edge1
14.707167,Edge,sharded,P-DATA-05,owlrl,3,edge1
60.321101999999996,Edge,sharded,P-FL-08,owlrl,3,edge1
20.666945,Edge,sharded,P-INT-02,owlrl,3,edge1
63.549285999999995,Edge,sharded,P-AUD-05,owlrl,3,edge1
138.754694,Edge,sharded,P-AUD-07,owlrl,3,edge1
41.413962999999995,Edge,sharded,P-DATA-08,owlrl,3,edge1
20.847944,Edge,sharded,P-INT-01,owlrl,3,edge1
225.85701200000003,Edge,sharded,P-CONS-04,owlrl,3,edge1
70.93196266666666,Edge,sharded,P-ADAPT-06,owlrl,3,edge1
147.51108666666667,Edge,sharded,P-AUD-06,owlrl,3,edge1
209.320019,Edge,sharded,P-GOV-05,owlrl,3,edge1
27.384593000000002,Edge,sharded,P-OPS-05,owlrl,3,edge1
88.4347875,Edge,sharded,P-CONS-02,owlrl,3,edge1
40.0509355,Edge,sharded,P-CONS-03,owlrl,3,edge1
16.335426,Edge,sharded,P-DATA-09,owlrl,3,edge1
43.93663900000001,Edge,sharded,P-ADAPT-05,owlrl,3,edge1
40.58987916666666,Edge,sharded,P-DATA-04,owlrl,3,edge1
9.899240666666666,Edge,sharded,P-DATA-06,owlrl,3,edge1
44.84577816666667,Edge,sharded,P-DATA-07,owlrl,3,edge1
118.331571,Edge,sharded,P-ZONE-01,owlrl,3,edge1
14.457148,Edge,sharded,P-VAL-07,owlrl,3,edge1
64.0317685,Edge,sharded,P-GOV-03,owlrl,3,edge1
13.296592666666665,Edge,sharded,P-ADAPT-02,owlrl,3,edge1
7.5510926666666665,Edge,sharded,P-ADAPT-03,owlrl,3,edge1
7.2191485,Edge,sharded,P-ADAPT-01,owlrl,3,edge1
29.126129499999998,Edge,sharded,P-NODE-02,owlrl,3,edge1
25.830101999999997,Edge,sharded,P-ZONE-02,owlrl,3,edge1
14.090679,Edge,sharded,P-AUD-01,owlrl,3,edge1
80.303039,Edge,sharded,P-AUD-02,owlrl,3,edge1
8.345179,Edge,sharded,P-AUD-03,owlrl,3,edge1
7.6831945,Edge,sharded,P-ZONE-03,owlrl,3,edge1
28.6410375,Edge,sharded,P-MODEL-03,owlrl,3,edge1
12.216389,Edge,sharded,P-NODE-05,owlrl,3,edge1
6.7194905,Edge,sharded,P-AUD-04,owlrl,3,edge1
6.7194905,Edge,sharded,P-OPS-01,owlrl,3,edge1
3.867395,Edge,sharded,P-MODEL-06,owlrl,3,edge1
23.9576205,Edge,sharded,P-ADAPT-04,owlrl,3,edge1
23.9576205,Edge,sharded,P-ADAPT-07,owlrl,3,edge1
8.724833333333333,Edge,sharded,P-FL-06,owlrl,3,edge1
25.498685166666668,Edge,sharded,P-FL-07,owlrl,3,edge1
39.208185,Edge,sharded,P-FL-03,owlrl,3,edge1
19.4149165,Edge,sharded,P-FL-05,owlrl,3,edge1
11.578419666666667,Edge,sharded,P-MODEL-01,owlrl,3,edge1
139.71983716666665,Edge,sharded,P-MODEL-05,owlrl,3,edge1
36.488787333333335,Edge,sharded,P-FL-02,owlrl,3,edge1
50.021148000000004,Edge,sharded,P-DATA-01,owlrl,3,edge1
25.471982,Edge,sharded,P-CONS-05,owlrl,3,edge1
16.4246485,Edge,sharded,P-MODEL-02,owlrl,3,edge1
38.785741333333334,Edge,sharded,P-FL-04,owlrl,3,edge1
61.402204,Edge,sharded,P-MODEL-04,owlrl,3,edge1
79.60587699999999,Edge,sharded,P-DATA-10,owlrl,3,edge1
35.172472,Edge,sharded,P-MODEL-08,owlrl,3,edge1
16.507562,Edge,sharded,P-MODEL-07,owlrl,3,edge1
59.63069183333333,Edge,sharded,P-CONS-01,owlrl,3,edge2
95.39716399999999,Edge,sharded,P-DATA-02,owlrl,3,edge2
128.4646168333333,Edge,sharded,P-CONS-04,owlrl,3,edge2
30.759870499999998,Edge,sharded,P-DATA-04,owlrl,3,edge2
32.264722,Edge,sharded,P-MODEL-08,owlrl,3,edge2
11.1595185,Edge,sharded,P-OPS-02,owlrl,3,edge2
11.1595185,Edge,sharded,P-OPS-03,owlrl,3,edge2
20.3905855,Edge,sharded,P-FL-01,owlrl,3,edge2
16.014148000000002,Edge,sharded,P-MODEL-07,owlrl,3,edge2
174.0634175,Edge,sharded,P-ZONE-01,owlrl,3,edge2
19.354333,Edge,sharded,P-INT-02,owlrl,3,edge2
48.472907500000005,Edge,sharded,P-OPS-05,owlrl,3,edge2
14.6138425,Edge,sharded,P-DATA-05,owlrl,3,edge2
43.8333705,Edge,sharded,P-DATA-07,owlrl,3,edge2
70.719185,Edge,sharded,P-FL-08,owlrl,3,edge2
19.848762166666667,Edge,sharded,P-MODEL-01,owlrl,3,edge2
40.5753155,Edge,sharded,P-AUD-05,owlrl,3,edge2
50.9116105,Edge,sharded,P-AUD-07,owlrl,3,edge2
13.3357095,Edge,sharded,P-DATA-03,owlrl,3,edge2
18.077648,Edge,sharded,P-INT-01,owlrl,3,edge2
39.923555,Edge,sharded,P-DATA-08,owlrl,3,edge2
55.42505966666667,Edge,sharded,P-ADAPT-06,owlrl,3,edge2
111.34801366666666,Edge,sharded,P-AUD-06,owlrl,3,edge2
143.712713,Edge,sharded,P-GOV-05,owlrl,3,edge2
80.155973,Edge,sharded,P-CONS-02,owlrl,3,edge2
36.284565,Edge,sharded,P-CONS-03,owlrl,3,edge2
42.238787,Edge,sharded,P-ADAPT-05,owlrl,3,edge2
9.3425,Edge,sharded,P-DATA-06,owlrl,3,edge2
14.591649,Edge,sharded,P-DATA-09,owlrl,3,edge2
6.941796,Edge,sharded,P-ADAPT-01,owlrl,3,edge2
27.616222,Edge,sharded,P-NODE-02,owlrl,3,edge2
58.438658000000004,Edge,sharded,P-GOV-03,owlrl,3,edge2
7.196808666666667,Edge,sharded,P-ADAPT-02,owlrl,3,edge2
7.196808666666667,Edge,sharded,P-ADAPT-03,owlrl,3,edge2
25.336305499999998,Edge,sharded,P-ZONE-02,owlrl,3,edge2
7.884901,Edge,sharded,P-AUD-01,owlrl,3,edge2
60.0514475,Edge,sharded,P-AUD-02,owlrl,3,edge2
7.884901,Edge,sharded,P-AUD-03,owlrl,3,edge2
3.973543333333333,Edge,sharded,P-MODEL-06,owlrl,3,edge2
25.789907,Edge,sharded,P-MODEL-03,owlrl,3,edge2
9.712398,Edge,sharded,P-NODE-05,owlrl,3,edge2
38.0556435,Edge,sharded,P-FL-03,owlrl,3,edge2
18.967948999999997,Edge,sharded,P-FL-05,owlrl,3,edge2
22.5602825,Edge,sharded,P-FL-07,owlrl,3,edge2
22.735111,Edge,sharded,P-ADAPT-04,owlrl,3,edge2
22.735111,Edge,sharded,P-ADAPT-07,owlrl,3,edge2
6.5165095,Edge,sharded,P-AUD-04,owlrl,3,edge2
6.5165095,Edge,sharded,P-OPS-01,owlrl,3,edge2
114.88938266666668,Edge,sharded,P-MODEL-05,owlrl,3,edge2
7.848173,Edge,sharded,P-FL-06,owlrl,3,edge2
128.40731549999998,Edge,sharded,P-DATA-01,owlrl,3,edge2
36.1535215,Edge,sharded,P-FL-02,owlrl,3,edge2
16.077509,Edge,sharded,P-MODEL-02,owlrl,3,edge2
23.534722,Edge,sharded,P-CONS-05,owlrl,3,edge2
59.279888,Edge,sharded,P-MODEL-04,owlrl,3,edge2
39.256086,Edge,sharded,P-FL-04,owlrl,3,edge2
84.513858,Edge,sharded,P-DATA-10,owlrl,3,edge2
60.87119066666667,Edge,sharded,P-CONS-01,owlrl,3,edge3
94.01865883333333,Edge,sharded,P-DATA-02,owlrl,3,edge3
40.420699,Edge,sharded,P-AUD-05,owlrl,3,edge3
48.615024,Edge,sharded,P-AUD-07,owlrl,3,edge3
13.168371333333333,Edge,sharded,P-DATA-03,owlrl,3,edge3
14.289018,Edge,sharded,P-DATA-05,owlrl,3,edge3
59.9938995,Edge,sharded,P-FL-08,owlrl,3,edge3
19.108506,Edge,sharded,P-INT-02,owlrl,3,edge3
127.18634433333334,Edge,sharded,P-CONS-04,owlrl,3,edge3
39.494661,Edge,sharded,P-DATA-08,owlrl,3,edge3
54.870698833333336,Edge,sharded,P-ADAPT-06,owlrl,3,edge3
110.31620616666666,Edge,sharded,P-AUD-06,owlrl,3,edge3
17.769485,Edge,sharded,P-INT-01,owlrl,3,edge3
81.50655499999999,Edge,sharded,P-CONS-02,owlrl,3,edge3
36.230554,Edge,sharded,P-CONS-03,owlrl,3,edge3
41.556477,Edge,sharded,P-ADAPT-05,owlrl,3,edge3
143.457078,Edge,sharded,P-GOV-05,owlrl,3,edge3
24.465836000000003,Edge,sharded,P-OPS-05,owlrl,3,edge3
14.287704,Edge,sharded,P-DATA-09,owlrl,3,edge3
30.8113035,Edge,sharded,P-DATA-04,owlrl,3,edge3
9.31724,Edge,sharded,P-DATA-06,owlrl,3,edge3
44.187802500000004,Edge,sharded,P-DATA-07,owlrl,3,edge3
90.72806416666667,Edge,sharded,P-ZONE-01,owlrl,3,edge3
58.5289535,Edge,sharded,P-GOV-03,owlrl,3,edge3
7.131916333333333,Edge,sharded,P-ADAPT-02,owlrl,3,edge3
7.131916333333333,Edge,sharded,P-ADAPT-03,owlrl,3,edge3
6.9744065,Edge,sharded,P-ADAPT-01,owlrl,3,edge3
27.3971915,Edge,sharded,P-NODE-02,owlrl,3,edge3
26.018375499999998,Edge,sharded,P-ZONE-02,owlrl,3,edge3
7.906787666666666,Edge,sharded,P-AUD-01,owlrl,3,edge3
59.84582416666667,Edge,sharded,P-AUD-02,owlrl,3,edge3
7.906787666666666,Edge,sharded,P-AUD-03,owlrl,3,edge3
25.036513,Edge,sharded,P-MODEL-03,owlrl,3,edge3
9.7859845,Edge,sharded,P-NODE-05,owlrl,3,edge3
3.8653506666666666,Edge,sharded,P-MODEL-06,owlrl,3,edge3
22.7047415,Edge,sharded,P-ADAPT-04,owlrl,3,edge3
22.7047415,Edge,sharded,P-ADAPT-07,owlrl,3,edge3
6.3271465,Edge,sharded,P-AUD-04,owlrl,3,edge3
6.3271465,Edge,sharded,P-OPS-01,owlrl,3,edge3
20.586111250000002,Edge,sharded,P-FL-01,owlrl,3,edge3
37.38492675,Edge,sharded,P-FL-03,owlrl,3,edge3
18.242430249999998,Edge,sharded,P-FL-05,owlrl,3,edge3
22.24447225,Edge,sharded,P-FL-07,owlrl,3,edge3
8.888134666666668,Edge,sharded,P-MODEL-01,owlrl,3,edge3
112.87516316666667,Edge,sharded,P-MODEL-05,owlrl,3,edge3
7.832763,Edge,sharded,P-FL-06,owlrl,3,edge3
33.892233999999995,Edge,sharded,P-FL-02,owlrl,3,edge3
45.1297785,Edge,sharded,P-DATA-01,owlrl,3,edge3
15.2505285,Edge,sharded,P-MODEL-02,owlrl,3,edge3
22.672639,Edge,sharded,P-CONS-05,owlrl,3,edge3
57.365646,Edge,sharded,P-MODEL-04,owlrl,3,edge3
35.058161,Edge,sharded,P-FL-04,owlrl,3,edge3
72.15178733333333,Edge,sharded,P-DATA-10,owlrl,3,edge3
32.4287715,Edge,sharded,P-MODEL-08,owlrl,3,edge3
15.997229666666668,Edge,sharded,P-MODEL-07,owlrl,3,edge3
5.095616,Cloud,sharded,P-CONS-05,rdfs_owlrl,1,cloud
101.984954,Cloud,sharded,P-VAL-06,rdfs_owlrl,1,cloud
4.057411,Cloud,sharded,P-OPS-01,rdfs_owlrl,1,cloud
24.378250666666666,Cloud,sharded,P-VAL-03,rdfs_owlrl,1,cloud
3.966827,Cloud,sharded,P-CONS-01,rdfs_owlrl,1,cloud
22.675713666666667,Cloud,sharded,P-VAL-07,rdfs_owlrl,1,cloud
37.249672999999994,Cloud,sharded,P-GOV-01,rdfs_owlrl,1,cloud
33.734947999999996,Cloud,sharded,P-GOV-04,rdfs_owlrl,1,cloud
6.232992666666666,Cloud,sharded,P-VAL-04,rdfs_owlrl,1,cloud
3.257561,Cloud,sharded,P-VAL-01,rdfs_owlrl,1,cloud
5.795665,Cloud,sharded,P-DATA-03,rdfs_owlrl,1,cloud
31.780755,Cloud,sharded,P-GOV-03,rdfs_owlrl,1,cloud
32.986595,Cloud,sharded,P-VAL-08,rdfs_owlrl,1,cloud
117.85931816666667,Fog,sharded,P-NODE-01,rdfs_owlrl,1,fog
57.03847516666667,Fog,sharded,P-NODE-03,rdfs_owlrl,1,fog
11.505993666666667,Fog,sharded,P-OPS-05,rdfs_owlrl,1,fog
10.821518,Fog,sharded,P-ZONE-01,rdfs_owlrl,1,fog
128.73232483333334,Fog,sharded,P-NODE-02,rdfs_owlrl,1,fog
28.161500333333333,Fog,sharded,P-NODE-05,rdfs_owlrl,1,fog
6.600259333333334,Fog,sharded,P-MODEL-03,rdfs_owlrl,1,fog
14.07087,Fog,sharded,P-OPS-02,rdfs_owlrl,1,fog
14.1915925,Fog,sharded,P-NODE-04,rdfs_owlrl,1,fog
20.485888,Fog,sharded,P-MODEL-01,rdfs_owlrl,1,fog
66.17452766666668,Edge,sharded,P-CONS-01,rdfs_owlrl,1,edge1
112.54503766666667,Edge,sharded,P-DATA-02,rdfs_owlrl,1,edge1
23.153823916666667,Edge,sharded,P-FL-01,rdfs_owlrl,1,edge1
14.639592666666665,Edge,sharded,P-DATA-03,rdfs_owlrl,1,edge1
14.940028000000002,Edge,sharded,P-DATA-05,rdfs_owlrl,1,edge1
62.7203985,Edge,sharded,P-FL-08,rdfs_owlrl,1,edge1
21.503074,Edge,sharded,P-INT-02,rdfs_owlrl,1,edge1
67.01694733333333,Edge,sharded,P-AUD-05,rdfs_owlrl,1,edge1
142.22361999999998,Edge,sharded,P-AUD-07,rdfs_owlrl,1,edge1
187.322408,Edge,sharded,P-DATA-08,rdfs_owlrl,1,edge1
20.206815,Edge,sharded,P-INT-01,rdfs_owlrl,1,edge1
158.17691616666667,Edge,sharded,P-CONS-04,rdfs_owlrl,1,edge1
74.47625333333333,Edge,sharded,P-ADAPT-06,rdfs_owlrl,1,edge1
149.599827,Edge,sharded,P-AUD-06,rdfs_owlrl,1,edge1
209.9961015,Edge,sharded,P-GOV-05,rdfs_owlrl,1,edge1
27.100203999999998,Edge,sharded,P-OPS-05,rdfs_owlrl,1,edge1
88.851056,Edge,sharded,P-CONS-02,rdfs_owlrl,1,edge1
40.299778,Edge,sharded,P-CONS-03,rdfs_owlrl,1,edge1
15.835148,Edge,sharded,P-DATA-09,rdfs_owlrl,1,edge1
44.096906499999996,Edge,sharded,P-ADAPT-05,rdfs_owlrl,1,edge1
42.67499383333334,Edge,sharded,P-DATA-04,rdfs_owlrl,1,edge1
9.925549333333334,Edge,sharded,P-DATA-06,rdfs_owlrl,1,edge1
45.04112333333334,Edge,sharded,P-DATA-07,rdfs_owlrl,1,edge1
210.112166,Edge,sharded,P-ZONE-01,rdfs_owlrl,1,edge1
14.296537,Edge,sharded,P-VAL-07,rdfs_owlrl,1,edge1
63.51062,Edge,sharded,P-GOV-03,rdfs_owlrl,1,edge1
13.338950666666666,Edge,sharded,P-ADAPT-02,rdfs_owlrl,1,edge1
7.723512333333333,Edge,sharded,P-ADAPT-03,rdfs_owlrl,1,edge1
7.015185,Edge,sharded,P-ADAPT-01,rdfs_owlrl,1,edge1
28.792963,Edge,sharded,P-NODE-02,rdfs_owlrl,1,edge1
26.01375,Edge,sharded,P-ZONE-02,rdfs_owlrl,1,edge1
13.831055666666666,Edge,sharded,P-AUD-01,rdfs_owlrl,1,edge1
79.37324683333333,Edge,sharded,P-AUD-02,rdfs_owlrl,1,edge1
8.215617333333332,Edge,sharded,P-AUD-03,rdfs_owlrl,1,edge1
7.639435,Edge,sharded,P-ZONE-03,rdfs_owlrl,1,edge1
27.886676,Edge,sharded,P-MODEL-03,rdfs_owlrl,1,edge1
11.56975,Edge,sharded,P-NODE-05,rdfs_owlrl,1,edge1
6.398426,Edge,sharded,P-AUD-04,rdfs_owlrl,1,edge1
6.398426,Edge,sharded,P-OPS-01,rdfs_owlrl,1,edge1
3.947240666666667,Edge,sharded,P-MODEL-06,rdfs_owlrl,1,edge1
23.217324,Edge,sharded,P-ADAPT-04,rdfs_owlrl,1,edge1
23.217324,Edge,sharded,P-ADAPT-07,rdfs_owlrl,1,edge1
8.610666666666667,Edge,sharded,P-FL-06,rdfs_owlrl,1,edge1
25.18442291666667,Edge,sharded,P-FL-07,rdfs_owlrl,1,edge1
38.73202825,Edge,sharded,P-FL-03,rdfs_owlrl,1,edge1
19.04650025,Edge,sharded,P-FL-05,rdfs_owlrl,1,edge1
10.975383,Edge,sharded,P-MODEL-01,rdfs_owlrl,1,edge1
138.7352075,Edge,sharded,P-MODEL-05,rdfs_owlrl,1,edge1
36.568303,Edge,sharded,P-FL-02,rdfs_owlrl,1,edge1
141.7453795,Edge,sharded,P-DATA-01,rdfs_owlrl,1,edge1
26.096814,Edge,sharded,P-CONS-05,rdfs_owlrl,1,edge1
16.316926,Edge,sharded,P-MODEL-02,rdfs_owlrl,1,edge1
38.838136,Edge,sharded,P-FL-04,rdfs_owlrl,1,edge1
61.30825900000001,Edge,sharded,P-MODEL-04,rdfs_owlrl,1,edge1
79.30399966666667,Edge,sharded,P-DATA-10,rdfs_owlrl,1,edge1
35.600584,Edge,sharded,P-MODEL-08,rdfs_owlrl,1,edge1
16.515759,Edge,sharded,P-MODEL-07,rdfs_owlrl,1,edge1
62.6034165,Edge,sharded,P-CONS-01,rdfs_owlrl,1,edge2
95.11824333333334,Edge,sharded,P-DATA-02,rdfs_owlrl,1,edge2
127.34548416666667,Edge,sharded,P-CONS-04,rdfs_owlrl,1,edge2
30.870484666666663,Edge,sharded,P-DATA-04,rdfs_owlrl,1,edge2
32.9420555,Edge,sharded,P-MODEL-08,rdfs_owlrl,1,edge2
11.1650185,Edge,sharded,P-OPS-02,rdfs_owlrl,1,edge2
11.1650185,Edge,sharded,P-OPS-03,rdfs_owlrl,1,edge2
20.468796333333334,Edge,sharded,P-FL-01,rdfs_owlrl,1,edge2
16.133956666666666,Edge,sharded,P-MODEL-07,rdfs_owlrl,1,edge2
270.22864166666665,Edge,sharded,P-ZONE-01,rdfs_owlrl,1,edge2
20.206926,Edge,sharded,P-INT-02,rdfs_owlrl,1,edge2
49.1853435,Edge,sharded,P-OPS-05,rdfs_owlrl,1,edge2
14.7293795,Edge,sharded,P-DATA-05,rdfs_owlrl,1,edge2
44.279160166666664,Edge,sharded,P-DATA-07,rdfs_owlrl,1,edge2
70.43366649999999,Edge,sharded,P-FL-08,rdfs_owlrl,1,edge2
19.6656325,Edge,sharded,P-MODEL-01,rdfs_owlrl,1,edge2
41.3322125,Edge,sharded,P-AUD-05,rdfs_owlrl,1,edge2
51.7176945,Edge,sharded,P-AUD-07,rdfs_owlrl,1,edge2
13.410595833333334,Edge,sharded,P-DATA-03,rdfs_owlrl,1,edge2
19.962963,Edge,sharded,P-INT-01,rdfs_owlrl,1,edge2
43.599723,Edge,sharded,P-DATA-08,rdfs_owlrl,1,edge2
56.481803166666666,Edge,sharded,P-ADAPT-06,rdfs_owlrl,1,edge2
112.30366950000001,Edge,sharded,P-AUD-06,rdfs_owlrl,1,edge2
144.9725095,Edge,sharded,P-GOV-05,rdfs_owlrl,1,edge2
81.494648,Edge,sharded,P-CONS-02,rdfs_owlrl,1,edge2
36.971463,Edge,sharded,P-CONS-03,rdfs_owlrl,1,edge2
43.4173055,Edge,sharded,P-ADAPT-05,rdfs_owlrl,1,edge2
9.522308666666666,Edge,sharded,P-DATA-06,rdfs_owlrl,1,edge2
15.431889,Edge,sharded,P-DATA-09,rdfs_owlrl,1,edge2
8.100963,Edge,sharded,P-ADAPT-01,rdfs_owlrl,1,edge2
28.765667,Edge,sharded,P-NODE-02,rdfs_owlrl,1,edge2
58.4955925,Edge,sharded,P-GOV-03,rdfs_owlrl,1,edge2
7.373283666666667,Edge,sharded,P-ADAPT-02,rdfs_owlrl,1,edge2
7.373283666666667,Edge,sharded,P-ADAPT-03,rdfs_owlrl,1,edge2
25.5259815,Edge,sharded,P-ZONE-02,rdfs_owlrl,1,edge2
7.9698269999999996,Edge,sharded,P-AUD-01,rdfs_owlrl,1,edge2
60.13193749999999,Edge,sharded,P-AUD-02,rdfs_owlrl,1,edge2
7.9698269999999996,Edge,sharded,P-AUD-03,rdfs_owlrl,1,edge2
3.971778,Edge,sharded,P-MODEL-06,rdfs_owlrl,1,edge2
25.234259,Edge,sharded,P-MODEL-03,rdfs_owlrl,1,edge2
9.8917775,Edge,sharded,P-NODE-05,rdfs_owlrl,1,edge2
37.443,Edge,sharded,P-FL-03,rdfs_owlrl,1,edge2
18.395639,Edge,sharded,P-FL-05,rdfs_owlrl,1,edge2
22.51760466666667,Edge,sharded,P-FL-07,rdfs_owlrl,1,edge2
22.6795835,Edge,sharded,P-ADAPT-04,rdfs_owlrl,1,edge2
22.6795835,Edge,sharded,P-ADAPT-07,rdfs_owlrl,1,edge2
6.3575555,Edge,sharded,P-AUD-04,rdfs_owlrl,1,edge2
6.3575555,Edge,sharded,P-OPS-01,rdfs_owlrl,1,edge2
114.80220699999998,Edge,sharded,P-MODEL-05,rdfs_owlrl,1,edge2
7.784518333333334,Edge,sharded,P-FL-06,rdfs_owlrl,1,edge2
224.53784249999998,Edge,sharded,P-DATA-01,rdfs_owlrl,1,edge2
34.42317883333333,Edge,sharded,P-FL-02,rdfs_owlrl,1,edge2
15.3424815,Edge,sharded,P-MODEL-02,rdfs_owlrl,1,edge2
23.892129,Edge,sharded,P-CONS-05,rdfs_owlrl,1,edge2
57.929295999999994,Edge,sharded,P-MODEL-04,rdfs_owlrl,1,edge2
35.62453033333333,Edge,sharded,P-FL-04,rdfs_owlrl,1,edge2
72.20038333333332,Edge,sharded,P-DATA-10,rdfs_owlrl,1,edge2
60.79044283333333,Edge,sharded,P-CONS-01,rdfs_owlrl,1,edge3
97.16846983333335,Edge,sharded,P-DATA-02,rdfs_owlrl,1,edge3
103.856945,Edge,sharded,P-AUD-05,rdfs_owlrl,1,edge3
49.326284,Edge,sharded,P-AUD-07,rdfs_owlrl,1,edge3
13.280383833333332,Edge,sharded,P-DATA-03,rdfs_owlrl,1,edge3
14.536148,Edge,sharded,P-DATA-05,rdfs_owlrl,1,edge3
59.5761485,Edge,sharded,P-FL-08,rdfs_owlrl,1,edge3
19.750747,Edge,sharded,P-INT-02,rdfs_owlrl,1,edge3
128.75506866666666,Edge,sharded,P-CONS-04,rdfs_owlrl,1,edge3
40.212347,Edge,sharded,P-DATA-08,rdfs_owlrl,1,edge3
55.895866000000005,Edge,sharded,P-ADAPT-06,rdfs_owlrl,1,edge3
110.0728235,Edge,sharded,P-AUD-06,rdfs_owlrl,1,edge3
18.448079,Edge,sharded,P-INT-01,rdfs_owlrl,1,edge3
81.52268400000001,Edge,sharded,P-CONS-02,rdfs_owlrl,1,edge3
36.352721,Edge,sharded,P-CONS-03,rdfs_owlrl,1,edge3
42.050636,Edge,sharded,P-ADAPT-05,rdfs_owlrl,1,edge3
145.225617,Edge,sharded,P-GOV-05,rdfs_owlrl,1,edge3
24.787429500000002,Edge,sharded,P-OPS-05,rdfs_owlrl,1,edge3
14.417111,Edge,sharded,P-DATA-09,rdfs_owlrl,1,edge3
31.302597833333333,Edge,sharded,P-DATA-04,rdfs_owlrl,1,edge3
9.185579333333333,Edge,sharded,P-DATA-06,rdfs_owlrl,1,edge3
43.968715833333334,Edge,sharded,P-DATA-07,rdfs_owlrl,1,edge3
208.02052283333333,Edge,sharded,P-ZONE-01,rdfs_owlrl,1,edge3
58.240731,Edge,sharded,P-GOV-03,rdfs_owlrl,1,edge3
7.157768,Edge,sharded,P-ADAPT-02,rdfs_owlrl,1,edge3
7.157768,Edge,sharded,P-ADAPT-03,rdfs_owlrl,1,edge3
7.264296,Edge,sharded,P-ADAPT-01,rdfs_owlrl,1,edge3
27.85497,Edge,sharded,P-NODE-02,rdfs_owlrl,1,edge3
25.871375,Edge,sharded,P-ZONE-02,rdfs_owlrl,1,edge3
7.884429666666667,Edge,sharded,P-AUD-01,rdfs_owlrl,1,edge3
60.509366166666666,Edge,sharded,P-AUD-02,rdfs_owlrl,1,edge3
7.884429666666667,Edge,sharded,P-AUD-03,rdfs_owlrl,1,edge3
24.858624,Edge,sharded,P-MODEL-03,rdfs_owlrl,1,edge3
9.5529935,Edge,sharded,P-NODE-05,rdfs_owlrl,1,edge3
3.7419553333333333,Edge,sharded,P-MODEL-06,rdfs_owlrl,1,edge3
22.610195,Edge,sharded,P-ADAPT-04,rdfs_owlrl,1,edge3
22.610195,Edge,sharded,P-ADAPT-07,rdfs_owlrl,1,edge3
6.487184,Edge,sharded,P-AUD-04,rdfs_owlrl,1,edge3
6.487184,Edge,sharded,P-OPS-01,rdfs_owlrl,1,edge3
20.407644166666664,Edge,sharded,P-FL-01,rdfs_owlrl,1,edge3
37.322116,Edge,sharded,P-FL-03,rdfs_owlrl,1,edge3
18.285953499999998,Edge,sharded,P-FL-05,rdfs_owlrl,1,edge3
22.288516833333333,Edge,sharded,P-FL-07,rdfs_owlrl,1,edge3
8.733974,Edge,sharded,P-MODEL-01,rdfs_owlrl,1,edge3
114.63306,Edge,sharded,P-MODEL-05,rdfs_owlrl,1,edge3
7.853040666666666,Edge,sharded,P-FL-06,rdfs_owlrl,1,edge3
33.94506966666666,Edge,sharded,P-FL-02,rdfs_owlrl,1,edge3
161.5589895,Edge,sharded,P-DATA-01,rdfs_owlrl,1,edge3
15.3056305,Edge,sharded,P-MODEL-02,rdfs_owlrl,1,edge3
23.39601,Edge,sharded,P-CONS-05,rdfs_owlrl,1,edge3
57.556961,Edge,sharded,P-MODEL-04,rdfs_owlrl,1,edge3
35.37485866666667,Edge,sharded,P-FL-04,rdfs_owlrl,1,edge3
72.49794833333334,Edge,sharded,P-DATA-10,rdfs_owlrl,1,edge3
33.915672,Edge,sharded,P-MODEL-08,rdfs_owlrl,1,edge3
17.066385333333333,Edge,sharded,P-MODEL-07,rdfs_owlrl,1,edge3
4.929719,Cloud,sharded,P-CONS-05,rdfs_owlrl,2,cloud
93.97892200000001,Cloud,sharded,P-VAL-06,rdfs_owlrl,2,cloud
3.59289,Cloud,sharded,P-OPS-01,rdfs_owlrl,2,cloud
24.28557466666667,Cloud,sharded,P-VAL-03,rdfs_owlrl,2,cloud
4.556031,Cloud,sharded,P-CONS-01,rdfs_owlrl,2,cloud
23.468528666666664,Cloud,sharded,P-VAL-07,rdfs_owlrl,2,cloud
33.988038,Cloud,sharded,P-GOV-01,rdfs_owlrl,2,cloud
30.60694,Cloud,sharded,P-GOV-04,rdfs_owlrl,2,cloud
6.270671666666667,Cloud,sharded,P-VAL-04,rdfs_owlrl,2,cloud
3.278385,Cloud,sharded,P-VAL-01,rdfs_owlrl,2,cloud
5.5446480000000005,Cloud,sharded,P-DATA-03,rdfs_owlrl,2,cloud
31.700400000000002,Cloud,sharded,P-GOV-03,rdfs_owlrl,2,cloud
32.159375,Cloud,sharded,P-VAL-08,rdfs_owlrl,2,cloud
48.23397766666667,Fog,sharded,P-NODE-01,rdfs_owlrl,2,fog
57.362516166666666,Fog,sharded,P-NODE-03,rdfs_owlrl,2,fog
11.657135666666667,Fog,sharded,P-OPS-05,rdfs_owlrl,2,fog
10.868592,Fog,sharded,P-ZONE-01,rdfs_owlrl,2,fog
100.59896616666667,Fog,sharded,P-NODE-02,rdfs_owlrl,2,fog
69.79303116666667,Fog,sharded,P-NODE-05,rdfs_owlrl,2,fog
52.82662366666667,Fog,sharded,P-MODEL-03,rdfs_owlrl,2,fog
14.578611,Fog,sharded,P-OPS-02,rdfs_owlrl,2,fog
13.9874725,Fog,sharded,P-NODE-04,rdfs_owlrl,2,fog
16.57776,Fog,sharded,P-MODEL-01,rdfs_owlrl,2,fog
64.95776933333333,Edge,sharded,P-CONS-01,rdfs_owlrl,2,edge1
111.29269783333334,Edge,sharded,P-DATA-02,rdfs_owlrl,2,edge1
21.994952833333333,Edge,sharded,P-FL-01,rdfs_owlrl,2,edge1
14.288530833333333,Edge,sharded,P-DATA-03,rdfs_owlrl,2,edge1
14.622666500000001,Edge,sharded,P-DATA-05,rdfs_owlrl,2,edge1
60.5683885,Edge,sharded,P-FL-08,rdfs_owlrl,2,edge1
20.826148,Edge,sharded,P-INT-02,rdfs_owlrl,2,edge1
66.25646933333334,Edge,sharded,P-AUD-05,rdfs_owlrl,2,edge1
141.802778,Edge,sharded,P-AUD-07,rdfs_owlrl,2,edge1
41.573777,Edge,sharded,P-DATA-08,rdfs_owlrl,2,edge1
20.188463,Edge,sharded,P-INT-01,rdfs_owlrl,2,edge1
158.7402345,Edge,sharded,P-CONS-04,rdfs_owlrl,2,edge1
74.3844165,Edge,sharded,P-ADAPT-06,rdfs_owlrl,2,edge1
152.89462833333332,Edge,sharded,P-AUD-06,rdfs_owlrl,2,edge1
210.148463,Edge,sharded,P-GOV-05,rdfs_owlrl,2,edge1
27.204435500000002,Edge,sharded,P-OPS-05,rdfs_owlrl,2,edge1
88.78296350000001,Edge,sharded,P-CONS-02,rdfs_owlrl,2,edge1
40.2930185,Edge,sharded,P-CONS-03,rdfs_owlrl,2,edge1
15.868037,Edge,sharded,P-DATA-09,rdfs_owlrl,2,edge1
44.216352,Edge,sharded,P-ADAPT-05,rdfs_owlrl,2,edge1
42.8027285,Edge,sharded,P-DATA-04,rdfs_owlrl,2,edge1
9.984432,Edge,sharded,P-DATA-06,rdfs_owlrl,2,edge1
45.0176075,Edge,sharded,P-DATA-07,rdfs_owlrl,2,edge1
249.21867966666667,Edge,sharded,P-ZONE-01,rdfs_owlrl,2,edge1
14.374834,Edge,sharded,P-VAL-07,rdfs_owlrl,2,edge1
63.5051385,Edge,sharded,P-GOV-03,rdfs_owlrl,2,edge1
13.289376333333333,Edge,sharded,P-ADAPT-02,rdfs_owlrl,2,edge1
7.684185,Edge,sharded,P-ADAPT-03,rdfs_owlrl,2,edge1
6.9920375,Edge,sharded,P-ADAPT-01,rdfs_owlrl,2,edge1
28.7394825,Edge,sharded,P-NODE-02,rdfs_owlrl,2,edge1
25.905527499999998,Edge,sharded,P-ZONE-02,rdfs_owlrl,2,edge1
13.766376333333334,Edge,sharded,P-AUD-01,rdfs_owlrl,2,edge1
79.2727495,Edge,sharded,P-AUD-02,rdfs_owlrl,2,edge1
8.161185,Edge,sharded,P-AUD-03,rdfs_owlrl,2,edge1
7.614648,Edge,sharded,P-ZONE-03,rdfs_owlrl,2,edge1
28.473657000000003,Edge,sharded,P-MODEL-03,rdfs_owlrl,2,edge1
11.554898,Edge,sharded,P-NODE-05,rdfs_owlrl,2,edge1
6.4001855,Edge,sharded,P-AUD-04,rdfs_owlrl,2,edge1
6.4001855,Edge,sharded,P-OPS-01,rdfs_owlrl,2,edge1
3.974259333333333,Edge,sharded,P-MODEL-06,rdfs_owlrl,2,edge1
23.076259,Edge,sharded,P-ADAPT-04,rdfs_owlrl,2,edge1
23.076259,Edge,sharded,P-ADAPT-07,rdfs_owlrl,2,edge1
8.633012333333333,Edge,sharded,P-FL-06,rdfs_owlrl,2,edge1
25.2472055,Edge,sharded,P-FL-07,rdfs_owlrl,2,edge1
39.350736,Edge,sharded,P-FL-03,rdfs_owlrl,2,edge1
19.6599025,Edge,sharded,P-FL-05,rdfs_owlrl,2,edge1
10.899870333333332,Edge,sharded,P-MODEL-01,rdfs_owlrl,2,edge1
138.34868533333332,Edge,sharded,P-MODEL-05,rdfs_owlrl,2,edge1
36.49214216666667,Edge,sharded,P-FL-02,rdfs_owlrl,2,edge1
180.882658,Edge,sharded,P-DATA-01,rdfs_owlrl,2,edge1
27.187241,Edge,sharded,P-CONS-05,rdfs_owlrl,2,edge1
16.918759,Edge,sharded,P-MODEL-02,rdfs_owlrl,2,edge1
39.53579066666667,Edge,sharded,P-FL-04,rdfs_owlrl,2,edge1
61.255297,Edge,sharded,P-MODEL-04,rdfs_owlrl,2,edge1
79.51808733333334,Edge,sharded,P-DATA-10,rdfs_owlrl,2,edge1
35.542463999999995,Edge,sharded,P-MODEL-08,rdfs_owlrl,2,edge1
16.52538266666667,Edge,sharded,P-MODEL-07,rdfs_owlrl,2,edge1
63.820494499999995,Edge,sharded,P-CONS-01,rdfs_owlrl,2,edge2
95.973321,Edge,sharded,P-DATA-02,rdfs_owlrl,2,edge2
130.03799383333333,Edge,sharded,P-CONS-04,rdfs_owlrl,2,edge2
30.737135666666667,Edge,sharded,P-DATA-04,rdfs_owlrl,2,edge2
32.5218705,Edge,sharded,P-MODEL-08,rdfs_owlrl,2,edge2
11.108389,Edge,sharded,P-OPS-02,rdfs_owlrl,2,edge2
11.108389,Edge,sharded,P-OPS-03,rdfs_owlrl,2,edge2
20.670793083333333,Edge,sharded,P-FL-01,rdfs_owlrl,2,edge2
15.923833333333334,Edge,sharded,P-MODEL-07,rdfs_owlrl,2,edge2
237.02844433333334,Edge,sharded,P-ZONE-01,rdfs_owlrl,2,edge2
19.945592,Edge,sharded,P-INT-02,rdfs_owlrl,2,edge2
48.1247125,Edge,sharded,P-OPS-05,rdfs_owlrl,2,edge2
14.7018515,Edge,sharded,P-DATA-05,rdfs_owlrl,2,edge2
44.27259866666667,Edge,sharded,P-DATA-07,rdfs_owlrl,2,edge2
70.569028,Edge,sharded,P-FL-08,rdfs_owlrl,2,edge2
19.748244,Edge,sharded,P-MODEL-01,rdfs_owlrl,2,edge2
41.160213,Edge,sharded,P-AUD-05,rdfs_owlrl,2,edge2
51.290787,Edge,sharded,P-AUD-07,rdfs_owlrl,2,edge2
13.393033500000001,Edge,sharded,P-DATA-03,rdfs_owlrl,2,edge2
22.607944,Edge,sharded,P-INT-01,rdfs_owlrl,2,edge2
45.616445,Edge,sharded,P-DATA-08,rdfs_owlrl,2,edge2
58.556484499999996,Edge,sharded,P-ADAPT-06,rdfs_owlrl,2,edge2
114.33783650000001,Edge,sharded,P-AUD-06,rdfs_owlrl,2,edge2
144.119286,Edge,sharded,P-GOV-05,rdfs_owlrl,2,edge2
80.35907399999999,Edge,sharded,P-CONS-02,rdfs_owlrl,2,edge2
35.936814999999996,Edge,sharded,P-CONS-03,rdfs_owlrl,2,edge2
42.13498250000001,Edge,sharded,P-ADAPT-05,rdfs_owlrl,2,edge2
9.408061666666667,Edge,sharded,P-DATA-06,rdfs_owlrl,2,edge2
14.563389,Edge,sharded,P-DATA-09,rdfs_owlrl,2,edge2
7.2436295,Edge,sharded,P-ADAPT-01,rdfs_owlrl,2,edge2
27.7794815,Edge,sharded,P-NODE-02,rdfs_owlrl,2,edge2
58.654454,Edge,sharded,P-GOV-03,rdfs_owlrl,2,edge2
7.383141999999999,Edge,sharded,P-ADAPT-02,rdfs_owlrl,2,edge2
7.383141999999999,Edge,sharded,P-ADAPT-03,rdfs_owlrl,2,edge2
25.673713,Edge,sharded,P-ZONE-02,rdfs_owlrl,2,edge2
7.919784,Edge,sharded,P-AUD-01,rdfs_owlrl,2,edge2
59.628673000000006,Edge,sharded,P-AUD-02,rdfs_owlrl,2,edge2
7.919784,Edge,sharded,P-AUD-03,rdfs_owlrl,2,edge2
3.9364939999999997,Edge,sharded,P-MODEL-06,rdfs_owlrl,2,edge2
25.3411665,Edge,sharded,P-MODEL-03,rdfs_owlrl,2,edge2
9.929435,Edge,sharded,P-NODE-05,rdfs_owlrl,2,edge2
37.34525925,Edge,sharded,P-FL-03,rdfs_owlrl,2,edge2
18.36962025,Edge,sharded,P-FL-05,rdfs_owlrl,2,edge2
22.658250083333336,Edge,sharded,P-FL-07,rdfs_owlrl,2,edge2
22.785435,Edge,sharded,P-ADAPT-04,rdfs_owlrl,2,edge2
22.785435,Edge,sharded,P-ADAPT-07,rdfs_owlrl,2,edge2
6.346861,Edge,sharded,P-AUD-04,rdfs_owlrl,2,edge2
6.346861,Edge,sharded,P-OPS-01,rdfs_owlrl,2,edge2
118.492456,Edge,sharded,P-MODEL-05,rdfs_owlrl,2,edge2
7.937728333333333,Edge,sharded,P-FL-06,rdfs_owlrl,2,edge2
191.5103055,Edge,sharded,P-DATA-01,rdfs_owlrl,2,edge2
34.280355,Edge,sharded,P-FL-02,rdfs_owlrl,2,edge2
15.4117315,Edge,sharded,P-MODEL-02,rdfs_owlrl,2,edge2
25.296574,Edge,sharded,P-CONS-05,rdfs_owlrl,2,edge2
61.350962,Edge,sharded,P-MODEL-04,rdfs_owlrl,2,edge2
40.412234,Edge,sharded,P-FL-04,rdfs_owlrl,2,edge2
72.270301,Edge,sharded,P-DATA-10,rdfs_owlrl,2,edge2
61.21118216666666,Edge,sharded,P-CONS-01,rdfs_owlrl,2,edge3
95.350088,Edge,sharded,P-DATA-02,rdfs_owlrl,2,edge3
40.3409115,Edge,sharded,P-AUD-05,rdfs_owlrl,2,edge3
49.6019235,Edge,sharded,P-AUD-07,rdfs_owlrl,2,edge3
13.290421000000002,Edge,sharded,P-DATA-03,rdfs_owlrl,2,edge3
14.499518,Edge,sharded,P-DATA-05,rdfs_owlrl,2,edge3
59.46440799999999,Edge,sharded,P-FL-08,rdfs_owlrl,2,edge3
19.688951,Edge,sharded,P-INT-02,rdfs_owlrl,2,edge3
127.25608450000001,Edge,sharded,P-CONS-04,rdfs_owlrl,2,edge3
39.77718,Edge,sharded,P-DATA-08,rdfs_owlrl,2,edge3
54.939024833333335,Edge,sharded,P-ADAPT-06,rdfs_owlrl,2,edge3
109.84147416666667,Edge,sharded,P-AUD-06,rdfs_owlrl,2,edge3
18.456078,Edge,sharded,P-INT-01,rdfs_owlrl,2,edge3
87.896165,Edge,sharded,P-CONS-02,rdfs_owlrl,2,edge3
42.854608999999996,Edge,sharded,P-CONS-03,rdfs_owlrl,2,edge3
42.341339500000004,Edge,sharded,P-ADAPT-05,rdfs_owlrl,2,edge3
143.305763,Edge,sharded,P-GOV-05,rdfs_owlrl,2,edge3
24.525179,Edge,sharded,P-OPS-05,rdfs_owlrl,2,edge3
14.442722,Edge,sharded,P-DATA-09,rdfs_owlrl,2,edge3
35.81342733333334,Edge,sharded,P-DATA-04,rdfs_owlrl,2,edge3
14.614234333333334,Edge,sharded,P-DATA-06,rdfs_owlrl,2,edge3
49.55651833333333,Edge,sharded,P-DATA-07,rdfs_owlrl,2,edge3
218.23745483333335,Edge,sharded,P-ZONE-01,rdfs_owlrl,2,edge3
61.838808,Edge,sharded,P-GOV-03,rdfs_owlrl,2,edge3
7.159095333333333,Edge,sharded,P-ADAPT-02,rdfs_owlrl,2,edge3
7.159095333333333,Edge,sharded,P-ADAPT-03,rdfs_owlrl,2,edge3
7.2943705,Edge,sharded,P-ADAPT-01,rdfs_owlrl,2,edge3
28.5772855,Edge,sharded,P-NODE-02,rdfs_owlrl,2,edge3
26.087912000000003,Edge,sharded,P-ZONE-02,rdfs_owlrl,2,edge3
7.913614666666667,Edge,sharded,P-AUD-01,rdfs_owlrl,2,edge3
59.72963266666667,Edge,sharded,P-AUD-02,rdfs_owlrl,2,edge3
7.913614666666667,Edge,sharded,P-AUD-03,rdfs_owlrl,2,edge3
24.781077000000003,Edge,sharded,P-MODEL-03,rdfs_owlrl,2,edge3
9.578086,Edge,sharded,P-NODE-05,rdfs_owlrl,2,edge3
3.9578876666666667,Edge,sharded,P-MODEL-06,rdfs_owlrl,2,edge3
22.9478065,Edge,sharded,P-ADAPT-04,rdfs_owlrl,2,edge3
22.9478065,Edge,sharded,P-ADAPT-07,rdfs_owlrl,2,edge3
6.343841,Edge,sharded,P-AUD-04,rdfs_owlrl,2,edge3
6.343841,Edge,sharded,P-OPS-01,rdfs_owlrl,2,edge3
20.629846666666666,Edge,sharded,P-FL-01,rdfs_owlrl,2,edge3
37.316574,Edge,sharded,P-FL-03,rdfs_owlrl,2,edge3
18.263458,Edge,sharded,P-FL-05,rdfs_owlrl,2,edge3
22.485892,Edge,sharded,P-FL-07,rdfs_owlrl,2,edge3
8.934319666666667,Edge,sharded,P-MODEL-01,rdfs_owlrl,2,edge3
114.54720266666668,Edge,sharded,P-MODEL-05,rdfs_owlrl,2,edge3
7.863219666666667,Edge,sharded,P-FL-06,rdfs_owlrl,2,edge3
34.39844683333333,Edge,sharded,P-FL-02,rdfs_owlrl,2,edge3
169.4961195,Edge,sharded,P-DATA-01,rdfs_owlrl,2,edge3
15.202991,Edge,sharded,P-MODEL-02,rdfs_owlrl,2,edge3
23.591622,Edge,sharded,P-CONS-05,rdfs_owlrl,2,edge3
57.308553,Edge,sharded,P-MODEL-04,rdfs_owlrl,2,edge3
35.31508733333334,Edge,sharded,P-FL-04,rdfs_owlrl,2,edge3
71.688133,Edge,sharded,P-DATA-10,rdfs_owlrl,2,edge3
32.37243,Edge,sharded,P-MODEL-08,rdfs_owlrl,2,edge3
16.019137333333333,Edge,sharded,P-MODEL-07,rdfs_owlrl,2,edge3
7.59294,Cloud,sharded,P-CONS-05,rdfs_owlrl,3,cloud
115.80755599999999,Cloud,sharded,P-VAL-06,rdfs_owlrl,3,cloud
2.5333165,Cloud,sharded,P-OPS-01,rdfs_owlrl,3,cloud
25.563024500000004,Cloud,sharded,P-VAL-03,rdfs_owlrl,3,cloud
3.939575,Cloud,sharded,P-CONS-01,rdfs_owlrl,3,cloud
22.274384,Cloud,sharded,P-VAL-07,rdfs_owlrl,3,cloud
47.4120715,Cloud,sharded,P-GOV-01,rdfs_owlrl,3,cloud
27.5418455,Cloud,sharded,P-GOV-04,rdfs_owlrl,3,cloud
9.9852025,Cloud,sharded,P-VAL-04,rdfs_owlrl,3,cloud
4.7699315,Cloud,sharded,P-VAL-01,rdfs_owlrl,3,cloud
6.435685,Cloud,sharded,P-DATA-03,rdfs_owlrl,3,cloud
34.816067000000004,Cloud,sharded,P-GOV-03,rdfs_owlrl,3,cloud
32.932273,Cloud,sharded,P-VAL-08,rdfs_owlrl,3,cloud
48.17644683333333,Fog,sharded,P-NODE-01,rdfs_owlrl,3,fog
56.70245683333333,Fog,sharded,P-NODE-03,rdfs_owlrl,3,fog
11.385512333333333,Fog,sharded,P-OPS-05,rdfs_owlrl,3,fog
148.769444,Fog,sharded,P-ZONE-01,rdfs_owlrl,3,fog
54.994875333333326,Fog,sharded,P-NODE-02,rdfs_owlrl,3,fog
23.995014833333332,Fog,sharded,P-NODE-05,rdfs_owlrl,3,fog
6.665339333333333,Fog,sharded,P-MODEL-03,rdfs_owlrl,3,fog
14.076371,Fog,sharded,P-OPS-02,rdfs_owlrl,3,fog
14.1872405,Fog,sharded,P-NODE-04,rdfs_owlrl,3,fog
16.2385,Fog,sharded,P-MODEL-01,rdfs_owlrl,3,fog
64.83568166666666,Edge,sharded,P-CONS-01,rdfs_owlrl,3,edge1
112.43691799999999,Edge,sharded,P-DATA-02,rdfs_owlrl,3,edge1
21.909449916666667,Edge,sharded,P-FL-01,rdfs_owlrl,3,edge1
14.2519815,Edge,sharded,P-DATA-03,rdfs_owlrl,3,edge1
15.191898,Edge,sharded,P-DATA-05,rdfs_owlrl,3,edge1
61.086073500000005,Edge,sharded,P-FL-08,rdfs_owlrl,3,edge1
20.940593,Edge,sharded,P-INT-02,rdfs_owlrl,3,edge1
66.00293816666667,Edge,sharded,P-AUD-05,rdfs_owlrl,3,edge1
141.8093335,Edge,sharded,P-AUD-07,rdfs_owlrl,3,edge1
186.921722,Edge,sharded,P-DATA-08,rdfs_owlrl,3,edge1
20.552407,Edge,sharded,P-INT-01,rdfs_owlrl,3,edge1
158.81652666666668,Edge,sharded,P-CONS-04,rdfs_owlrl,3,edge1
74.47756183333334,Edge,sharded,P-ADAPT-06,rdfs_owlrl,3,edge1
149.72613833333332,Edge,sharded,P-AUD-06,rdfs_owlrl,3,edge1
207.77716700000002,Edge,sharded,P-GOV-05,rdfs_owlrl,3,edge1
27.110037,Edge,sharded,P-OPS-05,rdfs_owlrl,3,edge1
88.031704,Edge,sharded,P-CONS-02,rdfs_owlrl,3,edge1
39.927,Edge,sharded,P-CONS-03,rdfs_owlrl,3,edge1
16.439963,Edge,sharded,P-DATA-09,rdfs_owlrl,3,edge1
43.756387999999994,Edge,sharded,P-ADAPT-05,rdfs_owlrl,3,edge1
43.26230566666666,Edge,sharded,P-DATA-04,rdfs_owlrl,3,edge1
9.901629666666667,Edge,sharded,P-DATA-06,rdfs_owlrl,3,edge1
45.55434216666667,Edge,sharded,P-DATA-07,rdfs_owlrl,3,edge1
211.6852245,Edge,sharded,P-ZONE-01,rdfs_owlrl,3,edge1
14.362944,Edge,sharded,P-VAL-07,rdfs_owlrl,3,edge1
63.2649065,Edge,sharded,P-GOV-03,rdfs_owlrl,3,edge1
13.235741,Edge,sharded,P-ADAPT-02,rdfs_owlrl,3,edge1
7.624432333333334,Edge,sharded,P-ADAPT-03,rdfs_owlrl,3,edge1
7.0215095,Edge,sharded,P-ADAPT-01,rdfs_owlrl,3,edge1
29.3496575,Edge,sharded,P-NODE-02,rdfs_owlrl,3,edge1
25.972759,Edge,sharded,P-ZONE-02,rdfs_owlrl,3,edge1
13.824173000000002,Edge,sharded,P-AUD-01,rdfs_owlrl,3,edge1
79.30258683333334,Edge,sharded,P-AUD-02,rdfs_owlrl,3,edge1
8.212864333333334,Edge,sharded,P-AUD-03,rdfs_owlrl,3,edge1
7.532083,Edge,sharded,P-ZONE-03,rdfs_owlrl,3,edge1
27.881833,Edge,sharded,P-MODEL-03,rdfs_owlrl,3,edge1
11.549111,Edge,sharded,P-NODE-05,rdfs_owlrl,3,edge1
6.4061115,Edge,sharded,P-AUD-04,rdfs_owlrl,3,edge1
6.4061115,Edge,sharded,P-OPS-01,rdfs_owlrl,3,edge1
3.9601916666666668,Edge,sharded,P-MODEL-06,rdfs_owlrl,3,edge1
23.06588,Edge,sharded,P-ADAPT-04,rdfs_owlrl,3,edge1
23.06588,Edge,sharded,P-ADAPT-07,rdfs_owlrl,3,edge1
8.657981666666666,Edge,sharded,P-FL-06,rdfs_owlrl,3,edge1
24.97163425,Edge,sharded,P-FL-07,rdfs_owlrl,3,edge1
38.72630975,Edge,sharded,P-FL-03,rdfs_owlrl,3,edge1
19.08031925,Edge,sharded,P-FL-05,rdfs_owlrl,3,edge1
10.923592333333334,Edge,sharded,P-MODEL-01,rdfs_owlrl,3,edge1
138.71457283333334,Edge,sharded,P-MODEL-05,rdfs_owlrl,3,edge1
36.17416633333333,Edge,sharded,P-FL-02,rdfs_owlrl,3,edge1
143.15137,Edge,sharded,P-DATA-01,rdfs_owlrl,3,edge1
26.513056,Edge,sharded,P-CONS-05,rdfs_owlrl,3,edge1
16.332722,Edge,sharded,P-MODEL-02,rdfs_owlrl,3,edge1
38.581555333333334,Edge,sharded,P-FL-04,rdfs_owlrl,3,edge1
61.086074,Edge,sharded,P-MODEL-04,rdfs_owlrl,3,edge1
79.189908,Edge,sharded,P-DATA-10,rdfs_owlrl,3,edge1
35.7674815,Edge,sharded,P-MODEL-08,rdfs_owlrl,3,edge1
17.106289999999998,Edge,sharded,P-MODEL-07,rdfs_owlrl,3,edge1
65.20001666666667,Edge,sharded,P-CONS-01,rdfs_owlrl,3,edge2
98.38810183333334,Edge,sharded,P-DATA-02,rdfs_owlrl,3,edge2
132.56433066666665,Edge,sharded,P-CONS-04,rdfs_owlrl,3,edge2
32.17321333333334,Edge,sharded,P-DATA-04,rdfs_owlrl,3,edge2
32.797176,Edge,sharded,P-MODEL-08,rdfs_owlrl,3,edge2
11.2345925,Edge,sharded,P-OPS-02,rdfs_owlrl,3,edge2
11.2345925,Edge,sharded,P-OPS-03,rdfs_owlrl,3,edge2
20.64406175,Edge,sharded,P-FL-01,rdfs_owlrl,3,edge2
16.084647999999998,Edge,sharded,P-MODEL-07,rdfs_owlrl,3,edge2
232.7033055,Edge,sharded,P-ZONE-01,rdfs_owlrl,3,edge2
19.320759,Edge,sharded,P-INT-02,rdfs_owlrl,3,edge2
47.968065,Edge,sharded,P-OPS-05,rdfs_owlrl,3,edge2
14.640203499999998,Edge,sharded,P-DATA-05,rdfs_owlrl,3,edge2
44.15181483333333,Edge,sharded,P-DATA-07,rdfs_owlrl,3,edge2
70.964277,Edge,sharded,P-FL-08,rdfs_owlrl,3,edge2
19.9350125,Edge,sharded,P-MODEL-01,rdfs_owlrl,3,edge2
41.405786,Edge,sharded,P-AUD-05,rdfs_owlrl,3,edge2
51.342176,Edge,sharded,P-AUD-07,rdfs_owlrl,3,edge2
13.250897833333333,Edge,sharded,P-DATA-03,rdfs_owlrl,3,edge2
18.126796,Edge,sharded,P-INT-01,rdfs_owlrl,3,edge2
39.977795,Edge,sharded,P-DATA-08,rdfs_owlrl,3,edge2
55.5665685,Edge,sharded,P-ADAPT-06,rdfs_owlrl,3,edge2
110.48890100000001,Edge,sharded,P-AUD-06,rdfs_owlrl,3,edge2
144.074851,Edge,sharded,P-GOV-05,rdfs_owlrl,3,edge2
80.0410095,Edge,sharded,P-CONS-02,rdfs_owlrl,3,edge2
35.799583500000004,Edge,sharded,P-CONS-03,rdfs_owlrl,3,edge2
42.632574000000005,Edge,sharded,P-ADAPT-05,rdfs_owlrl,3,edge2
9.431407333333334,Edge,sharded,P-DATA-06,rdfs_owlrl,3,edge2
14.488666,Edge,sharded,P-DATA-09,rdfs_owlrl,3,edge2
6.919917,Edge,sharded,P-ADAPT-01,rdfs_owlrl,3,edge2
28.267139999999998,Edge,sharded,P-NODE-02,rdfs_owlrl,3,edge2
58.6888795,Edge,sharded,P-GOV-03,rdfs_owlrl,3,edge2
7.220568,Edge,sharded,P-ADAPT-02,rdfs_owlrl,3,edge2
7.220568,Edge,sharded,P-ADAPT-03,rdfs_owlrl,3,edge2
25.563157500000003,Edge,sharded,P-ZONE-02,rdfs_owlrl,3,edge2
7.997555666666667,Edge,sharded,P-AUD-01,rdfs_owlrl,3,edge2
64.91403666666668,Edge,sharded,P-AUD-02,rdfs_owlrl,3,edge2
7.997555666666667,Edge,sharded,P-AUD-03,rdfs_owlrl,3,edge2
4.888413666666667,Edge,sharded,P-MODEL-06,rdfs_owlrl,3,edge2
27.626824,Edge,sharded,P-MODEL-03,rdfs_owlrl,3,edge2
12.345537,Edge,sharded,P-NODE-05,rdfs_owlrl,3,edge2
37.54011075,Edge,sharded,P-FL-03,rdfs_owlrl,3,edge2
18.418870249999998,Edge,sharded,P-FL-05,rdfs_owlrl,3,edge2
22.74224675,Edge,sharded,P-FL-07,rdfs_owlrl,3,edge2
23.0180185,Edge,sharded,P-ADAPT-04,rdfs_owlrl,3,edge2
23.0180185,Edge,sharded,P-ADAPT-07,rdfs_owlrl,3,edge2
6.3823705,Edge,sharded,P-AUD-04,rdfs_owlrl,3,edge2
6.3823705,Edge,sharded,P-OPS-01,rdfs_owlrl,3,edge2
114.829818,Edge,sharded,P-MODEL-05,rdfs_owlrl,3,edge2
7.922358,Edge,sharded,P-FL-06,rdfs_owlrl,3,edge2
186.88546300000002,Edge,sharded,P-DATA-01,rdfs_owlrl,3,edge2
34.256416,Edge,sharded,P-FL-02,rdfs_owlrl,3,edge2
15.281287,Edge,sharded,P-MODEL-02,rdfs_owlrl,3,edge2
23.362519,Edge,sharded,P-CONS-05,rdfs_owlrl,3,edge2
57.99163,Edge,sharded,P-MODEL-04,rdfs_owlrl,3,edge2
35.497370000000004,Edge,sharded,P-FL-04,rdfs_owlrl,3,edge2
72.92531433333335,Edge,sharded,P-DATA-10,rdfs_owlrl,3,edge2
60.88962566666667,Edge,sharded,P-CONS-01,rdfs_owlrl,3,edge3
96.01480533333334,Edge,sharded,P-DATA-02,rdfs_owlrl,3,edge3
40.557421,Edge,sharded,P-AUD-05,rdfs_owlrl,3,edge3
49.771285,Edge,sharded,P-AUD-07,rdfs_owlrl,3,edge3
14.472527333333332,Edge,sharded,P-DATA-03,rdfs_owlrl,3,edge3
14.651083,Edge,sharded,P-DATA-05,rdfs_owlrl,3,edge3
60.541732499999995,Edge,sharded,P-FL-08,rdfs_owlrl,3,edge3
19.226561,Edge,sharded,P-INT-02,rdfs_owlrl,3,edge3
127.16190833333333,Edge,sharded,P-CONS-04,rdfs_owlrl,3,edge3
39.480179,Edge,sharded,P-DATA-08,rdfs_owlrl,3,edge3
56.037724499999996,Edge,sharded,P-ADAPT-06,rdfs_owlrl,3,edge3
111.05953249999999,Edge,sharded,P-AUD-06,rdfs_owlrl,3,edge3
18.461874,Edge,sharded,P-INT-01,rdfs_owlrl,3,edge3
80.665926,Edge,sharded,P-CONS-02,rdfs_owlrl,3,edge3
36.065129,Edge,sharded,P-CONS-03,rdfs_owlrl,3,edge3
41.8391725,Edge,sharded,P-ADAPT-05,rdfs_owlrl,3,edge3
142.949836,Edge,sharded,P-GOV-05,rdfs_owlrl,3,edge3
24.533605,Edge,sharded,P-OPS-05,rdfs_owlrl,3,edge3
14.523092,Edge,sharded,P-DATA-09,rdfs_owlrl,3,edge3
30.556130666666668,Edge,sharded,P-DATA-04,rdfs_owlrl,3,edge3
9.357511666666666,Edge,sharded,P-DATA-06,rdfs_owlrl,3,edge3
44.308879666666655,Edge,sharded,P-DATA-07,rdfs_owlrl,3,edge3
214.42159866666668,Edge,sharded,P-ZONE-01,rdfs_owlrl,3,edge3
58.406989499999995,Edge,sharded,P-GOV-03,rdfs_owlrl,3,edge3
7.206404,Edge,sharded,P-ADAPT-02,rdfs_owlrl,3,edge3
7.206404,Edge,sharded,P-ADAPT-03,rdfs_owlrl,3,edge3
7.2392685,Edge,sharded,P-ADAPT-01,rdfs_owlrl,3,edge3
28.640536500000003,Edge,sharded,P-NODE-02,rdfs_owlrl,3,edge3
26.11732,Edge,sharded,P-ZONE-02,rdfs_owlrl,3,edge3
7.865281333333333,Edge,sharded,P-AUD-01,rdfs_owlrl,3,edge3
59.555947333333336,Edge,sharded,P-AUD-02,rdfs_owlrl,3,edge3
7.865281333333333,Edge,sharded,P-AUD-03,rdfs_owlrl,3,edge3
25.0452905,Edge,sharded,P-MODEL-03,rdfs_owlrl,3,edge3
9.7328085,Edge,sharded,P-NODE-05,rdfs_owlrl,3,edge3
3.8403506666666662,Edge,sharded,P-MODEL-06,rdfs_owlrl,3,edge3
22.6099545,Edge,sharded,P-ADAPT-04,rdfs_owlrl,3,edge3
22.6099545,Edge,sharded,P-ADAPT-07,rdfs_owlrl,3,edge3
6.3335725,Edge,sharded,P-AUD-04,rdfs_owlrl,3,edge3
6.3335725,Edge,sharded,P-OPS-01,rdfs_owlrl,3,edge3
20.53827066666667,Edge,sharded,P-FL-01,rdfs_owlrl,3,edge3
37.436514,Edge,sharded,P-FL-03,rdfs_owlrl,3,edge3
18.2941475,Edge,sharded,P-FL-05,rdfs_owlrl,3,edge3
22.434335000000004,Edge,sharded,P-FL-07,rdfs_owlrl,3,edge3
8.872042,Edge,sharded,P-MODEL-01,rdfs_owlrl,3,edge3
115.35238749999999,Edge,sharded,P-MODEL-05,rdfs_owlrl,3,edge3
7.824824666666667,Edge,sharded,P-FL-06,rdfs_owlrl,3,edge3
34.51109533333334,Edge,sharded,P-FL-02,rdfs_owlrl,3,edge3
168.7914795,Edge,sharded,P-DATA-01,rdfs_owlrl,3,edge3
15.312482,Edge,sharded,P-MODEL-02,rdfs_owlrl,3,edge3
23.860733,Edge,sharded,P-CONS-05,rdfs_owlrl,3,edge3
57.609071,Edge,sharded,P-MODEL-04,rdfs_owlrl,3,edge3
35.42560533333334,Edge,sharded,P-FL-04,rdfs_owlrl,3,edge3
73.03205433333333,Edge,sharded,P-DATA-10,rdfs_owlrl,3,edge3
32.356503000000004,Edge,sharded,P-MODEL-08,rdfs_owlrl,3,edge3
16.031322666666664,Edge,sharded,P-MODEL-07,rdfs_owlrl,3,edge3
17.860429500000002,Cloud,replicated,P-DATA-01,rdfs,1,cloud
22.20951816666667,Cloud,replicated,P-ZONE-01,rdfs,1,cloud
30.895585,Cloud,replicated,P-GOV-01,rdfs,1,cloud
3.710237,Cloud,replicated,P-DATA-08,rdfs,1,cloud
4.349088666666667,Cloud,replicated,P-MODEL-07,rdfs,1,cloud
35.62495416666667,Cloud,replicated,P-CONS-04,rdfs,1,cloud
33.99201733333334,Cloud,replicated,P-DATA-02,rdfs,1,cloud
5.121781,Cloud,replicated,P-CONS-05,rdfs,1,cloud
4.356574,Cloud,replicated,P-DATA-09,rdfs,1,cloud
4.738024,Cloud,replicated,P-INT-01,rdfs,1,cloud
11.834031833333334,Cloud,replicated,P-DATA-04,rdfs,1,cloud
1.409791,Cloud,replicated,P-FL-01,rdfs,1,cloud
9.185317000000001,Cloud,replicated,P-FL-03,rdfs,1,cloud
4.649638,Cloud,replicated,P-FL-05,rdfs,1,cloud
1.409791,Cloud,replicated,P-FL-07,rdfs,1,cloud
3.4632565,Cloud,replicated,P-GOV-05,rdfs,1,cloud
21.313627166666667,Cloud,replicated,P-OPS-05,rdfs,1,cloud
21.029174,Cloud,replicated,P-CONS-01,rdfs,1,cloud
4.535679,Cloud,replicated,P-FL-02,rdfs,1,cloud
2.458545,Cloud,replicated,P-ZONE-02,rdfs,1,cloud
8.685091333333334,Cloud,replicated,P-DATA-07,rdfs,1,cloud
7.5961463333333334,Cloud,replicated,P-DATA-03,rdfs,1,cloud
3.0983075,Cloud,replicated,P-OPS-01,rdfs,1,cloud
7.230724166666667,Cloud,replicated,P-VAL-03,rdfs,1,cloud
2.828655,Cloud,replicated,P-OPS-02,rdfs,1,cloud
2.828655,Cloud,replicated,P-OPS-03,rdfs,1,cloud
2.0667785,Cloud,replicated,P-ZONE-03,rdfs,1,cloud
4.132416666666667,Cloud,replicated,P-VAL-04,rdfs,1,cloud
21.147978666666667,Cloud,replicated,P-VAL-07,rdfs,1,cloud
11.896210833333335,Cloud,replicated,P-NODE-02,rdfs,1,cloud
1.3808243333333332,Cloud,replicated,P-ADAPT-02,rdfs,1,cloud
1.3808243333333332,Cloud,replicated,P-AUD-01,rdfs,1,cloud
30.341120333333333,Cloud,replicated,P-AUD-05,rdfs,1,cloud
27.085009,Cloud,replicated,P-GOV-04,rdfs,1,cloud
9.399839833333335,Cloud,replicated,P-NODE-05,rdfs,1,cloud
28.960296,Cloud,replicated,P-AUD-07,rdfs,1,cloud
18.222659999999998,Cloud,replicated,P-VAL-06,rdfs,1,cloud
18.5108705,Cloud,replicated,P-GOV-03,rdfs,1,cloud
42.759641,Cloud,replicated,P-AUD-06,rdfs,1,cloud
18.193376,Cloud,replicated,P-MODEL-05,rdfs,1,cloud
3.993176,Cloud,replicated,P-AUD-02,rdfs,1,cloud
6.953941,Cloud,replicated,P-MODEL-01,rdfs,1,cloud
12.9864155,Cloud,replicated,P-ADAPT-06,rdfs,1,cloud
2.2900665,Cloud,replicated,P-FL-08,rdfs,1,cloud
11.464381333333334,Cloud,replicated,P-MODEL-03,rdfs,1,cloud
2.860564666666667,Cloud,replicated,P-NODE-01,rdfs,1,cloud
2.860564666666667,Cloud,replicated,P-NODE-03,rdfs,1,cloud
5.39813,Cloud,replicated,P-MODEL-02,rdfs,1,cloud
6.226546333333334,Cloud,replicated,P-DATA-06,rdfs,1,cloud
4.7559185,Cloud,replicated,P-ADAPT-04,rdfs,1,cloud
4.7559185,Cloud,replicated,P-ADAPT-07,rdfs,1,cloud
3.532489,Cloud,replicated,P-ADAPT-05,rdfs,1,cloud
2.1495683333333333,Cloud,replicated,P-DATA-10,rdfs,1,cloud
19.281088,Cloud,replicated,P-MODEL-08,rdfs,1,cloud
1.239946,Cloud,replicated,P-DATA-05,rdfs,1,cloud
12.704296,Fog,replicated,P-DATA-03,rdfs,1,fog
17.518454,Fog,replicated,P-CONS-02,rdfs,1,fog
17.518454,Fog,replicated,P-CONS-03,rdfs,1,fog
41.481732,Fog,replicated,P-ZONE-01,rdfs,1,fog
6.9687965,Fog,replicated,P-ADAPT-01,rdfs,1,fog
25.449982,Fog,replicated,P-NODE-02,rdfs,1,fog
65.18991600000001,Fog,replicated,P-GOV-03,rdfs,1,fog
23.703019,Fog,replicated,P-CONS-05,rdfs,1,fog
34.266185,Fog,replicated,P-MODEL-05,rdfs,1,fog
39.80851233333333,Fog,replicated,P-ADAPT-02,rdfs,1,fog
39.80851233333333,Fog,replicated,P-ADAPT-03,rdfs,1,fog
39.80851233333333,Fog,replicated,P-ADAPT-06,rdfs,1,fog
18.4811855,Fog,replicated,P-NODE-01,rdfs,1,fog
48.472241,Fog,replicated,P-DATA-10,rdfs,1,fog
29.229593,Fog,replicated,P-FL-08,rdfs,1,fog
15.903148,Fog,replicated,P-CONS-01,rdfs,1,fog
15.903148,Fog,replicated,P-DATA-02,rdfs,1,fog
6.560352,Fog,replicated,P-FL-01,rdfs,1,fog
30.306925,Edge,replicated,P-AUD-05,rdfs,1,edge1
14.6741945,Edge,replicated,P-VAL-01,rdfs,1,edge1
14.6741945,Edge,replicated,P-VAL-04,rdfs,1,edge1
21.756111,Edge,replicated,P-DATA-08,rdfs,1,edge1
14.556074,Edge,replicated,P-VAL-07,rdfs,1,edge1
66.133037,Edge,replicated,P-VAL-03,rdfs,1,edge1
21.309333,Edge,replicated,P-CONS-04,rdfs,1,edge1
6.9989535,Edge,replicated,P-FL-02,rdfs,1,edge1
27.960167,Edge,replicated,P-FL-04,rdfs,1,edge1
8.389314666666666,Edge,replicated,P-AUD-01,rdfs,1,edge1
8.389314666666666,Edge,replicated,P-AUD-02,rdfs,1,edge1
8.389314666666666,Edge,replicated,P-AUD-03,rdfs,1,edge1
281.844685,Edge,replicated,P-VAL-08,rdfs,1,edge1
71.8701385,Edge,replicated,P-GOV-03,rdfs,1,edge1
16.414963,Edge,replicated,P-MODEL-01,rdfs,1,edge1
27.034074,Edge,replicated,P-ADAPT-05,rdfs,1,edge1
32.465666,Edge,replicated,P-NODE-03,rdfs,1,edge1
50.961074,Edge,replicated,P-MODEL-05,rdfs,1,edge1
46.177704,Edge,replicated,P-AUD-06,rdfs,1,edge2
74.028194,Edge,replicated,P-CONS-02,rdfs,1,edge2
15.139287,Edge,replicated,P-CONS-03,rdfs,1,edge2
8.430463,Edge,replicated,P-FL-01,rdfs,1,edge2
8.430463,Edge,replicated,P-FL-06,rdfs,1,edge2
8.430463,Edge,replicated,P-FL-07,rdfs,1,edge2
17.4221855,Edge,replicated,P-ZONE-02,rdfs,1,edge2
26.44688,Edge,replicated,P-DATA-07,rdfs,1,edge2
289.417889,Edge,replicated,P-GOV-05,rdfs,1,edge2
10.737963,Edge,replicated,P-FL-08,rdfs,1,edge2
10.737963,Edge,replicated,P-MODEL-01,rdfs,1,edge2
8.978722,Edge,replicated,P-ADAPT-05,rdfs,1,edge2
8.978722,Edge,replicated,P-ADAPT-06,rdfs,1,edge2
49.229518,Edge,replicated,P-VAL-06,rdfs,1,edge2
12.8480275,Edge,replicated,P-NODE-01,rdfs,1,edge2
12.8480275,Edge,replicated,P-NODE-02,rdfs,1,edge2
32.101945,Edge,replicated,P-MODEL-04,rdfs,1,edge2
23.675259,Edge,replicated,P-OPS-05,rdfs,1,edge2
9.0246945,Edge,replicated,P-DATA-05,rdfs,1,edge2
21.735352,Edge,replicated,P-INT-02,rdfs,1,edge2
121.715893,Edge,replicated,P-AUD-07,rdfs,1,edge3
3.838548,Edge,replicated,P-CONS-01,rdfs,1,edge3
3.838548,Edge,replicated,P-CONS-04,rdfs,1,edge3
3.838548,Edge,replicated,P-MODEL-06,rdfs,1,edge3
9.382462333333333,Edge,replicated,P-FL-02,rdfs,1,edge3
9.382462333333333,Edge,replicated,P-FL-04,rdfs,1,edge3
9.382462333333333,Edge,replicated,P-FL-07,rdfs,1,edge3
20.793211,Edge,replicated,P-ZONE-01,rdfs,1,edge3
106.118818,Edge,replicated,P-GOV-05,rdfs,1,edge3
106.118818,Edge,replicated,P-AUD-02,rdfs,1,edge3
14.7800185,Edge,replicated,P-CONS-02,rdfs,1,edge3
14.7800185,Edge,replicated,P-CONS-03,rdfs,1,edge3
14.424111,Edge,replicated,P-OPS-02,rdfs,1,edge3
6.251406,Edge,replicated,P-AUD-04,rdfs,1,edge3
6.251406,Edge,replicated,P-OPS-01,rdfs,1,edge3
223.527521,Edge,replicated,P-VAL-06,rdfs,1,edge3
15.0336855,Edge,replicated,P-NODE-03,rdfs,1,edge3
15.0336855,Edge,replicated,P-NODE-04,rdfs,1,edge3
29.058222,Edge,replicated,P-MODEL-04,rdfs,1,edge3
6.193267,Edge,replicated,P-NODE-01,rdfs,1,edge3
32.199503,Edge,replicated,P-DATA-10,rdfs,1,edge3
19.234654,Edge,replicated,P-FL-08,rdfs,1,edge3
23.001477,Cloud,replicated,P-DATA-01,rdfs,2,cloud
25.851674333333335,Cloud,replicated,P-ZONE-01,rdfs,2,cloud
34.880788,Cloud,replicated,P-GOV-01,rdfs,2,cloud
3.469034,Cloud,replicated,P-DATA-08,rdfs,2,cloud
2.8501973333333335,Cloud,replicated,P-MODEL-07,rdfs,2,cloud
32.64924933333334,Cloud,replicated,P-CONS-04,rdfs,2,cloud
25.470904333333337,Cloud,replicated,P-DATA-02,rdfs,2,cloud
3.528365,Cloud,replicated,P-CONS-05,rdfs,2,cloud
3.900248,Cloud,replicated,P-DATA-09,rdfs,2,cloud
3.913037,Cloud,replicated,P-INT-01,rdfs,2,cloud
8.3194515,Cloud,replicated,P-DATA-04,rdfs,2,cloud
1.43463175,Cloud,replicated,P-FL-01,rdfs,2,cloud
8.10096425,Cloud,replicated,P-FL-03,rdfs,2,cloud
4.59763675,Cloud,replicated,P-FL-05,rdfs,2,cloud
1.43463175,Cloud,replicated,P-FL-07,rdfs,2,cloud
3.4948545,Cloud,replicated,P-GOV-05,rdfs,2,cloud
10.036317166666667,Cloud,replicated,P-OPS-05,rdfs,2,cloud
19.387766,Cloud,replicated,P-CONS-01,rdfs,2,cloud
3.5033275,Cloud,replicated,P-FL-02,rdfs,2,cloud
1.9728265,Cloud,replicated,P-ZONE-02,rdfs,2,cloud
4.791475500000001,Cloud,replicated,P-DATA-07,rdfs,2,cloud
11.371288333333334,Cloud,replicated,P-DATA-03,rdfs,2,cloud
3.44179,Cloud,replicated,P-OPS-01,rdfs,2,cloud
6.82663,Cloud,replicated,P-VAL-03,rdfs,2,cloud
29.018834,Cloud,replicated,P-OPS-02,rdfs,2,cloud
29.018834,Cloud,replicated,P-OPS-03,rdfs,2,cloud
1.7436875,Cloud,replicated,P-ZONE-03,rdfs,2,cloud
3.38484,Cloud,replicated,P-VAL-04,rdfs,2,cloud
20.290952,Cloud,replicated,P-VAL-07,rdfs,2,cloud
12.270176166666666,Cloud,replicated,P-NODE-02,rdfs,2,cloud
1.2853256666666668,Cloud,replicated,P-ADAPT-02,rdfs,2,cloud
1.2853256666666668,Cloud,replicated,P-AUD-01,rdfs,2,cloud
14.375061166666667,Cloud,replicated,P-AUD-05,rdfs,2,cloud
31.065524000000003,Cloud,replicated,P-GOV-04,rdfs,2,cloud
11.482101666666665,Cloud,replicated,P-NODE-05,rdfs,2,cloud
13.0897355,Cloud,replicated,P-AUD-07,rdfs,2,cloud
18.976511000000002,Cloud,replicated,P-VAL-06,rdfs,2,cloud
15.020373,Cloud,replicated,P-GOV-03,rdfs,2,cloud
28.6212685,Cloud,replicated,P-AUD-06,rdfs,2,cloud
17.390435000000004,Cloud,replicated,P-MODEL-05,rdfs,2,cloud
3.89306,Cloud,replicated,P-AUD-02,rdfs,2,cloud
3.705128,Cloud,replicated,P-MODEL-01,rdfs,2,cloud
13.254972500000001,Cloud,replicated,P-ADAPT-06,rdfs,2,cloud
2.451942,Cloud,replicated,P-FL-08,rdfs,2,cloud
16.343436666666666,Cloud,replicated,P-MODEL-03,rdfs,2,cloud
3.163766666666667,Cloud,replicated,P-NODE-01,rdfs,2,cloud
3.163766666666667,Cloud,replicated,P-NODE-03,rdfs,2,cloud
8.1862625,Cloud,replicated,P-MODEL-02,rdfs,2,cloud
2.818649,Cloud,replicated,P-DATA-06,rdfs,2,cloud
6.255206,Cloud,replicated,P-ADAPT-04,rdfs,2,cloud
6.255206,Cloud,replicated,P-ADAPT-07,rdfs,2,cloud
2.025619,Cloud,replicated,P-ADAPT-05,rdfs,2,cloud
5.937620333333334,Cloud,replicated,P-DATA-10,rdfs,2,cloud
7.911963,Cloud,replicated,P-MODEL-08,rdfs,2,cloud
1.321081,Cloud,replicated,P-DATA-05,rdfs,2,cloud
12.949018,Fog,replicated,P-DATA-03,rdfs,2,fog
17.8778425,Fog,replicated,P-CONS-02,rdfs,2,fog
17.8778425,Fog,replicated,P-CONS-03,rdfs,2,fog
42.5626195,Fog,replicated,P-ZONE-01,rdfs,2,fog
7.651583,Fog,replicated,P-ADAPT-01,rdfs,2,fog
26.306305,Fog,replicated,P-NODE-02,rdfs,2,fog
65.2801205,Fog,replicated,P-GOV-03,rdfs,2,fog
23.598445,Fog,replicated,P-CONS-05,rdfs,2,fog
34.293796,Fog,replicated,P-MODEL-05,rdfs,2,fog
7.565376666666666,Fog,replicated,P-ADAPT-02,rdfs,2,fog
7.565376666666666,Fog,replicated,P-ADAPT-03,rdfs,2,fog
7.565376666666666,Fog,replicated,P-ADAPT-06,rdfs,2,fog
18.654722,Fog,replicated,P-NODE-01,rdfs,2,fog
48.686482,Fog,replicated,P-DATA-10,rdfs,2,fog
29.506741,Fog,replicated,P-FL-08,rdfs,2,fog
15.9447685,Fog,replicated,P-CONS-01,rdfs,2,fog
15.9447685,Fog,replicated,P-DATA-02,rdfs,2,fog
6.422167,Fog,replicated,P-FL-01,rdfs,2,fog
31.492037,Edge,replicated,P-AUD-05,rdfs,2,edge1
14.502824,Edge,replicated,P-VAL-01,rdfs,2,edge1
14.502824,Edge,replicated,P-VAL-04,rdfs,2,edge1
21.677778,Edge,replicated,P-DATA-08,rdfs,2,edge1
14.135519,Edge,replicated,P-VAL-07,rdfs,2,edge1
66.547352,Edge,replicated,P-VAL-03,rdfs,2,edge1
21.2913145,Edge,replicated,P-CONS-04,rdfs,2,edge1
6.675185,Edge,replicated,P-FL-02,rdfs,2,edge1
28.401926,Edge,replicated,P-FL-04,rdfs,2,edge1
8.337734666666668,Edge,replicated,P-AUD-01,rdfs,2,edge1
8.337734666666668,Edge,replicated,P-AUD-02,rdfs,2,edge1
8.337734666666668,Edge,replicated,P-AUD-03,rdfs,2,edge1
282.665259,Edge,replicated,P-VAL-08,rdfs,2,edge1
72.2115925,Edge,replicated,P-GOV-03,rdfs,2,edge1
16.38476,Edge,replicated,P-MODEL-01,rdfs,2,edge1
26.916426,Edge,replicated,P-ADAPT-05,rdfs,2,edge1
32.084926,Edge,replicated,P-NODE-03,rdfs,2,edge1
51.443481,Edge,replicated,P-MODEL-05,rdfs,2,edge1
44.811093,Edge,replicated,P-AUD-06,rdfs,2,edge2
74.2768055,Edge,replicated,P-CONS-02,rdfs,2,edge2
15.3356945,Edge,replicated,P-CONS-03,rdfs,2,edge2
8.534092666666666,Edge,replicated,P-FL-01,rdfs,2,edge2
8.534092666666666,Edge,replicated,P-FL-06,rdfs,2,edge2
8.534092666666666,Edge,replicated,P-FL-07,rdfs,2,edge2
17.316259,Edge,replicated,P-ZONE-02,rdfs,2,edge2
26.199787,Edge,replicated,P-DATA-07,rdfs,2,edge2
289.223389,Edge,replicated,P-GOV-05,rdfs,2,edge2
10.725991,Edge,replicated,P-FL-08,rdfs,2,edge2
10.725991,Edge,replicated,P-MODEL-01,rdfs,2,edge2
8.9621205,Edge,replicated,P-ADAPT-05,rdfs,2,edge2
8.9621205,Edge,replicated,P-ADAPT-06,rdfs,2,edge2
49.834093,Edge,replicated,P-VAL-06,rdfs,2,edge2
12.506963,Edge,replicated,P-NODE-01,rdfs,2,edge2
12.506963,Edge,replicated,P-NODE-02,rdfs,2,edge2
32.510982,Edge,replicated,P-MODEL-04,rdfs,2,edge2
23.340574,Edge,replicated,P-OPS-05,rdfs,2,edge2
8.883528,Edge,replicated,P-DATA-05,rdfs,2,edge2
21.567685,Edge,replicated,P-INT-02,rdfs,2,edge2
122.095709,Edge,replicated,P-AUD-07,rdfs,2,edge3
4.117209,Edge,replicated,P-CONS-01,rdfs,2,edge3
4.117209,Edge,replicated,P-CONS-04,rdfs,2,edge3
4.117209,Edge,replicated,P-MODEL-06,rdfs,2,edge3
9.508240333333333,Edge,replicated,P-FL-02,rdfs,2,edge3
9.508240333333333,Edge,replicated,P-FL-04,rdfs,2,edge3
9.508240333333333,Edge,replicated,P-FL-07,rdfs,2,edge3
20.823563,Edge,replicated,P-ZONE-01,rdfs,2,edge3
56.6875525,Edge,replicated,P-GOV-05,rdfs,2,edge3
56.6875525,Edge,replicated,P-AUD-02,rdfs,2,edge3
15.0983985,Edge,replicated,P-CONS-02,rdfs,2,edge3
15.0983985,Edge,replicated,P-CONS-03,rdfs,2,edge3
14.508277,Edge,replicated,P-OPS-02,rdfs,2,edge3
6.2702575,Edge,replicated,P-AUD-04,rdfs,2,edge3
6.2702575,Edge,replicated,P-OPS-01,rdfs,2,edge3
220.589184,Edge,replicated,P-VAL-06,rdfs,2,edge3
14.198277,Edge,replicated,P-NODE-03,rdfs,2,edge3
14.198277,Edge,replicated,P-NODE-04,rdfs,2,edge3
28.759055,Edge,replicated,P-MODEL-04,rdfs,2,edge3
6.029044,Edge,replicated,P-NODE-01,rdfs,2,edge3
31.344632,Edge,replicated,P-DATA-10,rdfs,2,edge3
18.550097,Edge,replicated,P-FL-08,rdfs,2,edge3
31.853080000000002,Cloud,replicated,P-DATA-01,rdfs,3,cloud
34.639901,Cloud,replicated,P-ZONE-01,rdfs,3,cloud
32.2507835,Cloud,replicated,P-GOV-01,rdfs,3,cloud
3.405308,Cloud,replicated,P-DATA-08,rdfs,3,cloud
2.7868209999999998,Cloud,replicated,P-MODEL-07,rdfs,3,cloud
51.521213499999995,Cloud,replicated,P-CONS-04,rdfs,3,cloud
21.297727666666667,Cloud,replicated,P-DATA-02,rdfs,3,cloud
3.658334,Cloud,replicated,P-CONS-05,rdfs,3,cloud
4.182603,Cloud,replicated,P-DATA-09,rdfs,3,cloud
4.068821,Cloud,replicated,P-INT-01,rdfs,3,cloud
13.352703,Cloud,replicated,P-DATA-04,rdfs,3,cloud
1.324748,Cloud,replicated,P-FL-01,rdfs,3,cloud
8.560465,Cloud,replicated,P-FL-03,rdfs,3,cloud
4.748200499999999,Cloud,replicated,P-FL-05,rdfs,3,cloud
1.324748,Cloud,replicated,P-FL-07,rdfs,3,cloud
3.232041,Cloud,replicated,P-GOV-05,rdfs,3,cloud
9.371764833333334,Cloud,replicated,P-OPS-05,rdfs,3,cloud
31.6037225,Cloud,replicated,P-CONS-01,rdfs,3,cloud
3.8122645,Cloud,replicated,P-FL-02,rdfs,3,cloud
2.222244,Cloud,replicated,P-ZONE-02,rdfs,3,cloud
5.1662479999999995,Cloud,replicated,P-DATA-07,rdfs,3,cloud
8.625036166666666,Cloud,replicated,P-DATA-03,rdfs,3,cloud
3.2485275,Cloud,replicated,P-OPS-01,rdfs,3,cloud
6.5822761666666665,Cloud,replicated,P-VAL-03,rdfs,3,cloud
2.7933265,Cloud,replicated,P-OPS-02,rdfs,3,cloud
2.7933265,Cloud,replicated,P-OPS-03,rdfs,3,cloud
5.0172075,Cloud,replicated,P-ZONE-03,rdfs,3,cloud
3.3337486666666667,Cloud,replicated,P-VAL-04,rdfs,3,cloud
69.53392966666667,Cloud,replicated,P-VAL-07,rdfs,3,cloud
14.905317499999999,Cloud,replicated,P-NODE-02,rdfs,3,cloud
1.3399843333333334,Cloud,replicated,P-ADAPT-02,rdfs,3,cloud
1.3399843333333334,Cloud,replicated,P-AUD-01,rdfs,3,cloud
8.960634833333334,Cloud,replicated,P-AUD-05,rdfs,3,cloud
28.5973445,Cloud,replicated,P-GOV-04,rdfs,3,cloud
13.557482,Cloud,replicated,P-NODE-05,rdfs,3,cloud
7.6206505,Cloud,replicated,P-AUD-07,rdfs,3,cloud
18.22654,Cloud,replicated,P-VAL-06,rdfs,3,cloud
14.665334,Cloud,replicated,P-GOV-03,rdfs,3,cloud
28.292660166666668,Cloud,replicated,P-AUD-06,rdfs,3,cloud
15.742900166666667,Cloud,replicated,P-MODEL-05,rdfs,3,cloud
4.251245,Cloud,replicated,P-AUD-02,rdfs,3,cloud
3.847462666666667,Cloud,replicated,P-MODEL-01,rdfs,3,cloud
13.2660865,Cloud,replicated,P-ADAPT-06,rdfs,3,cloud
2.277827,Cloud,replicated,P-FL-08,rdfs,3,cloud
9.160433000000001,Cloud,replicated,P-MODEL-03,rdfs,3,cloud
2.6528473333333333,Cloud,replicated,P-NODE-01,rdfs,3,cloud
2.6528473333333333,Cloud,replicated,P-NODE-03,rdfs,3,cloud
3.3572915,Cloud,replicated,P-MODEL-02,rdfs,3,cloud
2.944004,Cloud,replicated,P-DATA-06,rdfs,3,cloud
5.077262,Cloud,replicated,P-ADAPT-04,rdfs,3,cloud
5.077262,Cloud,replicated,P-ADAPT-07,rdfs,3,cloud
2.02892,Cloud,replicated,P-ADAPT-05,rdfs,3,cloud
1.8532506666666666,Cloud,replicated,P-DATA-10,rdfs,3,cloud
7.8932235,Cloud,replicated,P-MODEL-08,rdfs,3,cloud
1.2568925,Cloud,replicated,P-DATA-05,rdfs,3,cloud
13.759444,Fog,replicated,P-DATA-03,rdfs,3,fog
17.577454,Fog,replicated,P-CONS-02,rdfs,3,fog
17.577454,Fog,replicated,P-CONS-03,rdfs,3,fog
51.605408000000004,Fog,replicated,P-ZONE-01,rdfs,3,fog
6.96487,Fog,replicated,P-ADAPT-01,rdfs,3,fog
25.545842,Fog,replicated,P-NODE-02,rdfs,3,fog
75.13138900000001,Fog,replicated,P-GOV-03,rdfs,3,fog
22.984648,Fog,replicated,P-CONS-05,rdfs,3,fog
34.631296,Fog,replicated,P-MODEL-05,rdfs,3,fog
7.514376333333334,Fog,replicated,P-ADAPT-02,rdfs,3,fog
7.514376333333334,Fog,replicated,P-ADAPT-03,rdfs,3,fog
7.514376333333334,Fog,replicated,P-ADAPT-06,rdfs,3,fog
18.580972,Fog,replicated,P-NODE-01,rdfs,3,fog
145.68874,Fog,replicated,P-DATA-10,rdfs,3,fog
29.296667,Fog,replicated,P-FL-08,rdfs,3,fog
22.294426,Fog,replicated,P-CONS-01,rdfs,3,fog
22.294426,Fog,replicated,P-DATA-02,rdfs,3,fog
9.51987,Fog,replicated,P-FL-01,rdfs,3,fog
31.244685,Edge,replicated,P-AUD-05,rdfs,3,edge1
14.4154815,Edge,replicated,P-VAL-01,rdfs,3,edge1
14.4154815,Edge,replicated,P-VAL-04,rdfs,3,edge1
22.061667,Edge,replicated,P-DATA-08,rdfs,3,edge1
14.168277,Edge,replicated,P-VAL-07,rdfs,3,edge1
66.780944,Edge,replicated,P-VAL-03,rdfs,3,edge1
21.7490275,Edge,replicated,P-CONS-04,rdfs,3,edge1
6.6770925,Edge,replicated,P-FL-02,rdfs,3,edge1
28.510871,Edge,replicated,P-FL-04,rdfs,3,edge1
8.230586333333333,Edge,replicated,P-AUD-01,rdfs,3,edge1
8.230586333333333,Edge,replicated,P-AUD-02,rdfs,3,edge1
8.230586333333333,Edge,replicated,P-AUD-03,rdfs,3,edge1
298.043519,Edge,replicated,P-VAL-08,rdfs,3,edge1
73.497769,Edge,replicated,P-GOV-03,rdfs,3,edge1
17.24187,Edge,replicated,P-MODEL-01,rdfs,3,edge1
27.955944,Edge,replicated,P-ADAPT-05,rdfs,3,edge1
33.359093,Edge,replicated,P-NODE-03,rdfs,3,edge1
54.287129,Edge,replicated,P-MODEL-05,rdfs,3,edge1
45.308704,Edge,replicated,P-AUD-06,rdfs,3,edge2
76.710685,Edge,replicated,P-CONS-02,rdfs,3,edge2
17.719037,Edge,replicated,P-CONS-03,rdfs,3,edge2
10.675068000000001,Edge,replicated,P-FL-01,rdfs,3,edge2
10.675068000000001,Edge,replicated,P-FL-06,rdfs,3,edge2
10.675068000000001,Edge,replicated,P-FL-07,rdfs,3,edge2
21.7341945,Edge,replicated,P-ZONE-02,rdfs,3,edge2
30.896343,Edge,replicated,P-DATA-07,rdfs,3,edge2
162.875259,Edge,replicated,P-GOV-05,rdfs,3,edge2
10.7359815,Edge,replicated,P-FL-08,rdfs,3,edge2
10.7359815,Edge,replicated,P-MODEL-01,rdfs,3,edge2
8.9893985,Edge,replicated,P-ADAPT-05,rdfs,3,edge2
8.9893985,Edge,replicated,P-ADAPT-06,rdfs,3,edge2
49.867278,Edge,replicated,P-VAL-06,rdfs,3,edge2
12.5229165,Edge,replicated,P-NODE-01,rdfs,3,edge2
12.5229165,Edge,replicated,P-NODE-02,rdfs,3,edge2
32.470463,Edge,replicated,P-MODEL-04,rdfs,3,edge2
23.223667,Edge,replicated,P-OPS-05,rdfs,3,edge2
9.1621485,Edge,replicated,P-DATA-05,rdfs,3,edge2
21.119685,Edge,replicated,P-INT-02,rdfs,3,edge2
122.204986,Edge,replicated,P-AUD-07,rdfs,3,edge3
3.8614123333333334,Edge,replicated,P-CONS-01,rdfs,3,edge3
3.8614123333333334,Edge,replicated,P-CONS-04,rdfs,3,edge3
3.8614123333333334,Edge,replicated,P-MODEL-06,rdfs,3,edge3
42.73578166666667,Edge,replicated,P-FL-02,rdfs,3,edge3
42.73578166666667,Edge,replicated,P-FL-04,rdfs,3,edge3
42.73578166666667,Edge,replicated,P-FL-07,rdfs,3,edge3
20.576063,Edge,replicated,P-ZONE-01,rdfs,3,edge3
56.666349,Edge,replicated,P-GOV-05,rdfs,3,edge3
56.666349,Edge,replicated,P-AUD-02,rdfs,3,edge3
14.6259535,Edge,replicated,P-CONS-02,rdfs,3,edge3
14.6259535,Edge,replicated,P-CONS-03,rdfs,3,edge3
14.423721,Edge,replicated,P-OPS-02,rdfs,3,edge3
6.408286,Edge,replicated,P-AUD-04,rdfs,3,edge3
6.408286,Edge,replicated,P-OPS-01,rdfs,3,edge3
220.441349,Edge,replicated,P-VAL-06,rdfs,3,edge3
14.1342495,Edge,replicated,P-NODE-03,rdfs,3,edge3
14.1342495,Edge,replicated,P-NODE-04,rdfs,3,edge3
27.900572,Edge,replicated,P-MODEL-04,rdfs,3,edge3
5.933193,Edge,replicated,P-NODE-01,rdfs,3,edge3
31.016354,Edge,replicated,P-DATA-10,rdfs,3,edge3
18.557838,Edge,replicated,P-FL-08,rdfs,3,edge3
24.1573695,Cloud,replicated,P-DATA-01,owlrl,1,cloud
32.488147000000005,Cloud,replicated,P-ZONE-01,owlrl,1,cloud
12.823346,Cloud,replicated,P-AUD-06,owlrl,1,cloud
22.995766000000003,Cloud,replicated,P-MODEL-05,owlrl,1,cloud
33.63392,Cloud,replicated,P-CONS-04,owlrl,1,cloud
6.1278355,Cloud,replicated,P-FL-02,owlrl,1,cloud
6.029503500000001,Cloud,replicated,P-FL-03,owlrl,1,cloud
6.221362,Cloud,replicated,P-DATA-02,owlrl,1,cloud
17.766328,Cloud,replicated,P-MODEL-01,owlrl,1,cloud
22.046488500000002,Cloud,replicated,P-GOV-03,owlrl,1,cloud
5.607775,Cloud,replicated,P-FL-04,owlrl,1,cloud
8.747457,Cloud,replicated,P-DATA-03,owlrl,1,cloud
5.9168,Cloud,replicated,P-MODEL-02,owlrl,1,cloud
9.412533,Cloud,replicated,P-MODEL-03,owlrl,1,cloud
8.876144,Cloud,replicated,P-CONS-05,owlrl,1,cloud
5.318645,Cloud,replicated,P-INT-02,owlrl,1,cloud
8.033562,Cloud,replicated,P-MODEL-04,owlrl,1,cloud
11.866140333333334,Cloud,replicated,P-NODE-01,owlrl,1,cloud
17.281806500000002,Cloud,replicated,P-NODE-02,owlrl,1,cloud
20.459918,Cloud,replicated,P-VAL-07,owlrl,1,cloud
7.946336,Cloud,replicated,P-AUD-05,owlrl,1,cloud
3.495733,Cloud,replicated,P-NODE-05,owlrl,1,cloud
25.012823,Cloud,replicated,P-GOV-05,owlrl,1,cloud
30.712980666666667,Cloud,replicated,P-AUD-02,owlrl,1,cloud
4.480961,Cloud,replicated,P-MODEL-08,owlrl,1,cloud
4.800282,Cloud,replicated,P-ADAPT-04,owlrl,1,cloud
4.800282,Cloud,replicated,P-ADAPT-07,owlrl,1,cloud
32.728802,Cloud,replicated,P-VAL-08,owlrl,1,cloud
2.798695,Cloud,replicated,P-MODEL-07,owlrl,1,cloud
17.940265,Cloud,replicated,P-DATA-10,owlrl,1,cloud
3.4234495,Cloud,replicated,P-ZONE-02,owlrl,1,cloud
3.4234495,Cloud,replicated,P-DATA-07,owlrl,1,cloud
121.876046,Cloud,replicated,P-VAL-06,owlrl,1,cloud
5.754025,Cloud,replicated,P-FL-08,owlrl,1,cloud
1.6220036666666668,Cloud,replicated,P-AUD-01,owlrl,1,cloud
1.6220036666666668,Cloud,replicated,P-AUD-03,owlrl,1,cloud
4.295199,Cloud,replicated,P-DATA-08,owlrl,1,cloud
18.042045,Cloud,replicated,P-DATA-09,owlrl,1,cloud
1.5008005,Cloud,replicated,P-ADAPT-01,owlrl,1,cloud
25.9940385,Cloud,replicated,P-CONS-01,owlrl,1,cloud
3.651416,Cloud,replicated,P-ADAPT-05,owlrl,1,cloud
3.5758460000000003,Cloud,replicated,P-ADAPT-06,owlrl,1,cloud
4.042825,Cloud,replicated,P-GOV-01,owlrl,1,cloud
2.714442,Cloud,replicated,P-OPS-02,owlrl,1,cloud
2.7599653333333336,Cloud,replicated,P-NODE-03,owlrl,1,cloud
2.7599653333333336,Cloud,replicated,P-OPS-05,owlrl,1,cloud
3.0815755,Cloud,replicated,P-FL-01,owlrl,1,cloud
1.3990445,Cloud,replicated,P-FL-05,owlrl,1,cloud
1.3990445,Cloud,replicated,P-FL-07,owlrl,1,cloud
16.767631,Cloud,replicated,P-CONS-02,owlrl,1,cloud
46.553722,Fog,replicated,P-DATA-02,owlrl,1,fog
17.638602,Fog,replicated,P-NODE-02,owlrl,1,fog
17.638602,Fog,replicated,P-NODE-05,owlrl,1,fog
44.861416500000004,Fog,replicated,P-CONS-04,owlrl,1,fog
14.342361,Fog,replicated,P-GOV-03,owlrl,1,fog
8.5761665,Fog,replicated,P-ZONE-02,owlrl,1,fog
8.5761665,Fog,replicated,P-DATA-07,owlrl,1,fog
212.920981,Fog,replicated,P-GOV-05,owlrl,1,fog
28.089537,Fog,replicated,P-MODEL-04,owlrl,1,fog
31.697982,Fog,replicated,P-NODE-03,owlrl,1,fog
5.429407333333334,Fog,replicated,P-ADAPT-02,owlrl,1,fog
5.429407333333334,Fog,replicated,P-AUD-01,owlrl,1,fog
5.429407333333334,Fog,replicated,P-AUD-05,owlrl,1,fog
69.4836855,Fog,replicated,P-GOV-01,owlrl,1,fog
69.4836855,Fog,replicated,P-GOV-04,owlrl,1,fog
15.713546,Fog,replicated,P-MODEL-08,owlrl,1,fog
15.713546,Fog,replicated,P-OPS-05,owlrl,1,fog
18.284055,Fog,replicated,P-DATA-08,owlrl,1,fog
36.5130095,Fog,replicated,P-ADAPT-06,owlrl,1,fog
36.5130095,Fog,replicated,P-AUD-06,owlrl,1,fog
10.794343,Fog,replicated,P-FL-08,owlrl,1,fog
10.794343,Fog,replicated,P-MODEL-01,owlrl,1,fog
30.5190555,Fog,replicated,P-DATA-04,owlrl,1,fog
8.560722333333333,Fog,replicated,P-FL-01,owlrl,1,fog
8.560722333333333,Fog,replicated,P-FL-06,owlrl,1,fog
8.560722333333333,Fog,replicated,P-FL-07,owlrl,1,fog
198.403537,Edge,replicated,P-AUD-06,owlrl,1,edge1
11.793925999999999,Edge,replicated,P-DATA-04,owlrl,1,edge1
11.793925999999999,Edge,replicated,P-DATA-06,owlrl,1,edge1
11.793925999999999,Edge,replicated,P-DATA-07,owlrl,1,edge1
8.9895275,Edge,replicated,P-CONS-01,owlrl,1,edge1
16.7533145,Edge,replicated,P-CONS-04,owlrl,1,edge1
19.777241,Edge,replicated,P-INT-01,owlrl,1,edge1
16.432370333333335,Edge,replicated,P-VAL-03,owlrl,1,edge1
16.432370333333335,Edge,replicated,P-VAL-04,owlrl,1,edge1
16.432370333333335,Edge,replicated,P-VAL-07,owlrl,1,edge1
6.769537,Edge,replicated,P-NODE-02,owlrl,1,edge1
6.769537,Edge,replicated,P-NODE-05,owlrl,1,edge1
6.769537,Edge,replicated,P-MODEL-03,owlrl,1,edge1
7.763787,Edge,replicated,P-ZONE-03,owlrl,1,edge1
34.589741,Edge,replicated,P-GOV-03,owlrl,1,edge1
51.522389,Edge,replicated,P-MODEL-05,owlrl,1,edge1
5.5903885,Edge,replicated,P-DATA-03,owlrl,1,edge1
5.5903885,Edge,replicated,P-DATA-05,owlrl,1,edge1
12.0701295,Edge,replicated,P-ADAPT-06,owlrl,1,edge1
12.0701295,Edge,replicated,P-FL-08,owlrl,1,edge1
20.562944,Edge,replicated,P-VAL-06,owlrl,1,edge1
15.1911945,Edge,replicated,P-CONS-02,owlrl,1,edge1
15.1911945,Edge,replicated,P-CONS-03,owlrl,1,edge1
10.973296,Edge,replicated,P-ZONE-01,owlrl,1,edge1
36.603111999999996,Edge,replicated,P-DATA-02,owlrl,1,edge2
38.1008975,Edge,replicated,P-OPS-05,owlrl,1,edge2
85.1912685,Edge,replicated,P-NODE-03,owlrl,1,edge2
85.1912685,Edge,replicated,P-NODE-04,owlrl,1,edge2
31.309065,Edge,replicated,P-AUD-05,owlrl,1,edge2
31.309065,Edge,replicated,P-AUD-07,owlrl,1,edge2
67.12013,Edge,replicated,P-VAL-03,owlrl,1,edge2
19.776722333333332,Edge,replicated,P-CONS-01,owlrl,1,edge2
9.216037,Edge,replicated,P-DATA-05,owlrl,1,edge2
9.216037,Edge,replicated,P-DATA-07,owlrl,1,edge2
26.600519,Edge,replicated,P-ADAPT-05,owlrl,1,edge2
26.53325,Edge,replicated,P-GOV-01,owlrl,1,edge2
26.53325,Edge,replicated,P-GOV-04,owlrl,1,edge2
3.8841483333333335,Edge,replicated,P-CONS-04,owlrl,1,edge2
3.8841483333333335,Edge,replicated,P-MODEL-06,owlrl,1,edge2
9.737432,Edge,replicated,P-FL-02,owlrl,1,edge2
9.737432,Edge,replicated,P-FL-04,owlrl,1,edge2
9.737432,Edge,replicated,P-FL-07,owlrl,1,edge2
46.915611,Edge,replicated,P-GOV-03,owlrl,1,edge2
14.9758795,Edge,replicated,P-CONS-02,owlrl,1,edge2
14.9758795,Edge,replicated,P-CONS-03,owlrl,1,edge2
14.2797685,Edge,replicated,P-GOV-05,owlrl,1,edge2
122.169875,Edge,replicated,P-AUD-07,owlrl,1,edge3
18.4289305,Edge,replicated,P-NODE-01,owlrl,1,edge3
18.4289305,Edge,replicated,P-NODE-02,owlrl,1,edge3
17.6588,Edge,replicated,P-CONS-02,owlrl,1,edge3
17.6588,Edge,replicated,P-CONS-03,owlrl,1,edge3
12.4001825,Edge,replicated,P-FL-03,owlrl,1,edge3
12.4001825,Edge,replicated,P-FL-05,owlrl,1,edge3
20.514544,Edge,replicated,P-OPS-01,owlrl,1,edge3
14.0820175,Edge,replicated,P-VAL-03,owlrl,1,edge3
52.21093566666667,Edge,replicated,P-MODEL-01,owlrl,1,edge3
85.28231066666667,Edge,replicated,P-MODEL-05,owlrl,1,edge3
59.14706466666667,Edge,replicated,P-AUD-06,owlrl,1,edge3
6.936129,Edge,replicated,P-CONS-04,owlrl,1,edge3
21.078527,Edge,replicated,P-ZONE-01,owlrl,1,edge3
56.247941,Edge,replicated,P-VAL-06,owlrl,1,edge3
9.261246,Edge,replicated,P-DATA-02,owlrl,1,edge3
9.261246,Edge,replicated,P-DATA-03,owlrl,1,edge3
9.261246,Edge,replicated,P-DATA-10,owlrl,1,edge3
6.4325265,Edge,replicated,P-AUD-04,owlrl,1,edge3
14.544574,Edge,replicated,P-VAL-01,owlrl,1,edge3
14.544574,Edge,replicated,P-VAL-04,owlrl,1,edge3
18.545597,Edge,replicated,P-FL-08,owlrl,1,edge3
10.9922635,Edge,replicated,P-OPS-02,owlrl,1,edge3
10.9922635,Edge,replicated,P-OPS-03,owlrl,1,edge3
7.336749666666667,Edge,replicated,P-ADAPT-02,owlrl,1,edge3
7.336749666666667,Edge,replicated,P-ADAPT-03,owlrl,1,edge3
7.336749666666667,Edge,replicated,P-ADAPT-06,owlrl,1,edge3
13.237549000000001,Cloud,replicated,P-DATA-01,owlrl,2,cloud
43.00444066666667,Cloud,replicated,P-ZONE-01,owlrl,2,cloud
3.7442225,Cloud,replicated,P-AUD-06,owlrl,2,cloud
12.1018665,Cloud,replicated,P-MODEL-05,owlrl,2,cloud
46.88745166666667,Cloud,replicated,P-CONS-04,owlrl,2,cloud
5.073031,Cloud,replicated,P-FL-02,owlrl,2,cloud
5.33019925,Cloud,replicated,P-FL-03,owlrl,2,cloud
6.207729,Cloud,replicated,P-DATA-02,owlrl,2,cloud
3.281684,Cloud,replicated,P-MODEL-01,owlrl,2,cloud
21.823638,Cloud,replicated,P-GOV-03,owlrl,2,cloud
6.100128,Cloud,replicated,P-FL-04,owlrl,2,cloud
6.79624,Cloud,replicated,P-DATA-03,owlrl,2,cloud
3.130468,Cloud,replicated,P-MODEL-02,owlrl,2,cloud
5.985322,Cloud,replicated,P-MODEL-03,owlrl,2,cloud
9.059379,Cloud,replicated,P-CONS-05,owlrl,2,cloud
5.403453,Cloud,replicated,P-INT-02,owlrl,2,cloud
6.148507,Cloud,replicated,P-MODEL-04,owlrl,2,cloud
7.349929333333333,Cloud,replicated,P-NODE-01,owlrl,2,cloud
9.5671635,Cloud,replicated,P-NODE-02,owlrl,2,cloud
20.179637,Cloud,replicated,P-VAL-07,owlrl,2,cloud
6.996522,Cloud,replicated,P-AUD-05,owlrl,2,cloud
2.854854,Cloud,replicated,P-NODE-05,owlrl,2,cloud
24.575229,Cloud,replicated,P-GOV-05,owlrl,2,cloud
30.342201333333335,Cloud,replicated,P-AUD-02,owlrl,2,cloud
4.714673,Cloud,replicated,P-MODEL-08,owlrl,2,cloud
4.901439,Cloud,replicated,P-ADAPT-04,owlrl,2,cloud
4.901439,Cloud,replicated,P-ADAPT-07,owlrl,2,cloud
32.451627,Cloud,replicated,P-VAL-08,owlrl,2,cloud
24.517003666666668,Cloud,replicated,P-MODEL-07,owlrl,2,cloud
17.460679,Cloud,replicated,P-DATA-10,owlrl,2,cloud
3.169159,Cloud,replicated,P-ZONE-02,owlrl,2,cloud
3.169159,Cloud,replicated,P-DATA-07,owlrl,2,cloud
69.648676,Cloud,replicated,P-VAL-06,owlrl,2,cloud
5.911084,Cloud,replicated,P-FL-08,owlrl,2,cloud
1.6902913333333334,Cloud,replicated,P-AUD-01,owlrl,2,cloud
1.6902913333333334,Cloud,replicated,P-AUD-03,owlrl,2,cloud
4.443431,Cloud,replicated,P-DATA-08,owlrl,2,cloud
26.912381,Cloud,replicated,P-DATA-09,owlrl,2,cloud
1.4921065,Cloud,replicated,P-ADAPT-01,owlrl,2,cloud
18.794579,Cloud,replicated,P-CONS-01,owlrl,2,cloud
4.4326155,Cloud,replicated,P-ADAPT-05,owlrl,2,cloud
3.6549755,Cloud,replicated,P-ADAPT-06,owlrl,2,cloud
3.485634,Cloud,replicated,P-GOV-01,owlrl,2,cloud
2.805013,Cloud,replicated,P-OPS-02,owlrl,2,cloud
3.0044413333333337,Cloud,replicated,P-NODE-03,owlrl,2,cloud
3.0044413333333337,Cloud,replicated,P-OPS-05,owlrl,2,cloud
3.51017225,Cloud,replicated,P-FL-01,owlrl,2,cloud
1.74252725,Cloud,replicated,P-FL-05,owlrl,2,cloud
1.74252725,Cloud,replicated,P-FL-07,owlrl,2,cloud
22.65566,Cloud,replicated,P-CONS-02,owlrl,2,cloud
47.585574,Fog,replicated,P-DATA-02,owlrl,2,fog
71.2244165,Fog,replicated,P-NODE-02,owlrl,2,fog
71.2244165,Fog,replicated,P-NODE-05,owlrl,2,fog
44.986129500000004,Fog,replicated,P-CONS-04,owlrl,2,fog
14.187935,Fog,replicated,P-GOV-03,owlrl,2,fog
8.845704,Fog,replicated,P-ZONE-02,owlrl,2,fog
8.845704,Fog,replicated,P-DATA-07,owlrl,2,fog
213.430814,Fog,replicated,P-GOV-05,owlrl,2,fog
28.244667,Fog,replicated,P-MODEL-04,owlrl,2,fog
31.729926,Fog,replicated,P-NODE-03,owlrl,2,fog
5.435055666666667,Fog,replicated,P-ADAPT-02,owlrl,2,fog
5.435055666666667,Fog,replicated,P-AUD-01,owlrl,2,fog
5.435055666666667,Fog,replicated,P-AUD-05,owlrl,2,fog
69.647787,Fog,replicated,P-GOV-01,owlrl,2,fog
69.647787,Fog,replicated,P-GOV-04,owlrl,2,fog
15.6180925,Fog,replicated,P-MODEL-08,owlrl,2,fog
15.6180925,Fog,replicated,P-OPS-05,owlrl,2,fog
18.079296,Fog,replicated,P-DATA-08,owlrl,2,fog
36.4615835,Fog,replicated,P-ADAPT-06,owlrl,2,fog
36.4615835,Fog,replicated,P-AUD-06,owlrl,2,fog
10.7024905,Fog,replicated,P-FL-08,owlrl,2,fog
10.7024905,Fog,replicated,P-MODEL-01,owlrl,2,fog
30.7981945,Fog,replicated,P-DATA-04,owlrl,2,fog
8.515907333333333,Fog,replicated,P-FL-01,owlrl,2,fog
8.515907333333333,Fog,replicated,P-FL-06,owlrl,2,fog
8.515907333333333,Fog,replicated,P-FL-07,owlrl,2,fog
86.038315,Edge,replicated,P-AUD-06,owlrl,2,edge1
11.807006333333334,Edge,replicated,P-DATA-04,owlrl,2,edge1
11.807006333333334,Edge,replicated,P-DATA-06,owlrl,2,edge1
11.807006333333334,Edge,replicated,P-DATA-07,owlrl,2,edge1
9.011213,Edge,replicated,P-CONS-01,owlrl,2,edge1
16.632167,Edge,replicated,P-CONS-04,owlrl,2,edge1
20.179407,Edge,replicated,P-INT-01,owlrl,2,edge1
16.302666666666667,Edge,replicated,P-VAL-03,owlrl,2,edge1
16.302666666666667,Edge,replicated,P-VAL-04,owlrl,2,edge1
16.302666666666667,Edge,replicated,P-VAL-07,owlrl,2,edge1
6.8882346666666665,Edge,replicated,P-NODE-02,owlrl,2,edge1
6.8882346666666665,Edge,replicated,P-NODE-05,owlrl,2,edge1
6.8882346666666665,Edge,replicated,P-MODEL-03,owlrl,2,edge1
7.620954,Edge,replicated,P-ZONE-03,owlrl,2,edge1
34.609019,Edge,replicated,P-GOV-03,owlrl,2,edge1
51.79924,Edge,replicated,P-MODEL-05,owlrl,2,edge1
5.5196945,Edge,replicated,P-DATA-03,owlrl,2,edge1
5.5196945,Edge,replicated,P-DATA-05,owlrl,2,edge1
12.1287595,Edge,replicated,P-ADAPT-06,owlrl,2,edge1
12.1287595,Edge,replicated,P-FL-08,owlrl,2,edge1
20.577333,Edge,replicated,P-VAL-06,owlrl,2,edge1
15.258611,Edge,replicated,P-CONS-02,owlrl,2,edge1
15.258611,Edge,replicated,P-CONS-03,owlrl,2,edge1
10.976815,Edge,replicated,P-ZONE-01,owlrl,2,edge1
35.5913795,Edge,replicated,P-DATA-02,owlrl,2,edge2
39.0614075,Edge,replicated,P-OPS-05,owlrl,2,edge2
14.0428425,Edge,replicated,P-NODE-03,owlrl,2,edge2
14.0428425,Edge,replicated,P-NODE-04,owlrl,2,edge2
31.0712315,Edge,replicated,P-AUD-05,owlrl,2,edge2
31.0712315,Edge,replicated,P-AUD-07,owlrl,2,edge2
66.770259,Edge,replicated,P-VAL-03,owlrl,2,edge2
19.835860833333335,Edge,replicated,P-CONS-01,owlrl,2,edge2
9.181111,Edge,replicated,P-DATA-05,owlrl,2,edge2
9.181111,Edge,replicated,P-DATA-07,owlrl,2,edge2
26.192908,Edge,replicated,P-ADAPT-05,owlrl,2,edge2
98.0498055,Edge,replicated,P-GOV-01,owlrl,2,edge2
98.0498055,Edge,replicated,P-GOV-04,owlrl,2,edge2
3.8899073333333334,Edge,replicated,P-CONS-04,owlrl,2,edge2
3.8899073333333334,Edge,replicated,P-MODEL-06,owlrl,2,edge2
9.617148,Edge,replicated,P-FL-02,owlrl,2,edge2
9.617148,Edge,replicated,P-FL-04,owlrl,2,edge2
9.617148,Edge,replicated,P-FL-07,owlrl,2,edge2
46.822149,Edge,replicated,P-GOV-03,owlrl,2,edge2
14.9623705,Edge,replicated,P-CONS-02,owlrl,2,edge2
14.9623705,Edge,replicated,P-CONS-03,owlrl,2,edge2
14.2434075,Edge,replicated,P-GOV-05,owlrl,2,edge2
121.924022,Edge,replicated,P-AUD-07,owlrl,2,edge3
18.4572545,Edge,replicated,P-NODE-01,owlrl,2,edge3
18.4572545,Edge,replicated,P-NODE-02,owlrl,2,edge3
17.580337,Edge,replicated,P-CONS-02,owlrl,2,edge3
17.580337,Edge,replicated,P-CONS-03,owlrl,2,edge3
12.318867,Edge,replicated,P-FL-03,owlrl,2,edge3
12.318867,Edge,replicated,P-FL-05,owlrl,2,edge3
18.6360325,Edge,replicated,P-OPS-01,owlrl,2,edge3
12.3460525,Edge,replicated,P-VAL-03,owlrl,2,edge3
11.396878666666666,Edge,replicated,P-MODEL-01,owlrl,2,edge3
44.073456666666665,Edge,replicated,P-MODEL-05,owlrl,2,edge3
17.816618166666665,Edge,replicated,P-AUD-06,owlrl,2,edge3
6.4197395,Edge,replicated,P-CONS-04,owlrl,2,edge3
20.437525,Edge,replicated,P-ZONE-01,owlrl,2,edge3
55.58107,Edge,replicated,P-VAL-06,owlrl,2,edge3
8.620788666666668,Edge,replicated,P-DATA-02,owlrl,2,edge3
8.620788666666668,Edge,replicated,P-DATA-03,owlrl,2,edge3
8.620788666666668,Edge,replicated,P-DATA-10,owlrl,2,edge3
6.28998,Edge,replicated,P-AUD-04,owlrl,2,edge3
14.6697865,Edge,replicated,P-VAL-01,owlrl,2,edge3
14.6697865,Edge,replicated,P-VAL-04,owlrl,2,edge3
18.612931,Edge,replicated,P-FL-08,owlrl,2,edge3
11.0672455,Edge,replicated,P-OPS-02,owlrl,2,edge3
11.0672455,Edge,replicated,P-OPS-03,owlrl,2,edge3
7.3330400000000004,Edge,replicated,P-ADAPT-02,owlrl,2,edge3
7.3330400000000004,Edge,replicated,P-ADAPT-03,owlrl,2,edge3
7.3330400000000004,Edge,replicated,P-ADAPT-06,owlrl,2,edge3
24.9764025,Cloud,replicated,P-DATA-01,owlrl,3,cloud
37.36310433333333,Cloud,replicated,P-ZONE-01,owlrl,3,cloud
3.8673715,Cloud,replicated,P-AUD-06,owlrl,3,cloud
39.0827725,Cloud,replicated,P-MODEL-05,owlrl,3,cloud
21.946862833333334,Cloud,replicated,P-CONS-04,owlrl,3,cloud
5.088806,Cloud,replicated,P-FL-02,owlrl,3,cloud
23.70584875,Cloud,replicated,P-FL-03,owlrl,3,cloud
6.161729,Cloud,replicated,P-DATA-02,owlrl,3,cloud
3.268147,Cloud,replicated,P-MODEL-01,owlrl,3,cloud
26.6016195,Cloud,replicated,P-GOV-03,owlrl,3,cloud
12.569445,Cloud,replicated,P-FL-04,owlrl,3,cloud
22.116730999999998,Cloud,replicated,P-DATA-03,owlrl,3,cloud
4.063558,Cloud,replicated,P-MODEL-02,owlrl,3,cloud
7.780330999999999,Cloud,replicated,P-MODEL-03,owlrl,3,cloud
13.106529,Cloud,replicated,P-CONS-05,owlrl,3,cloud
7.056813,Cloud,replicated,P-INT-02,owlrl,3,cloud
8.200134,Cloud,replicated,P-MODEL-04,owlrl,3,cloud
7.4684523333333335,Cloud,replicated,P-NODE-01,owlrl,3,cloud
10.587045,Cloud,replicated,P-NODE-02,owlrl,3,cloud
23.265936,Cloud,replicated,P-VAL-07,owlrl,3,cloud
8.066054,Cloud,replicated,P-AUD-05,owlrl,3,cloud
3.716773,Cloud,replicated,P-NODE-05,owlrl,3,cloud
23.3082755,Cloud,replicated,P-GOV-05,owlrl,3,cloud
29.47302283333333,Cloud,replicated,P-AUD-02,owlrl,3,cloud
4.730151,Cloud,replicated,P-MODEL-08,owlrl,3,cloud
4.9313695,Cloud,replicated,P-ADAPT-04,owlrl,3,cloud
4.9313695,Cloud,replicated,P-ADAPT-07,owlrl,3,cloud
48.148763,Cloud,replicated,P-VAL-08,owlrl,3,cloud
2.937934333333333,Cloud,replicated,P-MODEL-07,owlrl,3,cloud
17.964458,Cloud,replicated,P-DATA-10,owlrl,3,cloud
3.185741,Cloud,replicated,P-ZONE-02,owlrl,3,cloud
3.185741,Cloud,replicated,P-DATA-07,owlrl,3,cloud
70.358478,Cloud,replicated,P-VAL-06,owlrl,3,cloud
6.110394,Cloud,replicated,P-FL-08,owlrl,3,cloud
1.7923333333333333,Cloud,replicated,P-AUD-01,owlrl,3,cloud
1.7923333333333333,Cloud,replicated,P-AUD-03,owlrl,3,cloud
4.315609,Cloud,replicated,P-DATA-08,owlrl,3,cloud
3.871876,Cloud,replicated,P-DATA-09,owlrl,3,cloud
1.557541,Cloud,replicated,P-ADAPT-01,owlrl,3,cloud
14.3155685,Cloud,replicated,P-CONS-01,owlrl,3,cloud
3.7494035,Cloud,replicated,P-ADAPT-05,owlrl,3,cloud
3.7922275,Cloud,replicated,P-ADAPT-06,owlrl,3,cloud
3.44819,Cloud,replicated,P-GOV-01,owlrl,3,cloud
3.216429,Cloud,replicated,P-OPS-02,owlrl,3,cloud
2.5366483333333334,Cloud,replicated,P-NODE-03,owlrl,3,cloud
2.5366483333333334,Cloud,replicated,P-OPS-05,owlrl,3,cloud
21.73633875,Cloud,replicated,P-FL-01,owlrl,3,cloud
20.07093275,Cloud,replicated,P-FL-05,owlrl,3,cloud
20.07093275,Cloud,replicated,P-FL-07,owlrl,3,cloud
11.621264,Cloud,replicated,P-CONS-02,owlrl,3,cloud
47.372093,Fog,replicated,P-DATA-02,owlrl,3,fog
17.2683245,Fog,replicated,P-NODE-02,owlrl,3,fog
17.2683245,Fog,replicated,P-NODE-05,owlrl,3,fog
45.315749499999995,Fog,replicated,P-CONS-04,owlrl,3,fog
14.4003145,Fog,replicated,P-GOV-03,owlrl,3,fog
8.605259,Fog,replicated,P-ZONE-02,owlrl,3,fog
8.605259,Fog,replicated,P-DATA-07,owlrl,3,fog
318.986685,Fog,replicated,P-GOV-05,owlrl,3,fog
28.502463,Fog,replicated,P-MODEL-04,owlrl,3,fog
31.268704,Fog,replicated,P-NODE-03,owlrl,3,fog
5.558784,Fog,replicated,P-ADAPT-02,owlrl,3,fog
5.558784,Fog,replicated,P-AUD-01,owlrl,3,fog
5.558784,Fog,replicated,P-AUD-05,owlrl,3,fog
69.133287,Fog,replicated,P-GOV-01,owlrl,3,fog
69.133287,Fog,replicated,P-GOV-04,owlrl,3,fog
15.440472,Fog,replicated,P-MODEL-08,owlrl,3,fog
15.440472,Fog,replicated,P-OPS-05,owlrl,3,fog
18.593315,Fog,replicated,P-DATA-08,owlrl,3,fog
36.0545,Fog,replicated,P-ADAPT-06,owlrl,3,fog
36.0545,Fog,replicated,P-AUD-06,owlrl,3,fog
10.8935645,Fog,replicated,P-FL-08,owlrl,3,fog
10.8935645,Fog,replicated,P-MODEL-01,owlrl,3,fog
30.915435,Fog,replicated,P-DATA-04,owlrl,3,fog
8.376574,Fog,replicated,P-FL-01,owlrl,3,fog
8.376574,Fog,replicated,P-FL-06,owlrl,3,fog
8.376574,Fog,replicated,P-FL-07,owlrl,3,fog
86.049259,Edge,replicated,P-AUD-06,owlrl,3,edge1
11.788469,Edge,replicated,P-DATA-04,owlrl,3,edge1
11.788469,Edge,replicated,P-DATA-06,owlrl,3,edge1
11.788469,Edge,replicated,P-DATA-07,owlrl,3,edge1
8.9865835,Edge,replicated,P-CONS-01,owlrl,3,edge1
16.586602,Edge,replicated,P-CONS-04,owlrl,3,edge1
20.256149,Edge,replicated,P-INT-01,owlrl,3,edge1
16.31979,Edge,replicated,P-VAL-03,owlrl,3,edge1
16.31979,Edge,replicated,P-VAL-04,owlrl,3,edge1
16.31979,Edge,replicated,P-VAL-07,owlrl,3,edge1
6.901969,Edge,replicated,P-NODE-02,owlrl,3,edge1
6.901969,Edge,replicated,P-NODE-05,owlrl,3,edge1
6.901969,Edge,replicated,P-MODEL-03,owlrl,3,edge1
7.6000185,Edge,replicated,P-ZONE-03,owlrl,3,edge1
34.629704,Edge,replicated,P-GOV-03,owlrl,3,edge1
51.643166,Edge,replicated,P-MODEL-05,owlrl,3,edge1
5.724296,Edge,replicated,P-DATA-03,owlrl,3,edge1
5.724296,Edge,replicated,P-DATA-05,owlrl,3,edge1
11.81525,Edge,replicated,P-ADAPT-06,owlrl,3,edge1
11.81525,Edge,replicated,P-FL-08,owlrl,3,edge1
20.693018,Edge,replicated,P-VAL-06,owlrl,3,edge1
15.268,Edge,replicated,P-CONS-02,owlrl,3,edge1
15.268,Edge,replicated,P-CONS-03,owlrl,3,edge1
10.938426,Edge,replicated,P-ZONE-01,owlrl,3,edge1
35.495121,Edge,replicated,P-DATA-02,owlrl,3,edge2
38.748074,Edge,replicated,P-OPS-05,owlrl,3,edge2
14.052046,Edge,replicated,P-NODE-03,owlrl,3,edge2
14.052046,Edge,replicated,P-NODE-04,owlrl,3,edge2
31.0222685,Edge,replicated,P-AUD-05,owlrl,3,edge2
31.0222685,Edge,replicated,P-AUD-07,owlrl,3,edge2
66.878611,Edge,replicated,P-VAL-03,owlrl,3,edge2
19.666194666666666,Edge,replicated,P-CONS-01,owlrl,3,edge2
8.9382775,Edge,replicated,P-DATA-05,owlrl,3,edge2
8.9382775,Edge,replicated,P-DATA-07,owlrl,3,edge2
26.464889,Edge,replicated,P-ADAPT-05,owlrl,3,edge2
26.6679075,Edge,replicated,P-GOV-01,owlrl,3,edge2
26.6679075,Edge,replicated,P-GOV-04,owlrl,3,edge2
3.848629666666667,Edge,replicated,P-CONS-04,owlrl,3,edge2
3.848629666666667,Edge,replicated,P-MODEL-06,owlrl,3,edge2
9.424654333333333,Edge,replicated,P-FL-02,owlrl,3,edge2
9.424654333333333,Edge,replicated,P-FL-04,owlrl,3,edge2
9.424654333333333,Edge,replicated,P-FL-07,owlrl,3,edge2
47.302852,Edge,replicated,P-GOV-03,owlrl,3,edge2
14.719583,Edge,replicated,P-CONS-02,owlrl,3,edge2
14.719583,Edge,replicated,P-CONS-03,owlrl,3,edge2
14.447593,Edge,replicated,P-GOV-05,owlrl,3,edge2
122.006153,Edge,replicated,P-AUD-07,owlrl,3,edge3
18.416097,Edge,replicated,P-NODE-01,owlrl,3,edge3
18.416097,Edge,replicated,P-NODE-02,owlrl,3,edge3
17.627087,Edge,replicated,P-CONS-02,owlrl,3,edge3
17.627087,Edge,replicated,P-CONS-03,owlrl,3,edge3
12.2653485,Edge,replicated,P-FL-03,owlrl,3,edge3
12.2653485,Edge,replicated,P-FL-05,owlrl,3,edge3
18.7054215,Edge,replicated,P-OPS-01,owlrl,3,edge3
12.4440985,Edge,replicated,P-VAL-03,owlrl,3,edge3
11.313532666666667,Edge,replicated,P-MODEL-01,owlrl,3,edge3
43.85740666666667,Edge,replicated,P-MODEL-05,owlrl,3,edge3
17.912754166666666,Edge,replicated,P-AUD-06,owlrl,3,edge3
6.5992215,Edge,replicated,P-CONS-04,owlrl,3,edge3
20.508229,Edge,replicated,P-ZONE-01,owlrl,3,edge3
55.390532,Edge,replicated,P-VAL-06,owlrl,3,edge3
8.59577,Edge,replicated,P-DATA-02,owlrl,3,edge3
8.59577,Edge,replicated,P-DATA-03,owlrl,3,edge3
8.59577,Edge,replicated,P-DATA-10,owlrl,3,edge3
6.261323,Edge,replicated,P-AUD-04,owlrl,3,edge3
14.62862,Edge,replicated,P-VAL-01,owlrl,3,edge3
14.62862,Edge,replicated,P-VAL-04,owlrl,3,edge3
18.47382,Edge,replicated,P-FL-08,owlrl,3,edge3
10.958884,Edge,replicated,P-OPS-02,owlrl,3,edge3
10.958884,Edge,replicated,P-OPS-03,owlrl,3,edge3
7.4595340000000006,Edge,replicated,P-ADAPT-02,owlrl,3,edge3
7.4595340000000006,Edge,replicated,P-ADAPT-03,owlrl,3,edge3
7.4595340000000006,Edge,replicated,P-ADAPT-06,owlrl,3,edge3
25.6568315,Cloud,replicated,P-DATA-01,rdfs_owlrl,1,cloud
38.03492083333334,Cloud,replicated,P-ZONE-01,rdfs_owlrl,1,cloud
1.706368,Cloud,replicated,P-NODE-01,rdfs_owlrl,1,cloud
78.70939899999999,Cloud,replicated,P-VAL-06,rdfs_owlrl,1,cloud
9.2379385,Cloud,replicated,P-FL-08,rdfs_owlrl,1,cloud
22.727262,Cloud,replicated,P-DATA-02,rdfs_owlrl,1,cloud
8.333784,Cloud,replicated,P-OPS-05,rdfs_owlrl,1,cloud
1.889088,Cloud,replicated,P-DATA-03,rdfs_owlrl,1,cloud
19.904479000000002,Cloud,replicated,P-DATA-10,rdfs_owlrl,1,cloud
3.3405,Cloud,replicated,P-GOV-05,rdfs_owlrl,1,cloud
9.0955195,Cloud,replicated,P-CONS-02,rdfs_owlrl,1,cloud
9.0955195,Cloud,replicated,P-CONS-03,rdfs_owlrl,1,cloud
49.852197333333336,Cloud,replicated,P-CONS-04,rdfs_owlrl,1,cloud
7.0534565,Cloud,replicated,P-DATA-04,rdfs_owlrl,1,cloud
30.966352,Cloud,replicated,P-GOV-03,rdfs_owlrl,1,cloud
9.557844333333334,Cloud,replicated,P-AUD-05,rdfs_owlrl,1,cloud
9.225331,Cloud,replicated,P-CONS-01,rdfs_owlrl,1,cloud
5.61209,Cloud,replicated,P-DATA-08,rdfs_owlrl,1,cloud
4.1357545,Cloud,replicated,P-ZONE-02,rdfs_owlrl,1,cloud
4.1357545,Cloud,replicated,P-DATA-07,rdfs_owlrl,1,cloud
14.371072333333334,Cloud,replicated,P-NODE-02,rdfs_owlrl,1,cloud
5.892896333333333,Cloud,replicated,P-NODE-05,rdfs_owlrl,1,cloud
1.7742903333333333,Cloud,replicated,P-MODEL-03,rdfs_owlrl,1,cloud
5.684255,Cloud,replicated,P-MODEL-01,rdfs_owlrl,1,cloud
1.5505313333333335,Cloud,replicated,P-ADAPT-02,rdfs_owlrl,1,cloud
1.5505313333333335,Cloud,replicated,P-AUD-01,rdfs_owlrl,1,cloud
1.3151605,Cloud,replicated,P-AUD-04,rdfs_owlrl,1,cloud
3.9971059999999996,Cloud,replicated,P-OPS-01,rdfs_owlrl,1,cloud
78.8962925,Cloud,replicated,P-VAL-03,rdfs_owlrl,1,cloud
17.649023,Cloud,replicated,P-AUD-06,rdfs_owlrl,1,cloud
42.361369499999995,Cloud,replicated,P-MODEL-05,rdfs_owlrl,1,cloud
1.640346,Cloud,replicated,P-ADAPT-01,rdfs_owlrl,1,cloud
7.2094775,Cloud,replicated,P-ADAPT-05,rdfs_owlrl,1,cloud
4.095185,Cloud,replicated,P-ADAPT-06,rdfs_owlrl,1,cloud
3.033113,Cloud,replicated,P-VAL-04,rdfs_owlrl,1,cloud
3.033113,Cloud,replicated,P-VAL-07,rdfs_owlrl,1,cloud
11.907855000000001,Cloud,replicated,P-MODEL-04,rdfs_owlrl,1,cloud
1.7952296666666667,Cloud,replicated,P-FL-01,rdfs_owlrl,1,cloud
1.7952296666666667,Cloud,replicated,P-FL-06,rdfs_owlrl,1,cloud
1.7952296666666667,Cloud,replicated,P-FL-07,rdfs_owlrl,1,cloud
19.789444,Cloud,replicated,P-GOV-01,rdfs_owlrl,1,cloud
19.789444,Cloud,replicated,P-GOV-04,rdfs_owlrl,1,cloud
5.19307,Cloud,replicated,P-FL-02,rdfs_owlrl,1,cloud
7.838212499999999,Cloud,replicated,P-FL-03,rdfs_owlrl,1,cloud
2.6451425,Cloud,replicated,P-FL-05,rdfs_owlrl,1,cloud
2.9366013333333334,Cloud,replicated,P-MODEL-07,rdfs_owlrl,1,cloud
13.124018,Fog,replicated,P-DATA-03,rdfs_owlrl,1,fog
35.012741,Fog,replicated,P-GOV-03,rdfs_owlrl,1,fog
6.44934725,Fog,replicated,P-FL-01,rdfs_owlrl,1,fog
6.44934725,Fog,replicated,P-FL-03,rdfs_owlrl,1,fog
6.44934725,Fog,replicated,P-FL-05,rdfs_owlrl,1,fog
6.44934725,Fog,replicated,P-FL-07,rdfs_owlrl,1,fog
19.541334,Fog,replicated,P-INT-01,rdfs_owlrl,1,fog
12.9625555,Fog,replicated,P-NODE-01,rdfs_owlrl,1,fog
12.9625555,Fog,replicated,P-NODE-02,rdfs_owlrl,1,fog
11.583845666666667,Fog,replicated,P-DATA-04,rdfs_owlrl,1,fog
11.583845666666667,Fog,replicated,P-DATA-06,rdfs_owlrl,1,fog
81.66335466666666,Fog,replicated,P-DATA-07,rdfs_owlrl,1,fog
28.136352,Fog,replicated,P-FL-04,rdfs_owlrl,1,fog
14.434241,Fog,replicated,P-VAL-07,rdfs_owlrl,1,fog
12.1939535,Fog,replicated,P-MODEL-03,rdfs_owlrl,1,fog
12.1939535,Fog,replicated,P-NODE-05,rdfs_owlrl,1,fog
3.8124876666666663,Fog,replicated,P-CONS-01,rdfs_owlrl,1,fog
3.8124876666666663,Fog,replicated,P-CONS-04,rdfs_owlrl,1,fog
3.8124876666666663,Fog,replicated,P-MODEL-06,rdfs_owlrl,1,fog
70.079509,Fog,replicated,P-DATA-05,rdfs_owlrl,1,fog
34.2660275,Fog,replicated,P-AUD-05,rdfs_owlrl,1,fog
34.2660275,Fog,replicated,P-AUD-07,rdfs_owlrl,1,fog
11.901166,Fog,replicated,P-ZONE-01,rdfs_owlrl,1,fog
14.536574,Fog,replicated,P-CONS-02,rdfs_owlrl,1,fog
14.536574,Fog,replicated,P-CONS-03,rdfs_owlrl,1,fog
22.904093,Fog,replicated,P-INT-02,rdfs_owlrl,1,fog
40.231463,Fog,replicated,P-ADAPT-06,rdfs_owlrl,1,fog
40.231463,Fog,replicated,P-AUD-06,rdfs_owlrl,1,fog
123.027463,Edge,replicated,P-AUD-07,rdfs_owlrl,1,edge1
57.293463,Edge,replicated,P-GOV-03,rdfs_owlrl,1,edge1
66.214407,Edge,replicated,P-VAL-07,rdfs_owlrl,1,edge1
5.141148,Edge,replicated,P-ZONE-01,rdfs_owlrl,1,edge1
5.141148,Edge,replicated,P-DATA-01,rdfs_owlrl,1,edge1
73.571963,Edge,replicated,P-GOV-05,rdfs_owlrl,1,edge1
95.384981,Edge,replicated,P-AUD-02,rdfs_owlrl,1,edge1
15.677777500000001,Edge,replicated,P-CONS-04,rdfs_owlrl,1,edge1
6.7284075,Edge,replicated,P-FL-02,rdfs_owlrl,1,edge1
18.480166,Edge,replicated,P-DATA-08,rdfs_owlrl,1,edge1
23.405046,Edge,replicated,P-ADAPT-04,rdfs_owlrl,1,edge1
23.405046,Edge,replicated,P-ADAPT-07,rdfs_owlrl,1,edge1
8.94937,Edge,replicated,P-CONS-01,rdfs_owlrl,1,edge1
41.336704,Edge,replicated,P-AUD-06,rdfs_owlrl,1,edge1
8.051982,Edge,replicated,P-ADAPT-05,rdfs_owlrl,1,edge1
26.4865095,Edge,replicated,P-GOV-01,rdfs_owlrl,1,edge1
26.4865095,Edge,replicated,P-GOV-04,rdfs_owlrl,1,edge1
6.703333,Edge,replicated,P-FL-01,rdfs_owlrl,1,edge1
15.8623705,Edge,replicated,P-MODEL-08,rdfs_owlrl,1,edge1
15.8623705,Edge,replicated,P-OPS-05,rdfs_owlrl,1,edge1
15.197093,Edge,replicated,P-DATA-03,rdfs_owlrl,1,edge2
55.461741,Edge,replicated,P-VAL-06,rdfs_owlrl,1,edge2
26.065704,Edge,replicated,P-CONS-05,rdfs_owlrl,1,edge2
21.493445,Edge,replicated,P-MODEL-08,rdfs_owlrl,1,edge2
46.077584,Edge,replicated,P-NODE-03,rdfs_owlrl,1,edge2
14.212176,Edge,replicated,P-NODE-04,rdfs_owlrl,1,edge2
18.7941755,Edge,replicated,P-NODE-01,rdfs_owlrl,1,edge2
18.7941755,Edge,replicated,P-NODE-02,rdfs_owlrl,1,edge2
15.061463,Edge,replicated,P-GOV-01,rdfs_owlrl,1,edge2
8.8044535,Edge,replicated,P-ZONE-02,rdfs_owlrl,1,edge2
8.8044535,Edge,replicated,P-DATA-07,rdfs_owlrl,1,edge2
46.086963,Edge,replicated,P-CONS-01,rdfs_owlrl,1,edge2
16.56,Edge,replicated,P-DATA-02,rdfs_owlrl,1,edge2
17.178259,Edge,replicated,P-DATA-09,rdfs_owlrl,1,edge2
8.286006333333333,Edge,replicated,P-AUD-01,rdfs_owlrl,1,edge2
8.286006333333333,Edge,replicated,P-AUD-02,rdfs_owlrl,1,edge2
8.286006333333333,Edge,replicated,P-AUD-03,rdfs_owlrl,1,edge2
15.055556,Edge,replicated,P-OPS-02,rdfs_owlrl,1,edge2
16.7456205,Edge,replicated,P-MODEL-02,rdfs_owlrl,1,edge2
16.7456205,Edge,replicated,P-MODEL-03,rdfs_owlrl,1,edge2
7.597580333333333,Edge,replicated,P-ADAPT-02,rdfs_owlrl,1,edge2
7.597580333333333,Edge,replicated,P-ADAPT-03,rdfs_owlrl,1,edge2
7.597580333333333,Edge,replicated,P-ADAPT-06,rdfs_owlrl,1,edge2
47.29654,Edge,replicated,P-AUD-06,rdfs_owlrl,1,edge3
11.453705666666666,Edge,replicated,P-NODE-01,rdfs_owlrl,1,edge3
11.453705666666666,Edge,replicated,P-NODE-03,rdfs_owlrl,1,edge3
11.453705666666666,Edge,replicated,P-OPS-05,rdfs_owlrl,1,edge3
14.6210645,Edge,replicated,P-VAL-01,rdfs_owlrl,1,edge3
14.6210645,Edge,replicated,P-VAL-04,rdfs_owlrl,1,edge3
30.720428,Edge,replicated,P-FL-08,rdfs_owlrl,1,edge3
213.716138,Edge,replicated,P-GOV-05,rdfs_owlrl,1,edge3
15.967279,Edge,replicated,P-CONS-05,rdfs_owlrl,1,edge3
5.4537385,Edge,replicated,P-DATA-03,rdfs_owlrl,1,edge3
5.4537385,Edge,replicated,P-DATA-05,rdfs_owlrl,1,edge3
7.6865465,Edge,replicated,P-ZONE-03,rdfs_owlrl,1,edge3
7.6865465,Edge,replicated,P-CONS-04,rdfs_owlrl,1,edge3
11.051523,Edge,replicated,P-OPS-02,rdfs_owlrl,1,edge3
11.051523,Edge,replicated,P-OPS-03,rdfs_owlrl,1,edge3
59.181315,Edge,replicated,P-CONS-02,rdfs_owlrl,1,edge3
16.450243,Edge,replicated,P-MODEL-01,rdfs_owlrl,1,edge3
8.548122,Edge,replicated,P-ADAPT-06,rdfs_owlrl,1,edge3
178.683853,Edge,replicated,P-VAL-08,rdfs_owlrl,1,edge3
9.702962666666666,Edge,replicated,P-FL-02,rdfs_owlrl,1,edge3
9.702962666666666,Edge,replicated,P-FL-04,rdfs_owlrl,1,edge3
9.702962666666666,Edge,replicated,P-FL-07,rdfs_owlrl,1,edge3
34.102043,Edge,replicated,P-MODEL-05,rdfs_owlrl,1,edge3
47.135793,Cloud,replicated,P-DATA-01,rdfs_owlrl,2,cloud
70.97970233333334,Cloud,replicated,P-ZONE-01,rdfs_owlrl,2,cloud
1.663029,Cloud,replicated,P-NODE-01,rdfs_owlrl,2,cloud
75.31336900000001,Cloud,replicated,P-VAL-06,rdfs_owlrl,2,cloud
9.5786055,Cloud,replicated,P-FL-08,rdfs_owlrl,2,cloud
32.684728,Cloud,replicated,P-DATA-02,rdfs_owlrl,2,cloud
8.4772885,Cloud,replicated,P-OPS-05,rdfs_owlrl,2,cloud
1.864657,Cloud,replicated,P-DATA-03,rdfs_owlrl,2,cloud
34.159482999999994,Cloud,replicated,P-DATA-10,rdfs_owlrl,2,cloud
3.3764025,Cloud,replicated,P-GOV-05,rdfs_owlrl,2,cloud
8.973883,Cloud,replicated,P-CONS-02,rdfs_owlrl,2,cloud
8.973883,Cloud,replicated,P-CONS-03,rdfs_owlrl,2,cloud
44.913353333333326,Cloud,replicated,P-CONS-04,rdfs_owlrl,2,cloud
8.0545175,Cloud,replicated,P-DATA-04,rdfs_owlrl,2,cloud
24.283544,Cloud,replicated,P-GOV-03,rdfs_owlrl,2,cloud
8.568195333333334,Cloud,replicated,P-AUD-05,rdfs_owlrl,2,cloud
8.4252905,Cloud,replicated,P-CONS-01,rdfs_owlrl,2,cloud
4.554567,Cloud,replicated,P-DATA-08,rdfs_owlrl,2,cloud
3.3220975,Cloud,replicated,P-ZONE-02,rdfs_owlrl,2,cloud
3.3220975,Cloud,replicated,P-DATA-07,rdfs_owlrl,2,cloud
14.2267595,Cloud,replicated,P-NODE-02,rdfs_owlrl,2,cloud
5.6444165,Cloud,replicated,P-NODE-05,rdfs_owlrl,2,cloud
1.7866309999999999,Cloud,replicated,P-MODEL-03,rdfs_owlrl,2,cloud
5.730588833333334,Cloud,replicated,P-MODEL-01,rdfs_owlrl,2,cloud
1.6467903333333334,Cloud,replicated,P-ADAPT-02,rdfs_owlrl,2,cloud
1.6467903333333334,Cloud,replicated,P-AUD-01,rdfs_owlrl,2,cloud
1.285669,Cloud,replicated,P-AUD-04,rdfs_owlrl,2,cloud
4.0293019999999995,Cloud,replicated,P-OPS-01,rdfs_owlrl,2,cloud
24.173116999999998,Cloud,replicated,P-VAL-03,rdfs_owlrl,2,cloud
7.808557333333333,Cloud,replicated,P-AUD-06,rdfs_owlrl,2,cloud
26.724216333333334,Cloud,replicated,P-MODEL-05,rdfs_owlrl,2,cloud
1.607964,Cloud,replicated,P-ADAPT-01,rdfs_owlrl,2,cloud
7.3758075000000005,Cloud,replicated,P-ADAPT-05,rdfs_owlrl,2,cloud
4.3764495,Cloud,replicated,P-ADAPT-06,rdfs_owlrl,2,cloud
3.121641,Cloud,replicated,P-VAL-04,rdfs_owlrl,2,cloud
3.121641,Cloud,replicated,P-VAL-07,rdfs_owlrl,2,cloud
60.560764,Cloud,replicated,P-MODEL-04,rdfs_owlrl,2,cloud
1.8453403333333334,Cloud,replicated,P-FL-01,rdfs_owlrl,2,cloud
1.8453403333333334,Cloud,replicated,P-FL-06,rdfs_owlrl,2,cloud
1.8453403333333334,Cloud,replicated,P-FL-07,rdfs_owlrl,2,cloud
27.4281535,Cloud,replicated,P-GOV-01,rdfs_owlrl,2,cloud
27.4281535,Cloud,replicated,P-GOV-04,rdfs_owlrl,2,cloud
3.4959625,Cloud,replicated,P-FL-02,rdfs_owlrl,2,cloud
6.480153,Cloud,replicated,P-FL-03,rdfs_owlrl,2,cloud
2.9841905,Cloud,replicated,P-FL-05,rdfs_owlrl,2,cloud
13.484404333333332,Cloud,replicated,P-MODEL-07,rdfs_owlrl,2,cloud
14.373815,Fog,replicated,P-DATA-03,rdfs_owlrl,2,fog
34.334019,Fog,replicated,P-GOV-03,rdfs_owlrl,2,fog
6.5508055,Fog,replicated,P-FL-01,rdfs_owlrl,2,fog
6.5508055,Fog,replicated,P-FL-03,rdfs_owlrl,2,fog
6.5508055,Fog,replicated,P-FL-05,rdfs_owlrl,2,fog
6.5508055,Fog,replicated,P-FL-07,rdfs_owlrl,2,fog
19.505056,Fog,replicated,P-INT-01,rdfs_owlrl,2,fog
12.616648,Fog,replicated,P-NODE-01,rdfs_owlrl,2,fog
12.616648,Fog,replicated,P-NODE-02,rdfs_owlrl,2,fog
11.714778,Fog,replicated,P-DATA-04,rdfs_owlrl,2,fog
11.714778,Fog,replicated,P-DATA-06,rdfs_owlrl,2,fog
20.536389,Fog,replicated,P-DATA-07,rdfs_owlrl,2,fog
28.027241,Fog,replicated,P-FL-04,rdfs_owlrl,2,fog
14.137519,Fog,replicated,P-VAL-07,rdfs_owlrl,2,fog
12.427824,Fog,replicated,P-MODEL-03,rdfs_owlrl,2,fog
12.427824,Fog,replicated,P-NODE-05,rdfs_owlrl,2,fog
3.776321,Fog,replicated,P-CONS-01,rdfs_owlrl,2,fog
3.776321,Fog,replicated,P-CONS-04,rdfs_owlrl,2,fog
3.776321,Fog,replicated,P-MODEL-06,rdfs_owlrl,2,fog
8.821611,Fog,replicated,P-DATA-05,rdfs_owlrl,2,fog
34.353213,Fog,replicated,P-AUD-05,rdfs_owlrl,2,fog
34.353213,Fog,replicated,P-AUD-07,rdfs_owlrl,2,fog
11.141111,Fog,replicated,P-ZONE-01,rdfs_owlrl,2,fog
14.9866855,Fog,replicated,P-CONS-02,rdfs_owlrl,2,fog
14.9866855,Fog,replicated,P-CONS-03,rdfs_owlrl,2,fog
23.08887,Fog,replicated,P-INT-02,rdfs_owlrl,2,fog
40.435259,Fog,replicated,P-ADAPT-06,rdfs_owlrl,2,fog
40.435259,Fog,replicated,P-AUD-06,rdfs_owlrl,2,fog
245.338037,Edge,replicated,P-AUD-07,rdfs_owlrl,2,edge1
57.872278,Edge,replicated,P-GOV-03,rdfs_owlrl,2,edge1
63.812445,Edge,replicated,P-VAL-07,rdfs_owlrl,2,edge1
5.431278,Edge,replicated,P-ZONE-01,rdfs_owlrl,2,edge1
5.431278,Edge,replicated,P-DATA-01,rdfs_owlrl,2,edge1
72.8142495,Edge,replicated,P-GOV-05,rdfs_owlrl,2,edge1
93.9181385,Edge,replicated,P-AUD-02,rdfs_owlrl,2,edge1
15.7017315,Edge,replicated,P-CONS-04,rdfs_owlrl,2,edge1
6.7116665,Edge,replicated,P-FL-02,rdfs_owlrl,2,edge1
19.344186,Edge,replicated,P-DATA-08,rdfs_owlrl,2,edge1
23.41687,Edge,replicated,P-ADAPT-04,rdfs_owlrl,2,edge1
23.41687,Edge,replicated,P-ADAPT-07,rdfs_owlrl,2,edge1
8.990065,Edge,replicated,P-CONS-01,rdfs_owlrl,2,edge1
41.737444,Edge,replicated,P-AUD-06,rdfs_owlrl,2,edge1
8.232351,Edge,replicated,P-ADAPT-05,rdfs_owlrl,2,edge1
26.8956485,Edge,replicated,P-GOV-01,rdfs_owlrl,2,edge1
26.8956485,Edge,replicated,P-GOV-04,rdfs_owlrl,2,edge1
6.839259,Edge,replicated,P-FL-01,rdfs_owlrl,2,edge1
15.5000925,Edge,replicated,P-MODEL-08,rdfs_owlrl,2,edge1
15.5000925,Edge,replicated,P-OPS-05,rdfs_owlrl,2,edge1
15.843593,Edge,replicated,P-DATA-03,rdfs_owlrl,2,edge2
57.428407,Edge,replicated,P-VAL-06,rdfs_owlrl,2,edge2
26.898888,Edge,replicated,P-CONS-05,rdfs_owlrl,2,edge2
22.1685,Edge,replicated,P-MODEL-08,rdfs_owlrl,2,edge2
123.45792499999999,Edge,replicated,P-NODE-03,rdfs_owlrl,2,edge2
91.32087,Edge,replicated,P-NODE-04,rdfs_owlrl,2,edge2
18.5022595,Edge,replicated,P-NODE-01,rdfs_owlrl,2,edge2
18.5022595,Edge,replicated,P-NODE-02,rdfs_owlrl,2,edge2
15.533315,Edge,replicated,P-GOV-01,rdfs_owlrl,2,edge2
8.5747685,Edge,replicated,P-ZONE-02,rdfs_owlrl,2,edge2
8.5747685,Edge,replicated,P-DATA-07,rdfs_owlrl,2,edge2
46.08887,Edge,replicated,P-CONS-01,rdfs_owlrl,2,edge2
16.136111,Edge,replicated,P-DATA-02,rdfs_owlrl,2,edge2
17.718759,Edge,replicated,P-DATA-09,rdfs_owlrl,2,edge2
8.025166666666667,Edge,replicated,P-AUD-01,rdfs_owlrl,2,edge2
8.025166666666667,Edge,replicated,P-AUD-02,rdfs_owlrl,2,edge2
8.025166666666667,Edge,replicated,P-AUD-03,rdfs_owlrl,2,edge2
14.719,Edge,replicated,P-OPS-02,rdfs_owlrl,2,edge2
16.3912225,Edge,replicated,P-MODEL-02,rdfs_owlrl,2,edge2
16.3912225,Edge,replicated,P-MODEL-03,rdfs_owlrl,2,edge2
7.586197666666667,Edge,replicated,P-ADAPT-02,rdfs_owlrl,2,edge2
7.586197666666667,Edge,replicated,P-ADAPT-03,rdfs_owlrl,2,edge2
7.586197666666667,Edge,replicated,P-ADAPT-06,rdfs_owlrl,2,edge2
168.422414,Edge,replicated,P-AUD-06,rdfs_owlrl,2,edge3
11.232353666666667,Edge,replicated,P-NODE-01,rdfs_owlrl,2,edge3
11.232353666666667,Edge,replicated,P-NODE-03,rdfs_owlrl,2,edge3
11.232353666666667,Edge,replicated,P-OPS-05,rdfs_owlrl,2,edge3
14.136462,Edge,replicated,P-VAL-01,rdfs_owlrl,2,edge3
14.136462,Edge,replicated,P-VAL-04,rdfs_owlrl,2,edge3
29.254,Edge,replicated,P-FL-08,rdfs_owlrl,2,edge3
213.686545,Edge,replicated,P-GOV-05,rdfs_owlrl,2,edge3
15.819168,Edge,replicated,P-CONS-05,rdfs_owlrl,2,edge3
5.4160625,Edge,replicated,P-DATA-03,rdfs_owlrl,2,edge3
5.4160625,Edge,replicated,P-DATA-05,rdfs_owlrl,2,edge3
7.600602,Edge,replicated,P-ZONE-03,rdfs_owlrl,2,edge3
7.600602,Edge,replicated,P-CONS-04,rdfs_owlrl,2,edge3
10.9344485,Edge,replicated,P-OPS-02,rdfs_owlrl,2,edge3
10.9344485,Edge,replicated,P-OPS-03,rdfs_owlrl,2,edge3
59.331982,Edge,replicated,P-CONS-02,rdfs_owlrl,2,edge3
16.114613,Edge,replicated,P-MODEL-01,rdfs_owlrl,2,edge3
8.472844,Edge,replicated,P-ADAPT-06,rdfs_owlrl,2,edge3
178.005296,Edge,replicated,P-VAL-08,rdfs_owlrl,2,edge3
9.729407333333333,Edge,replicated,P-FL-02,rdfs_owlrl,2,edge3
9.729407333333333,Edge,replicated,P-FL-04,rdfs_owlrl,2,edge3
9.729407333333333,Edge,replicated,P-FL-07,rdfs_owlrl,2,edge3
34.489839,Edge,replicated,P-MODEL-05,rdfs_owlrl,2,edge3
25.436983,Cloud,replicated,P-DATA-01,rdfs_owlrl,3,cloud
37.990167500000005,Cloud,replicated,P-ZONE-01,rdfs_owlrl,3,cloud
1.697209,Cloud,replicated,P-NODE-01,rdfs_owlrl,3,cloud
91.414224,Cloud,replicated,P-VAL-06,rdfs_owlrl,3,cloud
9.585741,Cloud,replicated,P-FL-08,rdfs_owlrl,3,cloud
23.218828333333335,Cloud,replicated,P-DATA-02,rdfs_owlrl,3,cloud
8.343727000000001,Cloud,replicated,P-OPS-05,rdfs_owlrl,3,cloud
1.8838343333333334,Cloud,replicated,P-DATA-03,rdfs_owlrl,3,cloud
20.525981333333334,Cloud,replicated,P-DATA-10,rdfs_owlrl,3,cloud
3.38171,Cloud,replicated,P-GOV-05,rdfs_owlrl,3,cloud
8.03936,Cloud,replicated,P-CONS-02,rdfs_owlrl,3,cloud
8.03936,Cloud,replicated,P-CONS-03,rdfs_owlrl,3,cloud
36.108078500000005,Cloud,replicated,P-CONS-04,rdfs_owlrl,3,cloud
7.28943,Cloud,replicated,P-DATA-04,rdfs_owlrl,3,cloud
25.838884,Cloud,replicated,P-GOV-03,rdfs_owlrl,3,cloud
25.040382,Cloud,replicated,P-AUD-05,rdfs_owlrl,3,cloud
9.2648465,Cloud,replicated,P-CONS-01,rdfs_owlrl,3,cloud
5.470997,Cloud,replicated,P-DATA-08,rdfs_owlrl,3,cloud
4.1086625,Cloud,replicated,P-ZONE-02,rdfs_owlrl,3,cloud
4.1086625,Cloud,replicated,P-DATA-07,rdfs_owlrl,3,cloud
12.720385833333333,Cloud,replicated,P-NODE-02,rdfs_owlrl,3,cloud
5.046257833333334,Cloud,replicated,P-NODE-05,rdfs_owlrl,3,cloud
1.7822243333333334,Cloud,replicated,P-MODEL-03,rdfs_owlrl,3,cloud
5.894674833333333,Cloud,replicated,P-MODEL-01,rdfs_owlrl,3,cloud
16.965486000000002,Cloud,replicated,P-ADAPT-02,rdfs_owlrl,3,cloud
16.965486000000002,Cloud,replicated,P-AUD-01,rdfs_owlrl,3,cloud
1.286497,Cloud,replicated,P-AUD-04,rdfs_owlrl,3,cloud
3.9236095000000004,Cloud,replicated,P-OPS-01,rdfs_owlrl,3,cloud
23.491363166666666,Cloud,replicated,P-VAL-03,rdfs_owlrl,3,cloud
8.104892833333334,Cloud,replicated,P-AUD-06,rdfs_owlrl,3,cloud
23.693921333333336,Cloud,replicated,P-MODEL-05,rdfs_owlrl,3,cloud
1.60201,Cloud,replicated,P-ADAPT-01,rdfs_owlrl,3,cloud
18.9666535,Cloud,replicated,P-ADAPT-05,rdfs_owlrl,3,cloud
15.499601,Cloud,replicated,P-ADAPT-06,rdfs_owlrl,3,cloud
3.0968276666666665,Cloud,replicated,P-VAL-04,rdfs_owlrl,3,cloud
3.0968276666666665,Cloud,replicated,P-VAL-07,rdfs_owlrl,3,cloud
12.320621,Cloud,replicated,P-MODEL-04,rdfs_owlrl,3,cloud
1.8694276666666667,Cloud,replicated,P-FL-01,rdfs_owlrl,3,cloud
1.8694276666666667,Cloud,replicated,P-FL-06,rdfs_owlrl,3,cloud
1.8694276666666667,Cloud,replicated,P-FL-07,rdfs_owlrl,3,cloud
19.933341,Cloud,replicated,P-GOV-01,rdfs_owlrl,3,cloud
19.933341,Cloud,replicated,P-GOV-04,rdfs_owlrl,3,cloud
3.4943185,Cloud,replicated,P-FL-02,rdfs_owlrl,3,cloud
6.1672355,Cloud,replicated,P-FL-03,rdfs_owlrl,3,cloud
2.672917,Cloud,replicated,P-FL-05,rdfs_owlrl,3,cloud
2.937261,Cloud,replicated,P-MODEL-07,rdfs_owlrl,3,cloud
12.96363,Fog,replicated,P-DATA-03,rdfs_owlrl,3,fog
35.004426,Fog,replicated,P-GOV-03,rdfs_owlrl,3,fog
6.4381805,Fog,replicated,P-FL-01,rdfs_owlrl,3,fog
6.4381805,Fog,replicated,P-FL-03,rdfs_owlrl,3,fog
6.4381805,Fog,replicated,P-FL-05,rdfs_owlrl,3,fog
6.4381805,Fog,replicated,P-FL-07,rdfs_owlrl,3,fog
19.592296,Fog,replicated,P-INT-01,rdfs_owlrl,3,fog
12.971574,Fog,replicated,P-NODE-01,rdfs_owlrl,3,fog
12.971574,Fog,replicated,P-NODE-02,rdfs_owlrl,3,fog
11.530889,Fog,replicated,P-DATA-04,rdfs_owlrl,3,fog
11.530889,Fog,replicated,P-DATA-06,rdfs_owlrl,3,fog
21.0230185,Fog,replicated,P-DATA-07,rdfs_owlrl,3,fog
27.940223,Fog,replicated,P-FL-04,rdfs_owlrl,3,fog
14.417352,Fog,replicated,P-VAL-07,rdfs_owlrl,3,fog
13.994037,Fog,replicated,P-MODEL-03,rdfs_owlrl,3,fog
13.994037,Fog,replicated,P-NODE-05,rdfs_owlrl,3,fog
4.038160666666667,Fog,replicated,P-CONS-01,rdfs_owlrl,3,fog
4.038160666666667,Fog,replicated,P-CONS-04,rdfs_owlrl,3,fog
4.038160666666667,Fog,replicated,P-MODEL-06,rdfs_owlrl,3,fog
9.4921295,Fog,replicated,P-DATA-05,rdfs_owlrl,3,fog
35.267509,Fog,replicated,P-AUD-05,rdfs_owlrl,3,fog
35.267509,Fog,replicated,P-AUD-07,rdfs_owlrl,3,fog
11.414519,Fog,replicated,P-ZONE-01,rdfs_owlrl,3,fog
14.993389,Fog,replicated,P-CONS-02,rdfs_owlrl,3,fog
14.993389,Fog,replicated,P-CONS-03,rdfs_owlrl,3,fog
23.72787,Fog,replicated,P-INT-02,rdfs_owlrl,3,fog
41.3825925,Fog,replicated,P-ADAPT-06,rdfs_owlrl,3,fog
41.3825925,Fog,replicated,P-AUD-06,rdfs_owlrl,3,fog
123.199963,Edge,replicated,P-AUD-07,rdfs_owlrl,3,edge1
57.245833,Edge,replicated,P-GOV-03,rdfs_owlrl,3,edge1
200.750797,Edge,replicated,P-VAL-07,rdfs_owlrl,3,edge1
5.343491,Edge,replicated,P-ZONE-01,rdfs_owlrl,3,edge1
5.343491,Edge,replicated,P-DATA-01,rdfs_owlrl,3,edge1
73.7950275,Edge,replicated,P-GOV-05,rdfs_owlrl,3,edge1
96.5030275,Edge,replicated,P-AUD-02,rdfs_owlrl,3,edge1
15.8411855,Edge,replicated,P-CONS-04,rdfs_owlrl,3,edge1
6.9163335,Edge,replicated,P-FL-02,rdfs_owlrl,3,edge1
19.01226,Edge,replicated,P-DATA-08,rdfs_owlrl,3,edge1
23.3601205,Edge,replicated,P-ADAPT-04,rdfs_owlrl,3,edge1
23.3601205,Edge,replicated,P-ADAPT-07,rdfs_owlrl,3,edge1
8.924852,Edge,replicated,P-CONS-01,rdfs_owlrl,3,edge1
41.414426,Edge,replicated,P-AUD-06,rdfs_owlrl,3,edge1
8.037518,Edge,replicated,P-ADAPT-05,rdfs_owlrl,3,edge1
26.5763425,Edge,replicated,P-GOV-01,rdfs_owlrl,3,edge1
26.5763425,Edge,replicated,P-GOV-04,rdfs_owlrl,3,edge1
6.696111,Edge,replicated,P-FL-01,rdfs_owlrl,3,edge1
15.9095,Edge,replicated,P-MODEL-08,rdfs_owlrl,3,edge1
15.9095,Edge,replicated,P-OPS-05,rdfs_owlrl,3,edge1
16.390518,Edge,replicated,P-DATA-03,rdfs_owlrl,3,edge2
54.535648,Edge,replicated,P-VAL-06,rdfs_owlrl,3,edge2
26.455352,Edge,replicated,P-CONS-05,rdfs_owlrl,3,edge2
20.814926,Edge,replicated,P-MODEL-08,rdfs_owlrl,3,edge2
45.8779545,Edge,replicated,P-NODE-03,rdfs_owlrl,3,edge2
14.2066575,Edge,replicated,P-NODE-04,rdfs_owlrl,3,edge2
97.5263515,Edge,replicated,P-NODE-01,rdfs_owlrl,3,edge2
97.5263515,Edge,replicated,P-NODE-02,rdfs_owlrl,3,edge2
15.070056,Edge,replicated,P-GOV-01,rdfs_owlrl,3,edge2
8.783963,Edge,replicated,P-ZONE-02,rdfs_owlrl,3,edge2
8.783963,Edge,replicated,P-DATA-07,rdfs_owlrl,3,edge2
46.318935499999995,Edge,replicated,P-CONS-01,rdfs_owlrl,3,edge2
16.5678795,Edge,replicated,P-DATA-02,rdfs_owlrl,3,edge2
17.142148,Edge,replicated,P-DATA-09,rdfs_owlrl,3,edge2
8.237024666666667,Edge,replicated,P-AUD-01,rdfs_owlrl,3,edge2
8.237024666666667,Edge,replicated,P-AUD-02,rdfs_owlrl,3,edge2
8.237024666666667,Edge,replicated,P-AUD-03,rdfs_owlrl,3,edge2
14.720352,Edge,replicated,P-OPS-02,rdfs_owlrl,3,edge2
16.425815,Edge,replicated,P-MODEL-02,rdfs_owlrl,3,edge2
16.425815,Edge,replicated,P-MODEL-03,rdfs_owlrl,3,edge2
7.617845666666667,Edge,replicated,P-ADAPT-02,rdfs_owlrl,3,edge2
7.617845666666667,Edge,replicated,P-ADAPT-03,rdfs_owlrl,3,edge2
7.617845666666667,Edge,replicated,P-ADAPT-06,rdfs_owlrl,3,edge2
45.243297,Edge,replicated,P-AUD-06,rdfs_owlrl,3,edge3
11.111421333333332,Edge,replicated,P-NODE-01,rdfs_owlrl,3,edge3
11.111421333333332,Edge,replicated,P-NODE-03,rdfs_owlrl,3,edge3
11.111421333333332,Edge,replicated,P-OPS-05,rdfs_owlrl,3,edge3
77.423523,Edge,replicated,P-VAL-01,rdfs_owlrl,3,edge3
77.423523,Edge,replicated,P-VAL-04,rdfs_owlrl,3,edge3
28.798592,Edge,replicated,P-FL-08,rdfs_owlrl,3,edge3
211.669024,Edge,replicated,P-GOV-05,rdfs_owlrl,3,edge3
15.708445,Edge,replicated,P-CONS-05,rdfs_owlrl,3,edge3
5.5407105,Edge,replicated,P-DATA-03,rdfs_owlrl,3,edge3
5.5407105,Edge,replicated,P-DATA-05,rdfs_owlrl,3,edge3
7.4926855,Edge,replicated,P-ZONE-03,rdfs_owlrl,3,edge3
7.4926855,Edge,replicated,P-CONS-04,rdfs_owlrl,3,edge3
11.010847,Edge,replicated,P-OPS-02,rdfs_owlrl,3,edge3
11.010847,Edge,replicated,P-OPS-03,rdfs_owlrl,3,edge3
59.318223,Edge,replicated,P-CONS-02,rdfs_owlrl,3,edge3
16.762725,Edge,replicated,P-MODEL-01,rdfs_owlrl,3,edge3
8.043436,Edge,replicated,P-ADAPT-06,rdfs_owlrl,3,edge3
179.073669,Edge,replicated,P-VAL-08,rdfs_owlrl,3,edge3
9.439277,Edge,replicated,P-FL-02,rdfs_owlrl,3,edge3
9.439277,Edge,replicated,P-FL-04,rdfs_owlrl,3,edge3
9.439277,Edge,replicated,P-FL-07,rdfs_owlrl,3,edge3
34.533302,Edge,replicated,P-MODEL-05,rdfs_owlrl,3,edge3
